"1.4580842294015568, 3.2746110370360952"
"1.4564005892025271, 3.378805568756434"
"1.1685016981594885, 3.5956132833219385"
"0.9440354912149402, 3.731089826907059"
"0.7606859357003657, 3.8382109159950772"
"0.5973553031520424, 3.913257135410497"
"0.4438566858865727, 3.986184535809617"
"0.33955311283509104, 4.193003949114182"
"0.2500922814511668, 4.371117196175916"
"0.16584219525224597, 4.506492489060063"
"0.09344419729180231, 4.626856397961051"
"0.05089846112007024, 4.728919482119757"
"0.06450215860252229, 4.779004905228451"
"0.07728302563627665, 4.824370607695098"
"0.09808219703429444, 4.871493688413265"
"0.12262991170551629, 4.909061457492276"
"0.13274628962479795, 4.933442292467415"
"0.2208187559710879, 4.882657893213388"
"0.31685660123719117, 4.841266294633808"
"0.4099080340971284, 4.803417330701732"
"0.49875012189333745, 4.768647544351914"
"0.5828364831604986, 4.736574963036974"
"0.5703849804155325, 4.716518585292528"
"0.5488324725596598, 4.691634516964379"
"0.5271497170879513, 4.666287500210714"
"0.505345345275181, 4.640455904267769"
"0.47955882237498315, 4.622334794546363"
"0.38929657560091613, 4.573853447743781"
"0.2978191293843011, 4.521598198765082"
"0.21120577318793465, 4.469681002004762"
"0.1263393525113372, 4.413267911654467"
"0.04232168149330562, 4.346567902145454"
"-0.002391485844128738, 4.382303863543985"
"-0.04269757525648288, 4.419532499368676"
"-0.078782919529786, 4.452969270412041"
"-0.10416397412156186, 4.4879200559982735"
"-0.11368101496903193, 4.530138032669024"
"-0.11153225319758064, 4.512398963935333"
"-0.10829218154884757, 4.49485269641108"
"-0.10405164107798726, 4.477493953864249"
"-0.09889437634795684, 4.460317725712841"
"-0.09457453121248705, 4.437811289763477"
"-0.08258892995175415, 4.383592371584649"
"-0.07297845760173516, 4.3352632824423445"
"-0.05767069644011258, 4.281760141840234"
"-0.04613477802514865, 4.23407132390896"
"-0.03399450183258068, 4.186657897515712"
"-0.015381808383878592, 4.171189690222249"
"0.004306784637179817, 4.143721873267779"
"0.02135907134277204, 4.123448567612559"
"0.04955242278542471, 4.103511507552717"
"0.07900196467270604, 4.08390124845317"
"0.2056199502686198, 4.127032675339898"
"0.3567079175793353, 4.174649161762531"
"0.523488940864766, 4.225075621839689"
"0.6938869954678779, 4.258816798069706"
"0.86513935798056, 4.301630368617404"
"1.238831443606884, 4.3666066870584235"
"1.5904659399547185, 4.42677873933275"
"1.9052488411633632, 4.477835494006266"
"2.1979923248657514, 4.529598524768865"
"2.4568644243327995, 4.573658475488539"
"2.83756049887843, 4.5155931647187355"
"3.171157879274876, 4.460142346105776"
"3.4671066622147695, 4.407070338618837"
"3.7286824274155386, 4.35977714055117"
"3.9720669423706862, 4.3108348094794415"
"4.105763286551161, 4.256174549790515"
"4.2379872867582336, 4.2004645499143365"
"4.3691631317357125, 4.143635775265988"
"4.503767803627232, 4.081855204034579"
"4.638010219329993, 4.018687649155346"
"4.719054211997587, 3.9243072164104547"
"4.804124784985669, 3.821388642751817"
"4.8931466288189025, 3.7201582264243633"
"4.970091587366653, 3.6196056334492503"
"5.051433282708335, 3.509439438526737"
"5.113864615033708, 3.5016642496147803"
"5.172336776030308, 3.4999824926774785"
"5.218892102409173, 3.481534967136671"
"5.278609112429341, 3.478109797968589"
"5.334293323377523, 3.4701811742613096"
"5.4338211089295125, 3.4375004951358505"
"5.536596711429937, 3.4037082134511394"
"5.651887391630517, 3.3801947030447295"
"5.766228155454558, 3.339423703406567"
"5.884684475605414, 3.3091485800446634"
"5.902603043099596, 3.299231598471696"
"5.920533826711538, 3.2892964338295805"
"5.938476989835521, 3.2793431171742533"
"5.961779175213229, 3.26226918797979"
"5.979761874880484, 3.252257944516465"
"6.017496145302277, 3.2872180695802733"
"6.05984088851031, 3.3170067264375724"
"6.1025946718545745, 3.358459774966107"
"6.13591164755318, 3.399515922684369"
"6.183716836429848, 3.435351059675721"
"6.213386902872408, 3.4229122482065044"
"6.249056249872636, 3.4152371001038695"
"6.290897247328375, 3.3888237192018416"
"6.327373929602042, 3.3689770010534517"
"6.353943362401473, 3.348874199645863"
"6.331734004556742, 3.315736375960423"
"6.293773782725292, 3.289632680641823"
"6.256270493385965, 3.2634979450668773"
"6.223508279674062, 3.2445800371901186"
"6.1924957224993395, 3.2235195924030116"
"6.085265316357846, 3.2630470824520863"
"5.985854576810567, 3.2946784098940256"
"5.883318301833731, 3.332565743336211"
"5.793266396510283, 3.3676621375159996"
"5.699912675752802, 3.3973012424376385"
"5.63452362951936, 3.428206706386721"
"5.5654685254807355, 3.453837602317911"
"5.497703177378972, 3.4789522700291897"
"5.4265164814894415, 3.499056657508877"
"5.361252907891988, 3.523237593917475"
"5.298808891393095, 3.531546658071999"
"5.24554292736011, 3.5501972431724305"
"5.192894083440994, 3.5685940718766247"
"5.133018622074038, 3.585174456261722"
"5.077655283739465, 3.597274607870048"
"5.035257361177623, 3.613507676950661"
"4.989326514459803, 3.62381948779111"
"4.943749041256568, 3.634042817439582"
"4.906267283875293, 3.6456527669146865"
"4.865218846832054, 3.6612995851327845"
"4.857234751120821, 3.6612995851327845"
"4.849023407092783, 3.6627475963265077"
"4.837176681522383, 3.6668969774781033"
"4.829205742867438, 3.666896977478107"
"4.821026690102199, 3.6683376593901222"
"4.813066794450589, 3.6683376593901222"
"4.805309551193583, 3.666896977478107"
"4.797154952147202, 3.668337659390133"
"4.789202865980218, 3.6683376593901222"
"4.785320879116648, 3.662747596326497"
"4.769596484102937, 3.6710427016834792"
"4.7538596797808035, 3.679323192445196"
"4.74216637640765, 3.682032821154362"
"4.7263984661781215, 3.6903005386774446"
"4.7106165636776405, 3.7081902212909945"
"4.7104809645945, 3.74773585857427"
"4.7103455506362435, 3.78663859191251"
"4.698356689396118, 3.819690620111089"
"4.694197436715391, 3.853524270735374"
"4.682235329153356, 3.876697773093017"
"4.68188834555149, 3.915840721372682"
"4.677649162654678, 3.949339374355084"
"4.6851993042171305, 3.987108782684743"
"4.692720265644938, 4.024177608397615"
"4.704206478424121, 4.0724757291879"
"4.716207848104528, 4.09976069135611"
"4.73983343498944, 4.132218282967919"
"4.759618718295571, 4.167818591376285"
"4.76785185397053, 4.197772121344766"
"4.779793479806447, 4.224792400692213"
"4.782737095780091, 4.271597346741263"
"4.782007833219534, 4.319934246433078"
"4.781101769074785, 4.360527653960714"
"4.788005366062264, 4.407509370568238"
"4.787085192927237, 4.446367423233754"
"4.781667991768312, 4.482981169171216"
"4.776312372582774, 4.511911762055087"
"4.77101727025361, 4.547044793435518"
"4.765781644458002, 4.574773722544199"
"4.764465358475952, 4.605053158634123"
"4.759801522601156, 4.669364794298735"
"4.751341928532976, 4.735620774162895"
"4.7504215799133735, 4.800498987724495"
"4.745711844314407, 4.867397623377469"
"4.741041629525216, 4.933171179842223"
"4.744820370501454, 4.98465383214557"
"4.748601976107431, 5.036002052755439"
"4.7487525472040435, 5.084212282769089"
"4.748903310259153, 5.132468904490109"
"4.745413928066623, 5.177771026949738"
"4.748601976107431, 5.229491363611914"
"4.751776240681874, 5.281169966177197"
"4.7513206095494365, 5.329839404705101"
"4.750866708527998, 5.3786004422334495"
"4.757618171324145, 5.43356507534114"
"4.754629521115882, 5.480527792867578"
"4.751624170792124, 5.528145189608559"
"4.752233611849562, 5.579557003758398"
"4.752846164090328, 5.63177123585973"
"4.749811940381504, 5.681701290992925"
"4.7460105227575085, 5.691404453399186"
"4.7422120019469896, 5.7011226734319775"
"4.738416366834533, 5.710856174419836"
"4.73462360632352, 5.720605176755677"
"4.727183895476603, 5.727212827145868"
"4.726909609200615, 5.700282278817181"
"4.7229934497750055, 5.676973792122547"
"4.722725122528004, 5.6504666321757675"
"4.722457477359826, 5.6241778967010685"
"4.725819426103439, 5.601191222762513"
"4.72944644140998, 5.55973009351986"
"4.732931544647147, 5.518474103605359"
"4.732791700736913, 5.480787236945377"
"4.736410425827931, 5.440347901111018"
"4.736268504702328, 5.403229240954028"
"4.736552526840641, 5.378791968213308"
"4.736979912632279, 5.35442291316791"
"4.741041629525214, 5.326959674579641"
"4.74133310455953, 5.302544652285473"
"4.749054265640571, 5.2781299999999955"
"4.752386457306212, 5.305592013837144"
"4.762957964290775, 5.326897701570003"
"4.766257145508256, 5.35432606498522"
"4.769546306985622, 5.381763105385831"
"4.772990475975208, 5.403149747591012"
"4.772990475975208, 5.471133786973461"
"4.7729904759752095, 5.546206675941624"
"4.776595790089344, 5.619069609225938"
"4.780199316648891, 5.6930196576835"
"4.780029860824528, 5.771315864306798"
"4.7795227775225495, 5.810090583882151"
"4.77167648403003, 5.84238300141841"
"4.767604550759551, 5.878383328971635"
"4.759810938958666, 5.910986609954375"
"4.752048605286315, 5.943737071416111"
"4.745044917277613, 5.951483306005169"
"4.748919557745233, 5.9624735116550065"
"4.7490682096924, 5.969829018669115"
"4.745630307251244, 5.980905690688865"
"4.7495152880144165, 5.992034885808524"
"4.753560092348422, 5.9897708113082055"
"4.754323003990277, 5.985225259616333"
"4.7550907550828505, 5.980656349080252"
"4.763277073777266, 5.9760638914522675"
"4.764078413553351, 5.971447696231661"
"4.777013579109651, 5.951827754550311"
"4.782409959740651, 5.938627231495733"
"4.791576900024261, 5.921554870267091"
"4.800854696825701, 5.904357141315967"
"4.806502091343243, 5.890786573471222"
"4.815987470713588, 5.740681643956655"
"4.833157830715057, 5.587041369911452"
"4.842922113742726, 5.44310645612756"
"4.856865092472531, 5.297492965749729"
"4.8745968825803825, 5.149076510184667"
"4.916225691988313, 4.9674652165971604"
"4.958656270248097, 4.781270373841842"
"5.0016631146819295, 4.5794868937168225"
"5.0367172485021445, 4.3716495520667795"
"5.076911168329158, 4.140018885519215"
"5.067080225922949, 3.975220628432382"
"5.048478852778129, 3.79872851183271"
"5.033734384225396, 3.6137364679524815"
"5.023254437723414, 3.4072389248001187"
"5.008337342066673, 3.190105693839236"
"4.956312387693087, 3.130903270747563"
"4.90914842491178, 3.0761154071746475"
"4.866690600593207, 3.0258857879044214"
"4.824615765162676, 2.975262294913371"
"4.778758120030001, 2.9191325106578034"
"4.77857271507722, 2.8961144560279806"
"4.774246032847658, 2.8678151160888063"
"4.765797397307293, 2.8341621239231998"
"4.761496386926697, 2.805523133268295"
"4.757204919789237, 2.7767286567858207"
"4.733633432016036, 2.7792755619140195"
"4.714067837179084, 2.7871015781148643"
"4.694390692392878, 2.7949606801969153"
"4.666348847664191, 2.7922821042961417"
"4.6464335979101055, 2.8001908267226057"
"4.6302003989808584, 2.7975323175230784"
"4.613948629295204, 2.794868244738204"
"4.597677592123016, 2.7921985930840307"
"4.585499962775407, 2.794844932814634"
"4.569184932061945, 2.7921705601238855"
"4.577276219531915, 2.810783393128048"
"4.5853453340425085, 2.8292543355645634"
"4.589344531269113, 2.8528289265990594"
"4.597377940163795, 2.870992295215835"
"4.6013552568942355, 2.8812907954277946"
"4.589182331283421, 2.8993887198716735"
"4.5810953298039845, 2.922572469668438"
"4.577047795920369, 2.9404985821578222"
"4.5689445958442905, 2.9634707667991904"
"4.56488890303785, 2.993812525662186"
"4.568944595844294, 3.013789162091335"
"4.568904735784284, 3.0285932296509657"
"4.568864931404599, 3.0433126569988005"
"4.572869698865942, 3.065233968415498"
"4.572827198788789, 3.079743546243435"
"4.5849361503891055, 3.077030415968565"
"4.601106205833311, 3.0792889940388903"
"4.617256718871978, 3.0815428987820326"
"4.625285435258615, 3.0716145093359657"
"4.641402344166258, 3.073875816348817"
"4.649501868892554, 3.073875816348796"
"4.6535028815167285, 3.0689117238077586"
"4.661497518178223, 3.07117438485448"
"4.66959181240116, 3.071174384854409"
"4.673583347708305, 3.0662123773664476"
"4.681559197754199, 3.068476385511687"
"4.689525497858821, 3.070735726534217"
"4.6935050955091855, 3.0657818137651347"
"4.701457243124781, 3.0680424965646793"
"4.705295852568624, 3.0774858791932758"
"4.6973538081340696, 3.0752404601854835"
"4.689402408724032, 3.0729904136884443"
"4.681441563367482, 3.070735726534217"
"4.673471180122409, 3.0684763855116586"
"4.669591812401167, 3.058971719065177"
"4.673583347708313, 3.0783844328896635"
"4.673359168174155, 3.107019163941544"
"4.673247311539632, 3.133159668335111"
"4.669046179971748, 3.1542097870922667"
"4.66485413433245, 3.175079368170632"
"4.664642963863133, 3.2026271783907028"
"4.668612387054359, 3.2210401794801093"
"4.668396388073146, 3.236619647822863"
"4.6763172568753335, 3.26148145832439"
"4.684228661632131, 3.2861088795447593"
"4.68039015470719, 3.254789597994197"
"4.676544060108799, 3.22308124221162"
"4.676771490401441, 3.195769878719691"
"4.672912670292734, 3.1633132298440785"
"4.669046179971748, 3.13045478578157"
"4.657198678200147, 3.0828744745612298"
"4.645405570373288, 3.044428227090002"
"4.633557554881534, 2.9928680155196403"
"4.625680952885672, 2.94784962716205"
"4.609625867811688, 2.8891563521696497"
"4.613805810298188, 2.8788737436355945"
"4.613805810298188, 2.8658741996412473"
"4.613805810298188, 2.8658741996412473"
"4.609762679146235, 2.8580698738021795"
"4.613877169773673, 2.8633071175896063"
"4.626159233242345, 2.881544443188922"
"4.646716724071814, 2.884218814628966"
"4.663178156029279, 2.8946521283228748"
"4.679668357100982, 2.9050702932364274"
"4.6961880770030735, 2.9154732172026385"
"4.717495884831586, 2.9468291572308303"
"4.730552212922669, 2.9805862393768834"
"4.7521677901791115, 3.0118372722481226"
"4.773968900288813, 3.04304818856329"
"4.791666465751041, 3.069099366685215"
"4.788881792505269, 3.1258612195523625"
"4.794567248973326, 3.1903280460838914"
"4.791806298385352, 3.2428422540994006"
"4.793033566079405, 3.300085520438838"
"4.794429867576586, 3.353315477588847"
"4.8020216714664095, 3.474590763062807"
"4.805509804265557, 3.5863018813196454"
"4.813066794450592, 3.6973540111421137"
"4.82081604726726, 3.8023625583912875"
"4.832425108069186, 3.9081500994144953"
"4.836070185347199, 4.026472764632235"
"4.839708466027444, 4.139339589473355"
"4.843115045071664, 4.248091137120753"
"4.838598157771359, 4.352278020515962"
"4.841994968892969, 4.445278543358633"
"4.82811865314987, 4.628067807907145"
"4.8144258678610115, 4.794070173121579"
"4.7973284228480475, 4.956308958339482"
"4.78793870260474, 5.1148965631495145"
"4.7788376583789525, 5.278130000000002"
"4.763538768328042, 5.372806272142194"
"4.7482481616048755, 5.47514211515655"
"4.736711700884669, 5.575910233097573"
"4.7175550818837815, 5.671974509501276"
"4.694549745196284, 5.773317698776649"
"4.6967294324641875, 5.71146169903641"
"4.698871489683052, 5.651517857964682"
"4.700976884390731, 5.59335510676088"
"4.706789996390627, 5.5400793910267305"
"4.7123838155502025, 5.4880594254912936"
"4.711384329873321, 5.524021219851542"
"4.70671933997785, 5.562877644320888"
"4.705758064741541, 5.598614089829846"
"4.704806238487776, 5.634260958539821"
"4.700360866436976, 5.666827522772094"
"4.696292854108894, 5.712708488339955"
"4.692247473858361, 5.758822038415513"
"4.684641214716588, 5.808220848238078"
"4.677082195703223, 5.857915769452489"
"4.66956991431399, 5.90792654979454"
"4.666574596788341, 5.979561035075967"
"4.667136918608733, 6.049875873606439"
"4.667703346828875, 6.122023681721938"
"4.668273926622191, 6.196096656599131"
"4.668848703827534, 6.2721865922183895"
"4.669913518499459, 6.331708847995181"
"4.6709928906534675, 6.392989038059866"
"4.67208712106816, 6.456105396420021"
"4.6731965188708235, 6.521138804813271"
"4.6743214018294506, 6.588172869364536"
"4.682036520329243, 6.574740411013845"
"4.686127225321245, 6.565865681822682"
"4.690236589409019, 6.556970899768901"
"4.698034478108085, 6.543497071152522"
"4.705863892394797, 6.530016688218035"
"4.702310921689728, 6.511076981352348"
"4.706112812449601, 6.483210375207341"
"4.702433132767443, 6.463539575145827"
"4.69887148968306, 6.444819688372273"
"4.6953033187550375, 6.426152272287724"
"4.691497431668356, 6.42174651090218"
"4.687694349058519, 6.425301164292087"
"4.691382072766346, 6.420899451312408"
"4.691266862092842, 6.420053659662077"
"4.676196379321409, 6.41128146801549"
"4.668519743044701, 6.409609723576725"
"4.6571831865606965, 6.404413129512154"
"4.645785346847157, 6.406281156768897"
"4.630749257678144, 6.404624290151363"
"4.630597879422145, 6.410832829694067"
"4.626704084975027, 6.40483425427418"
"4.626485521643618, 6.394548476597022"
"4.61895417769089, 6.385133785805631"
"4.61509792562788, 6.3792430886327285"
"4.614902412910315, 6.369120776032631"
"4.614707639882325, 6.343719748903412"
"4.607242092731811, 6.319323946544327"
"4.607122212272474, 6.287606716181041"
"4.60700263300642, 6.256226389149168"
"4.603258008656024, 6.229208104373793"
"4.592318719979731, 6.211085637171264"
"4.585007427987946, 6.196382978558366"
"4.577696604555514, 6.181736409213635"
"4.570386187825705, 6.167145528258741"
"4.566713920511577, 6.148681244828596"
"4.562788826485666, 6.190620016861143"
"4.551650278412023, 6.231906706712245"
"4.544244192991137, 6.277178096675311"
"4.54050160900529, 6.319137475452786"
"4.529687098572628, 6.3685694770228185"
"4.53330123425812, 6.2941491918113375"
"4.540519160666203, 6.22467394019538"
"4.547781619860193, 6.148895369500236"
"4.551478503705565, 6.077358668211559"
"4.558817889495449, 6.003539092728368"
"4.57367320754968, 5.885871658741111"
"4.592419758994185, 5.766881095043741"
"4.607724649381839, 5.652599488316492"
"4.626996803622101, 5.530095751770141"
"4.639073557279483, 5.414856220381332"
"4.654872595258579, 5.278130000000006"
"4.670861272380045, 5.141543450848033"
"4.687043651246226, 5.003808988914974"
"4.699525806335761, 4.873079934500616"
"4.719868666372967, 4.732094245509396"
"4.760619584133363, 4.620431856145274"
"4.802142326212402, 4.50340621519635"
"4.8444692375996565, 4.379857106661257"
"4.887634366632575, 4.248482499717213"
"4.93589074310321, 4.111524206422395"
"4.944035827408204, 4.061067074496563"
"4.9521848112734945, 4.009596935982309"
"4.964573478973446, 3.9520780875367123"
"4.976655834472886, 3.8943846450080706"
"4.9805745197887035, 3.8354010985532945"
"4.996907702499254, 3.8074299798627145"
"5.013258199742879, 3.7791526367488366"
"5.02962653354335, 3.750563732889365"
"5.046386892201284, 3.7202592049717964"
"5.062804217140771, 3.6909955391293785"
"5.050677935795653, 3.645737784677376"
"5.04247109726637, 3.6055138003474205"
"5.029988470065815, 3.570613239914181"
"5.013608438083775, 3.529266297676422"
"5.001506095246646, 3.4811489394158244"
"5.010386679073028, 3.4240939819675944"
"5.006807616383737, 3.3611114398241533"
"5.003221957312464, 3.296612276827286"
"5.003566581374119, 3.237372156375457"
"5.008197883398623, 3.1817275542728076"
"4.995691052807395, 3.1412944675993444"
"4.991750696552788, 3.0981531465521"
"4.9878086014837315, 3.066644380739639"
"4.975646107881007, 3.0224568098259965"
"4.959221381345317, 2.9725811830293836"
"4.9300775975304205, 2.9824365255596135"
"4.913433030800529, 2.9972888530980626"
"4.884461698777082, 2.994609208158863"
"4.871611687504747, 3.0066973716440657"
"4.8548773422049365, 3.023696626853706"
"4.85046802570479, 3.0577186186237526"
"4.833597091749973, 3.0886440197682816"
"4.837300093169129, 3.121843791982574"
"4.8170190314496395, 3.152512407139529"
"4.812675841881477, 3.184956531657143"
"4.808342387500802, 3.2054666193687"
"4.808342387500802, 3.2170051982343146"
"4.800100808410606, 3.2305231826170235"
"4.807934384057503, 3.2439640128587044"
"4.80381769051838, 3.2506556346614026"
"4.807934384057503, 3.2553447306319185"
"4.807934384057503, 3.266683335087894"
"4.803817690518382, 3.2733177712629633"
"4.80381769051838, 3.2845859186210262"
"4.80381769051838, 3.295812268418029"
"4.803617033212983, 3.3089111132244327"
"4.807527504548306, 3.315432447407119"
"4.8114359335956225, 3.3330075265398307"
"4.80732448481583, 3.339463747140041"
"4.807121744326287, 3.3523208843708154"
"4.811024904346968, 3.3696425239913097"
"4.810819813364878, 3.3931603334706075"
"4.814718318642644, 3.410210204539922"
"4.822509290706307, 3.4333505236363777"
"4.830510476775327, 3.454560108468936"
"4.834401612167768, 3.48169099143173"
"4.838067345790418, 3.51018733099729"
"4.841951937270371, 3.536731305012836"
"4.849715278190298, 3.5688533673024914"
"4.853360505171512, 3.5963240167934813"
"4.849023407092783, 3.623463634172836"
"4.844923105695136, 3.6488156647863335"
"4.840602175225709, 3.6753428696018346"
"4.83242510806919, 3.696056350870375"
"4.828126619207129, 3.722025320500986"
"4.824049740633695, 3.7274549320866583"
"4.819976345358997, 3.7328696540590585"
"4.815906419868237, 3.7382695466001152"
"4.8118399506698575, 3.7436546698056503"
"4.807776924295597, 3.7490250836832644"
"4.811839950669847, 3.7436546698056326"
"4.815906419868225, 3.738269546600126"
"4.816113054288861, 3.7369185642569462"
"4.82018584159727, 3.731511759735934"
"4.824262103964385, 3.7260900931007193"
"4.82039562360357, 3.730151319380667"
"4.8165271688697215, 3.7342090035272584"
"4.8165271688697215, 3.7342090035272584"
"4.8124521178436295, 3.7396148139443106"
"4.808582274498831, 3.734209003527244"
"4.804511268754256, 3.7396148139443106"
"4.800443699690777, 3.745005817487243"
"4.800443699690779, 3.745005817487243"
"4.800443699690777, 3.745005817487243"
"4.796379553798877, 3.7597663135196626"
"4.800443699690779, 3.7544125706685065"
"4.804511268754256, 3.7490441692815892"
"4.804511268754256, 3.7490441692815892"
"4.80858227449883, 3.7436610491055475"
"4.808784299011253, 3.7328504109144873"
"4.812861622468594, 3.7179021266454306"
"4.813066794450589, 3.706955731479301"
"4.817150463779703, 3.6918347419300126"
"4.813272246978938, 3.676616319912881"
"4.817358797221742, 3.6612995851327845"
"4.813066794450592, 3.687717210939116"
"4.812656730457546, 3.7097353169838208"
"4.8124521178436295, 3.7301513193806386"
"4.808380525333931, 3.75441257066851"
"4.804113757624525, 3.7797360925287897"
"4.800051890592158, 3.803492693936416"
"4.803915407638019, 3.8361157744527645"
"4.79966114626286, 3.869504568151765"
"4.803321973371792, 3.902397698398719"
"4.8071757811856966, 3.9336878311804817"
"4.807175781185695, 3.924950533000608"
"4.803321973371786, 3.9112153443565845"
"4.803519516061441, 3.901240395116165"
"4.803717327300503, 3.8912128065303087"
"4.795800771263492, 3.8733836629349376"
"4.804113757624528, 3.8348802872523784"
"4.808380525333934, 3.7917031328975206"
"4.812656730457544, 3.747703762152451"
"4.816942414962818, 3.7028580216014255"
"4.825328279952372, 3.6612995851327845"
"4.853360505171512, 3.816984281042213"
"4.881449212462568, 3.9639161522652735"
"4.913741685826511, 4.106589192520175"
"4.941970080579829, 4.238472656810419"
"4.970264438736759, 4.364265562148583"
"4.9175871135063405, 4.4694630155252835"
"4.866182150042018, 4.569122612980591"
"4.812022815457289, 4.660950408310043"
"4.763044913646727, 4.751918660606687"
"4.715160917840415, 4.839472338287919"
"4.726129094334416, 4.868275726256089"
"4.7332331669562056, 4.89390432912861"
"4.740311434174907, 4.919358863600536"
"4.747364086903141, 4.944650615985358"
"4.754391313684712, 4.96979049982326"
"4.765859501136277, 4.984797337346251"
"4.781192101364673, 5.002789714772753"
"4.792904168424322, 5.017666233819913"
"4.804659337866743, 5.032580789554434"
"4.816458071320973, 5.053673382085236"
"4.81316948561045, 5.068678172377016"
"4.80987073310118, 5.083728044205495"
"4.810257909813399, 5.101964102394392"
"4.8106460961929844, 5.1202486036072035"
"4.8073296869592825, 5.129265849082149"
"4.806753367706335, 5.160416654591907"
"4.794726666866768, 5.194593539381837"
"4.786623650490126, 5.225576186012767"
"4.774701977470843, 5.259597396443222"
"4.781538938483906, 5.296647078002405"
"4.765208924755792, 5.333504078193265"
"4.756640961248266, 5.37020372693954"
"4.744377181498691, 5.40980289787803"
"4.735985200746235, 5.446219857791716"
"4.716612576936271, 5.479368488290568"
"4.709164803219749, 5.560250203840095"
"4.705323640980119, 5.639022970609007"
"4.705081393132145, 5.722097678291157"
"4.697664100984584, 5.80692849492337"
"4.690257496958927, 5.893430885929028"
"4.686558177048676, 5.916924754507327"
"4.686449079310065, 5.9369093212232835"
"4.6790630463974985, 5.950124357346967"
"4.682541651550145, 5.966566834132121"
"4.682435302040933, 5.986731464526128"
"4.678439355401564, 6.0022897009259255"
"4.670894156513095, 6.021555259255546"
"4.670697055687317, 6.041361650770904"
"4.663190802408325, 6.060690076174744"
"4.655713499856395, 6.080043918393061"
"4.655802345987507, 6.094623890704394"
"4.6558913020288575, 6.109277522420497"
"4.652418996469177, 6.120748559891313"
"4.6525930939254785, 6.136130130014395"
"4.6526803046231695, 6.151010733195755"
"4.6494515575709885, 6.164514205423999"
"4.642613412974169, 6.167590161758113"
"4.64285835138789, 6.18397274808191"
"4.63957726077055, 6.190476369017828"
"4.639978373042635, 6.20102542914147"
"4.647643231856496, 6.196258267714749"
"4.658982692338132, 6.202220198937963"
"4.663092709642286, 6.2014604503374615"
"4.670777212097234, 6.203426706623874"
"4.674837919354197, 6.202008923094178"
"4.671181514900237, 6.176370233415786"
"4.667523080728826, 6.150885578694803"
"4.6638626077903576, 6.125553062657024"
"4.656535509193989, 6.097031554177272"
"4.649200145832472, 6.068684332189558"
"4.649200145832472, 6.068684332189558"
"4.645529341770888, 6.05816657994365"
"4.638100961496828, 6.050987217985726"
"4.634348110351933, 6.047134485939388"
"4.638020583255031, 6.043288048384252"
"4.634348110351935, 6.032834557090818"
"4.6306735202950104, 6.03666847811206"
"4.630749257678144, 6.037196842992779"
"4.630825091756416, 6.037725954278855"
"4.623460214326847, 6.038255813562463"
"4.6161533284430405, 6.075355001194232"
"4.612525333796319, 6.10165416582081"
"4.608890543772249, 6.128185702115115"
"4.601542960002732, 6.158976451160823"
"4.597889915876377, 6.186025443945876"
"4.594177127869745, 6.1975982007961985"
"4.59417712786974, 6.220192096602044"
"4.59794513452161, 6.247070989369932"
"4.601715714726792, 6.266498879602514"
"4.601715714726791, 6.289516833453081"
"4.60160047099889, 6.311163382088005"
"4.594071631843436, 6.333646964897163"
"4.586505219711484, 6.347647969265208"
"4.578958672455378, 6.369476238700674"
"4.571469881295083, 6.392189194445062"
"4.567764898349016, 6.396532904884571"
"4.567764898349016, 6.396532904884571"
"4.567800625661768, 6.405243150133146"
"4.567800625661773, 6.405243150133147"
"4.571507966967364, 6.400884217011424"
"4.575253522566584, 6.405243150133149"
"4.575253522566578, 6.405243150133147"
"4.575253522566584, 6.405243150133149"
"4.575253522566578, 6.405243150133147"
"4.571546101383347, 6.409609723576716"
"4.564024305895605, 6.43169271482886"
"4.563957786575898, 6.461826284158638"
"4.556436767897504, 6.491211586404288"
"4.552661188110534, 6.517124984274284"
"4.548897645600548, 6.551246104613529"
"4.5487572724134555, 6.586216649838957"
"4.548641106122539, 6.614019047511156"
"4.54852567001771, 6.641835027950684"
"4.552073721149252, 6.674317610322088"
"4.551948245329379, 6.70218422836502"
"4.559198678088015, 6.684566130767836"
"4.555492897069138, 6.66960220148852"
"4.559080855495958, 6.6475849781174805"
"4.55902216411064, 6.6292861663211715"
"4.562599086079803, 6.607567415552328"
"4.566203126084724, 6.515361996466565"
"4.580683110717393, 6.429554610461661"
"4.587923708505034, 6.345575425560316"
"4.595164790011393, 6.263370356158347"
"4.602406415024779, 6.182881004182672"
"4.613301512280709, 6.0584747574897575"
"4.61702220501203, 5.9315255741395445"
"4.624344822853573, 5.811433449253759"
"4.631677363519606, 5.694599213464106"
"4.64637253781279, 5.580815942003517"
"4.665470861240809, 5.460943519147044"
"4.684806064025538, 5.342009000592593"
"4.700616297134264, 5.2203369481675574"
"4.716614914838446, 5.098238799944765"
"4.728983977786805, 4.9779077725934595"
"4.734524912434618, 4.891648204216349"
"4.747476370698247, 4.803708956231297"
"4.7607756236515755, 4.712839507475794"
"4.778066185843368, 4.622320226574246"
"4.787820838536458, 4.521319069227323"
"4.841104361625382, 4.433343935901259"
"4.891758914281274, 4.344001608459113"
"4.947332228559458, 4.25439077246266"
"5.000142054237214, 4.155548831596512"
"5.058033342962918, 4.055720392720925"
"5.0623588639034285, 3.9901047399482863"
"5.066688739689733, 3.922709747414963"
"5.071022985514835, 3.8534390865685424"
"5.075361616595643, 3.782197866739775"
"5.075759664580424, 3.7032622750600552"
"5.058418296185481, 3.6665448455866247"
"5.041146477025615, 3.6294171083134685"
"5.028237671168849, 3.58597100311027"
"5.011085235107034, 3.5479186885096965"
"5.001848303308848, 3.5215804303189913"
"4.972093558898269, 3.5011986431357585"
"4.942536527297674, 3.4807660462895775"
"4.908992754849972, 3.4664378789081276"
"4.879842646946747, 3.44594147563787"
"4.846980978209398, 3.419166538063383"
"4.846751067304507, 3.4422444962105736"
"4.846521472518079, 3.465105743817354"
"4.842404331090286, 3.48169099143173"
"4.838290776435469, 3.498167624207259"
"4.834180794688929, 3.5145364527245206"
"4.8261864879160195, 3.5351221780219753"
"4.8261864879160195, 3.5555554028403265"
"4.830074372009785, 3.5816606061666434"
"4.82597149458102, 3.607500052617528"
"4.829856768098134, 3.6330771310405936"
"4.8335201573302, 3.6500578855800008"
"4.829205742867438, 3.6668969774781317"
"4.824900935302015, 3.683596057567488"
"4.82855738455738, 3.7001567714528534"
"4.824262103964385, 3.716580759035093"
"4.836290880425956, 3.7301513193806386"
"4.840378290217384, 3.743661049105576"
"4.8485637362039915, 3.7517429575554893"
"4.852661799684895, 3.7651625163629454"
"4.8608686760108375, 3.773200719199444"
"4.856763441720155, 3.7785222333971475"
"4.864495845728075, 3.7891218520606884"
"4.864255504367681, 3.799663992959953"
"4.871975187192436, 3.8101491368808666"
"4.871730019414312, 3.8205777628922952"
"4.875584476859587, 3.8348802872523677"
"4.875584476859587, 3.8439574064513238"
"4.879437074869732, 3.8581182322157836"
"4.879437074869722, 3.867110685939881"
"4.883287822093898, 3.881132112385604"
"4.883287822093898, 3.881132112385604"
"4.883287822093898, 3.881132112385604"
"4.883287822093898, 3.881132112385604"
"4.883287822093898, 3.881132112385604"
"4.883287822093898, 3.881132112385604"
"4.887136727133672, 3.87725950888046"
"4.8950896281098375, 3.868308715542792"
"4.899199125111293, 3.854217181668705"
"4.899462990489689, 3.8439574064513238"
"4.903579100276726, 3.8297084579432585"
"4.8997272168894295, 3.815370484751689"
"4.89175891428128, 3.8061856779829952"
"4.887647981925702, 3.802218817391065"
"4.887392179939222, 3.7942748697694633"
"4.879437074869722, 3.794274869769474"
"4.875584476859584, 3.7797360925287933"
"4.867631433589317, 3.770430064158081"
"4.864015491382623, 3.763785494637993"
"4.864255504367681, 3.7530790104826615"
"4.864255504367681, 3.7342090035272584"
"4.860630593084584, 3.708346834151257"
"4.861107085173032, 3.676616319912892"
"4.857234751120822, 3.6417057463187774"
"4.8494843383225685, 3.6105318432269513"
"4.845834578347543, 3.5832106857454846"
"4.837844221607274, 3.5630043311556676"
"4.829856768098132, 3.54264754765995"
"4.821872148609431, 3.5221390438133007"
"4.81798551116381, 3.4954585538575955"
"4.810002260143803, 3.4745907630628174"
"4.813066794450589, 3.6192625485330616"
"4.8120437285196935, 3.75171748469009"
"4.811027604792478, 3.876946186255143"
"4.810018352705964, 4.004026529182092"
"4.809015902652021, 4.116241514948616"
"4.796191653110529, 4.211898870361598"
"4.787452523823543, 4.306931367645911"
"4.77877425440575, 4.398215878142873"
"4.7662058637747, 4.4829811691711985"
"4.757664169846221, 4.56810657199226"
"4.749807036618946, 4.58885851070476"
"4.742114013846939, 4.609004329394791"
"4.734422907426486, 4.62904358281955"
"4.730505989320977, 4.652508802016342"
"4.722820178554553, 4.6723256216693105"
"4.726875372609917, 4.707840404906424"
"4.730794526875447, 4.743514471878674"
"4.734716736096524, 4.778960380431144"
"4.734863941984384, 4.810837315034174"
"4.738791873786885, 4.845934271679809"
"4.742570368459873, 4.874779799638658"
"4.746346836124563, 4.903501415275326"
"4.74619206097931, 4.929067839297316"
"4.7460374903407825, 4.954538536534013"
"4.749807036618946, 4.9829697811102385"
"4.744350595526178, 5.031769530783363"
"4.738969466046954, 5.079820004362928"
"4.741196831238902, 5.13334030979766"
"4.743394407889879, 5.186198601101293"
"4.741771712021171, 5.235452891528618"
"4.752233611849569, 5.275085119333954"
"4.762639665239103, 5.314635742965752"
"4.761847443036055, 5.351057053691784"
"4.768571750463813, 5.38748417200927"
"4.7752639519423, 5.423913725999477"
"4.7711871461294075, 5.445155229254262"
"4.774438349353467, 5.460248903322534"
"4.777846289277469, 5.481622348464041"
"4.773945471977021, 5.496853400875699"
"4.773454444889877, 5.51496723333591"
"4.777015910866993, 5.561481600056455"
"4.773454444889871, 5.614912879235382"
"4.780743480281062, 5.6656659300359395"
"4.784133619384868, 5.726246226725563"
"4.787862092971843, 5.781686723588059"
"4.784133619384868, 5.844179122107453"
"4.776850458137292, 5.911197808024916"
"4.762290009217481, 5.972499322329256"
"4.758728066373684, 6.03852771260811"
"4.7441723173024055, 6.10191076243926"
"4.733467338416822, 6.149249825114342"
"4.722614290226792, 6.189349300402286"
"4.719038994042766, 6.237257625909155"
"4.708179280062514, 6.278344690352047"
"4.704598715059133, 6.327438374655455"
"4.700898177361325, 6.3611575118202985"
"4.693505095509185, 6.398586129186066"
"4.686231292539731, 6.43716334108297"
"4.678854630595672, 6.467437934606959"
"4.675170219423545, 6.502285369223167"
"4.675680527432411, 6.5305434079602085"
"4.683504804647936, 6.559180480366333"
"4.687656708758595, 6.583661870821809"
"4.691946148733439, 6.6176203823408954"
"4.692516167145939, 6.647437814881524"
"4.700376669466556, 6.643259435533395"
"4.704628811693342, 6.643739782253956"
"4.712565347778321, 6.639533129344416"
"4.720544240478282, 6.635309298210856"
"4.724891059941275, 6.635769652757357"
"4.7289839777868, 6.634162150803981"
"4.7329481480634135, 6.623134849471136"
"4.737065585256403, 6.621507872343304"
"4.7411968312388995, 6.61987630036753"
"4.745341965734922, 6.61824011417348"
"4.73423655489613, 6.6408726112711225"
"4.726962487136261, 6.6684698019045765"
"4.719671173379958, 6.687738154068876"
"4.716085320325139, 6.702281120159215"
"4.7086376455489605, 6.720670364505615"
"4.700935948548245, 6.7717749392865"
"4.696969279108044, 6.827253793930298"
"4.6854545555197555, 6.883343658495954"
"4.6702437102177, 6.945252554269494"
"4.6625988262739755, 6.998746625180177"
"4.658780547518831, 7.02108635778498"
"4.655057582448315, 7.035666103238335"
"4.655057582448319, 7.054237900839505"
"4.651332481949824, 7.068938646854453"
"4.6513324819498285, 7.087650705661925"
"4.658970786055814, 7.070385825541233"
"4.658970786055814, 7.051731059299653"
"4.658970786055814, 7.033151368528971"
"4.666519954305741, 7.023889618212714"
"4.662794084218077, 7.00150822251284"
"4.658970786055816, 6.996216461922067"
"4.658970786055814, 6.9962164619220735"
"4.658970786055814, 6.9962164619220735"
"4.651332481949828, 6.994840033703207"
"4.651242312359537, 7.002654050348646"
"4.647429783530605, 7.025004464555965"
"4.643619984589054, 7.047449948107909"
"4.636088723127308, 7.075379980446298"
"4.636088723127316, 7.094093733111954"
"4.636088723127316, 7.11288267741274"
"4.632129246918085, 7.113872057892241"
"4.631974333533717, 7.110907087679996"
"4.631742710867359, 7.097131565406737"
"4.635291437349848, 7.098138113714925"
"4.635133207651477, 7.095217385140417"
"4.631282137237802, 7.069859309899183"
"4.623674292352123, 7.048577688366103"
"4.623531482457553, 7.027447796381299"
"4.6159537986027885, 6.997392558228556"
"4.608396199361538, 6.976615496237694"
"4.607967764773013, 6.878636611746746"
"4.603892770035317, 6.788489268478923"
"4.596212615147823, 6.697275859735508"
"4.59221793429676, 6.612252101476751"
"4.58459695195117, 6.525199960812204"
"4.580768689062594, 6.493536537758281"
"4.580555141348823, 6.457989950503638"
"4.580342914232491, 6.4306496633044485"
"4.572949860113439, 6.396067144077"
"4.572799730306111, 6.362760160788809"
"4.576441435038764, 6.337688823283358"
"4.580047991646959, 6.312007958240507"
"4.583656872970897, 6.286480553419375"
"4.59449756221829, 6.261789283751467"
"4.60530189107672, 6.2365445904406105"
"4.612550631457304, 6.129356617743538"
"4.619875685820301, 6.025455813328484"
"4.627219626038601, 5.9240250903986675"
"4.630935568864244, 5.8280060290971525"
"4.634658639129919, 5.734019357660182"
"4.6424506293517664, 5.639987212950823"
"4.650398513354013, 5.547189751179385"
"4.66204675757499, 5.458142946930606"
"4.673808151093231, 5.369560795396654"
"4.68579504425225, 5.275081254591544"
"4.690578694900594, 5.223040901812413"
"4.695303318755038, 5.17061828289618"
"4.700080375780408, 5.1115837742358465"
"4.701181830086796, 5.054948682855223"
"4.702171792341882, 5.003988072484869"
"4.691266862092833, 4.956238517143776"
"4.676522935721064, 4.904740623224194"
"4.657891007214585, 4.855658099475749"
"4.646846550675433, 4.799423667133025"
"4.6318123526067785, 4.7456899040978655"
"4.6167515444592295, 4.68395499547133"
"4.601572956532998, 4.627612297140843"
"4.59016308858997, 4.566777354226945"
"4.570814897798659, 4.504418414769477"
"4.559208523212806, 4.440370184228573"
"4.578805175218045, 4.372467284121024"
"4.602237998521623, 4.299754063229624"
"4.625659059286794, 4.232332497415587"
"4.648933203308932, 4.16422923181511"
"4.664402724527603, 4.085485479884543"
"4.6687910359031, 3.976399985835201"
"4.6770893181882585, 3.866819925995962"
"4.677536890156356, 3.742310566888122"
"4.6820038494475655, 3.615057749799689"
"4.694321625446554, 3.492752391170736"
"4.690899180709684, 3.3732922628861495"
"4.683519822921703, 3.241265586919834"
"4.680042579337558, 3.1094305135638507"
"4.676544060108799, 2.971196534731085"
"4.669046179971748, 2.8185733076301034"
"4.661601462565177, 2.776509754471128"
"4.654095623108109, 2.733630147102332"
"4.642491287215397, 2.6953296729646326"
"4.634928115004975, 2.647959866632533"
"4.623128829839986, 2.6080817891523296"
"4.619045584961885, 2.6415813641933"
"4.610801108142347, 2.6693565119202916"
"4.606645691056971, 2.691485971682603"
"4.598344281511841, 2.72171422664902"
"4.598344281511841, 2.7489242853233478"
"4.602110827092061, 2.7707049757188003"
"4.605914409347846, 2.789523347233512"
"4.6137345506587435, 2.8160534559607484"
"4.621577451083012, 2.8265370239338097"
"4.625206661612725, 2.847311738994321"
"4.6251279973918695, 2.875738555922325"
"4.629051702119611, 2.9115313953568034"
"4.628970505739924, 2.9393727368696503"
"4.624814430210004, 2.9868924177420055"
"4.6248144302100105, 3.024058427699309"
"4.632716361585813, 3.0895749398343213"
"4.6445760764802815, 3.1488006455204918"
"4.6563974722302754, 3.2067560946314053"
"4.672137216826445, 3.2587702254872966"
"4.683755453151498, 3.3050789089501187"
"4.683637557147895, 3.3181400397755603"
"4.679581371808602, 3.335716248690982"
"4.671587882129653, 3.3577400648794224"
"4.663595803594276, 3.3796000253298004"
"4.659549660510734, 3.396786919513378"
"4.64761557124517, 3.401297186405543"
"4.635675937889761, 3.4058035070687858"
"4.6236538685624105, 3.4012971864055253"
"4.611710526510454, 3.4058035070687858"
"4.591772485262497, 3.410305880312052"
"4.595737847663886, 3.4165782325676872"
"4.591717772710002, 3.422832639032169"
"4.595737847663892, 3.427312701246791"
"4.595680436517643, 3.4290691601667085"
"4.599640551897841, 3.4352878564829687"
"4.607553186058172, 3.4370321796213297"
"4.627448890662068, 3.432571649441183"
"4.639278072276532, 3.429858430892132"
"4.651085438244625, 3.427148197220774"
"4.666900919121637, 3.418220466386302"
"4.666900919121635, 3.4182204663863374"
"4.662871299170524, 3.4244409448217397"
"4.666900919121635, 3.428897684671906"
"4.670933635449117, 3.433350523636385"
"4.674969461585816, 3.4377994610215197"
"4.679122689451379, 3.4084346694406022"
"4.6870957335589, 3.386850447999997"
"4.687215640608566, 3.3632690271765675"
"4.691389758745092, 3.3330075265398236"
"4.6915128240701645, 3.3089111132244113"
"4.69976507867585, 3.248662644284998"
"4.704230793436778, 3.1780806400213706"
"4.712534603809377, 3.1147996408916754"
"4.716766488224881, 3.045134949423556"
"4.716907987955706, 2.981263338018458"
"4.709263394835155, 2.96163204285439"
"4.705698300228615, 2.9342710238275416"
"4.6979982564230784, 2.914188240774351"
"4.702646728490696, 2.8965683713213863"
"4.707324998084359, 2.8657741658144147"
"4.736276241221928, 2.9175979720917553"
"4.765177529923087, 2.983925547467109"
"4.798376427868443, 3.041786393026001"
"4.819249517756376, 3.093841592197954"
"4.844427275509627, 3.150130893193456"
"4.857665104710447, 3.3132921193339513"
"4.862924054574333, 3.4560834333346513"
"4.872000568503198, 3.5900516486572585"
"4.885428525820611, 3.732466584498386"
"4.894605566714336, 3.864102844341595"
"4.907395485133324, 3.9729361203461764"
"4.919657388312999, 4.0848326343920185"
"4.919895837182019, 4.19262709106378"
"4.924021316846064, 4.290838320895144"
"4.9322087705585265, 4.387253131771592"
"4.897101110273939, 4.431484054778389"
"4.86665775316604, 4.470561519088777"
"4.84049941354044, 4.512314440233945"
"4.814784021250371, 4.546102775997573"
"4.789498206907037, 4.579042280807855"
"4.792123329310168, 4.6579149510012545"
"4.794726666866767, 4.734668329931093"
"4.805037850759572, 4.8093063368691915"
"4.8075686565254045, 4.8827827441902745"
"4.813918331150414, 4.957958398260105"
"4.813338254277423, 4.989060298152991"
"4.808935998432331, 5.017033051855403"
"4.804740707270791, 5.044699061048016"
"4.800559437055712, 5.078295402159144"
"4.792594779671687, 5.108812971201948"
"4.77743506302053, 5.1632351209703105"
"4.766096044058744, 5.220628293151202"
"4.750866708527998, 5.2751023901087954"
"4.739451680419779, 5.326620758996565"
"4.728076664690359, 5.3782828478749"
"4.720340561581638, 5.43931907550851"
"4.709041071383773, 5.503894809622719"
"4.697780412653183, 5.569024152518722"
"4.690257496958933, 5.638091441934896"
"4.679063046397493, 5.704658856465256"
"4.675680527432411, 5.767107298448526"
"4.675885545617647, 5.827184523193846"
"4.6797966206246455, 5.891900321995706"
"4.679901943266247, 5.953760630306165"
"4.68011298577507, 6.017198096634926"
"4.680112985775075, 6.073633651613323"
"4.680218706142324, 6.124290510239857"
"4.676503693779009, 6.171100230903727"
"4.672993667819314, 6.219784078133638"
"4.669378184382553, 6.275977249343361"
"4.665760713148574, 6.265090340415586"
"4.665663974269483, 6.2569196935370845"
"4.665663974269483, 6.249463850726329"
"4.665567357043376, 6.241341120078159"
"4.669180333490663, 6.2298790117783795"
"4.6725894936465, 6.209775222444837"
"4.672388166691283, 6.193812579320555"
"4.668491755965516, 6.1740078629934825"
"4.661015187047641, 6.151062108250387"
"4.660829150733726, 6.135477245057805"
"4.668296126318276, 6.115167262533482"
"4.6757829723575135, 6.094913822901613"
"4.686995936344511, 6.078537405645408"
"4.701847012382636, 6.065449569020174"
"4.709412733906449, 6.045312651216689"
"4.710160283337582, 6.055579021144089"
"4.714669735289218, 6.062651671682486"
"4.719216993809055, 6.069795877540791"
"4.7200113054238475, 6.080347293069685"
"4.720811734048252, 6.09100908847409"
"4.720811734048252, 6.061998289855684"
"4.717008442759703, 6.036526792740126"
"4.713207999144502, 6.011238377235474"
"4.713207999144502, 5.98283664581826"
"4.717008442759703, 5.951362723653157"
"4.712950444747004, 5.939707001720032"
"4.7089058446676875, 5.928122756540435"
"4.7124373100930885, 5.917045879543332"
"4.708403871140896, 5.905592957835682"
"4.700616297134264, 5.89743444055358"
"4.703773581525264, 5.912705929393053"
"4.706913197898239, 5.927949346280351"
"4.706176318844837, 5.939048021456524"
"4.712887327658923, 5.950548834041954"
"4.71597167619422, 5.965683327111321"
"4.71508113481673, 5.948770951094181"
"4.71419834039705, 5.938849834555452"
"4.709781271410152, 5.925889039856788"
"4.701752598696641, 5.9162049783857995"
"4.700938265197681, 5.899993571630808"
"4.700822502307083, 5.8666061753843435"
"4.700706881246111, 5.8270280400921255"
"4.700591401754046, 5.794318096382455"
"4.704098486115132, 5.758862734661834"
"4.70398103248106, 5.726748873876225"
"4.70820379799086, 5.67458840066947"
"4.712455591175806, 5.622678694878077"
"4.716736723721413, 5.57098581263922"
"4.7210475119092905, 5.519472438229231"
"4.7218279743715215, 5.465099768421097"
"4.726321564129196, 5.419994175248089"
"4.730852325925379, 5.374832533708047"
"4.735420736499237, 5.3295787468632385"
"4.7362685047023225, 5.287223763783516"
"4.744524723393478, 5.244723334066208"
"4.756953380719612, 5.217128272833356"
"4.7583692112144576, 5.186198601101287"
"4.763649599440324, 5.157988389672201"
"4.772873297099655, 5.126322127478716"
"4.782043690577052, 5.094379306241068"
"4.792063342293856, 5.048958495853215"
"4.813821496340813, 5.005954870727333"
"4.831933444125742, 4.95904178327776"
"4.850353348212101, 4.91119310565213"
"4.865218846832054, 4.865457803663711"
"4.880944108939751, 4.786490010081284"
"4.892797362624632, 4.709692554445915"
"4.904649948494136, 4.631651653302782"
"4.916225691988314, 4.545595329542319"
"4.931921683784383, 4.460820349019878"
"4.919246080401099, 4.407928805149384"
"4.910462767986983, 4.350887742036345"
"4.8937902580289725, 4.285319782490959"
"4.881527250872843, 4.228857361019337"
"4.869055109676987, 4.172158292131005"
"4.8738597103086505, 4.108845063269278"
"4.878688178373736, 4.04362986992918"
"4.895611863672588, 3.9801502747313897"
"4.90438168594952, 3.91584072137271"
"4.909325103038178, 3.8444378284940903"
"4.909053140294499, 3.799801994239022"
"4.904649948494134, 3.7504044048912455"
"4.896397900544082, 3.713820509557756"
"4.892017993405098, 3.662935833621429"
"4.887647981925704, 3.611165087046693"
"4.884047513712493, 3.603938009249564"
"4.880440388621617, 3.6066370033998076"
"4.880692076236473, 3.6051218492759745"
"4.877076025224272, 3.6078254454424936"
"4.877575938909955, 3.6047900216718176"
"4.886088685217533, 3.6216771091649953"
"4.894891443843039, 3.6370200811271403"
"4.899574629721778, 3.6481423610463075"
"4.91651576755889, 3.6535940137561873"
"4.9212593048639395, 3.674544690756875"
"4.900377059257432, 3.6437059501262397"
"4.8834835735110556, 3.608369903971397"
"4.866673807045245, 3.572712559321417"
"4.84195193727037, 3.5469539772476892"
"4.825328279952371, 3.5107601734130682"
"4.8294224541398645, 3.5047745728077757"
"4.829639462346084, 3.492752391170715"
"4.829856768098141, 3.480661833573837"
"4.83007437200979, 3.468502417720785"
"4.83029227469646, 3.4562736616028467"
"4.8261864879160195, 3.462396737306463"
"4.830074372009785, 3.4685024177207815"
"4.829856768098132, 3.480661833573837"
"4.825756795879512, 3.497116895173683"
"4.821660349718589, 3.513464471786346"
"4.8255423912049284, 3.5194325128703703"
"4.825328279952372, 3.531318060916224"
"4.825114461518592, 3.5431366336786105"
"4.832862229530741, 3.544730215295413"
"4.840602175225717, 3.546320714291877"
"4.84082636641893, 3.544730215295413"
"4.845150505838952, 3.5474322341144138"
"4.849484338322564, 3.539940187447847"
"4.849715278190296, 3.538337305187259"
"4.853827907219223, 3.54264754765995"
"4.8579441424292416, 3.5469539772476857"
"4.857944142429245, 3.5469539772476892"
"4.862063997664503, 3.551256595200069"
"4.862063997664503, 3.551256595200069"
"4.862304048135138, 3.549665279225131"
"4.862304048135138, 3.549665279225131"
"4.86206399766451, 3.551256595200069"
"4.857944142429239, 3.55713876082282"
"4.86594482776787, 3.55713876082282"
"4.86158488489821, 3.554429975317344"
"4.857234751120823, 3.5719793864284597"
"4.857234751120822, 3.582050974497079"
"4.856998935051029, 3.593618799443071"
"4.852661799684895, 3.6207607234758434"
"4.852661799684895, 3.6404746750013928"
"4.860392835723363, 3.680894704240867"
"4.864015491382632, 3.7260900931007193"
"4.871730019414318, 3.765105457994654"
"4.875584476859587, 3.798248549749644"
"4.883287822093898, 3.8361157744527787"
"4.878688178373746, 3.8973965545196556"
"4.870023176443079, 3.9532722877682964"
"4.865465882498464, 4.011434816798385"
"4.86092490042619, 4.068113215677776"
"4.856400130747872, 4.1233828714714775"
"4.843811999889812, 4.193850276599502"
"4.835312018438002, 4.265581717793548"
"4.822839510512509, 4.331845474150343"
"4.810431712394874, 4.396286677424403"
"4.798087866469983, 4.459058313420714"
"4.798087866469983, 4.480137725152339"
"4.801873662726305, 4.497875755013277"
"4.7980878664699835, 4.514964369589611"
"4.794300136875495, 4.531976525574473"
"4.7943001368754885, 4.5526006212189465"
"4.79846910884514, 4.5208117567005015"
"4.794864938396102, 4.4886528632717795"
"4.8028410928594925, 4.459936820590496"
"4.810830460501261, 4.4309150328796605"
"4.815032669222418, 4.3976409333689706"
"4.8152354788472405, 4.353260950617601"
"4.81944988965127, 4.311488763065979"
"4.8196560240843604, 4.265581717793527"
"4.816049444488161, 4.222279737210776"
"4.816253620441717, 4.174668217113538"
"4.828331219114792, 4.193010835525676"
"4.836400009674522, 4.2155582564783"
"4.848529044720149, 4.233691288914326"
"4.864511880177544, 4.248293391153592"
"4.87670600661465, 4.266269817753916"
"4.905018066179407, 4.313648252113344"
"4.9375864027880505, 4.356337735348614"
"4.970348676729743, 4.405887465010922"
"5.003310846057921, 4.454819620402981"
"5.0364789056473285, 4.503186316947128"
"4.999137791943937, 4.515777301234477"
"4.9537925450918365, 4.535815002751118"
"4.904751984776873, 4.552400241667225"
"4.856168120901367, 4.56879644380011"
"4.808020185961224, 4.585008740940445"
"4.789955339317812, 4.638389113787184"
"4.783822842838287, 4.686695034595875"
"4.777791561623994, 4.733701434946655"
"4.768163117268205, 4.776182049772535"
"4.758686068258669, 4.817691154618993"
"4.766186046133657, 4.87362894475606"
"4.7625163638119465, 4.925980632351523"
"4.762677628590969, 4.98107132465981"
"4.766513433330921, 5.039171917120822"
"4.7665134333309265, 5.094203914160909"
"4.763000782555709, 5.164422080559074"
"4.763324771756427, 5.238025479653642"
"4.763487080584384, 5.312203194289259"
"4.759801522601147, 5.3901788372237736"
"4.760122081193332, 5.466081369435049"
"4.752269417543569, 5.4912628178436425"
"4.747970715120089, 5.519450707382383"
"4.736341808177433, 5.541426470930601"
"4.7285659042552215, 5.560306521298831"
"4.720677901485237, 5.585446559362716"
"4.701459818455418, 5.6199824102120335"
"4.682469966648678, 5.648322561828243"
"4.667226552519061, 5.679838923961489"
"4.6558023459875075, 5.71483824628326"
"4.636984911292048, 5.749651764859403"
"4.621915028374415, 5.781072760119137"
"4.603315351911746, 5.809384600123458"
"4.592117400993557, 5.837731363552551"
"4.577327198092758, 5.8625717805499855"
"4.566270681142413, 5.890973902798768"
"4.562757104494908, 5.922856994144868"
"4.566508453629664, 5.955140990966388"
"4.566645259925693, 5.991549435841246"
"4.563108237158066, 6.031746055776489"
"4.5595557042879555, 6.065427290465948"
"4.567094654478248, 6.111809198556823"
"4.567269469840122, 6.158496725104183"
"4.563693398913465, 6.2087948570176135"
"4.563858325408553, 6.249701075579509"
"4.567764898349015, 6.295512658780481"
"4.575334664102502, 6.320869335678263"
"4.582979598289812, 6.3550919229302085"
"4.5831626209899845, 6.3739995149519135"
"4.58703436458462, 6.395824917693028"
"4.594762233949151, 6.431148670659235"
"4.587228647243855, 6.423125050592963"
"4.583438929627143, 6.410698091031869"
"4.587228647243855, 6.407126733015202"
"4.58727737504754, 6.407968486903512"
"4.583485189575069, 6.395586204000935"
"4.590969813512931, 6.378877241871091"
"4.598445313181926, 6.362260851477175"
"4.605911770747386, 6.345736286115234"
"4.613369267587741, 6.32930279694683"
"4.620817884300653, 6.312959633009479"
"4.617162571593351, 6.302447119646555"
"4.609704750689962, 6.2877039076731265"
"4.60223799852162, 6.272997797809209"
"4.598557254964824, 6.262531329057803"
"4.5910721455639285, 6.247880950445522"
"4.591226141395024, 6.227009743729842"
"4.595193021373468, 6.210319978034899"
"4.599178149784501, 6.193626816083622"
"4.595573652626666, 6.176930149121862"
"4.599577919882605, 6.160229852314735"
"4.603420668454811, 6.14919331415822"
"4.603480615614302, 6.142267745804326"
"4.607328593801005, 6.131266058876201"
"4.615032672274284, 6.116837484282144"
"4.618959023952702, 6.106489020504701"
"4.618539034825962, 6.095451108053204"
"4.618053194923355, 6.083953321287401"
"4.613829585686767, 6.076546818632734"
"4.6095785991536165, 6.068656466061471"
"4.605368751599352, 6.060857968251857"
"4.589367758307942, 6.042341569308309"
"4.581069898040427, 6.024396077365138"
"4.576560805690691, 6.003320338847549"
"4.568642063745857, 5.986506976662692"
"4.5609235669622565, 5.970187655880377"
"4.5573268961662015, 5.945544778687213"
"4.55374534832541, 5.921158023478409"
"4.543239478184078, 5.897418015363364"
"4.536233765333121, 5.870491022018361"
"4.532715526142672, 5.846840488377495"
"4.536350390630723, 5.796851146591124"
"4.536527440742288, 5.743775397598368"
"4.540240894879852, 5.693592027829961"
"4.547562083832308, 5.640041531023207"
"4.547825851919754, 5.5865822466688275"
"4.548138557335918, 5.527038838723562"
"4.544791719524961, 5.463972588032255"
"4.541387752056685, 5.400503969898181"
"4.534215849983553, 5.339638394031007"
"4.530659766188882, 5.275038085748568"
"4.5307568200814226, 5.25639275680813"
"4.534651224977218, 5.240684890246184"
"4.5385889545081355, 5.22482131581571"
"4.542570745735759, 5.208797714350666"
"4.546597352741976, 5.1926095618956865"
"4.554446561738714, 5.148004993590678"
"4.562348289524916, 5.103160453000752"
"4.570303144761476, 5.058024561894507"
"4.578311746144997, 5.012542470272315"
"4.586374722615515, 4.966655698253419"
"4.59421487071933, 4.902106138400033"
"4.6020556468119524, 4.837090817735149"
"4.609897126539747, 4.771443744560736"
"4.609831228611885, 4.7053916011937815"
"4.613783873631591, 4.6411849895637545"
"4.609699698370316, 4.598006048780935"
"4.609503064371588, 4.551261677171597"
"4.605378750476124, 4.500841262976795"
"4.613035502866782, 4.452528434247773"
"4.616681689806998, 4.400931881131983"
"4.612833306690778, 4.345906746480889"
"4.605191626931538, 4.284873035991996"
"4.6053162925820486, 4.229992656634884"
"4.6015129835405295, 4.170299465275711"
"4.597702202136042, 4.109089973946503"
"4.601934487572753, 4.042287164487327"
"4.6100953537020715, 3.9780030736868177"
"4.610494224490382, 3.9104556293757398"
"4.610829101447921, 3.8417350115301083"
"4.611166261812508, 3.770639697805599"
"4.615243788891188, 3.677741091383851"
"4.615314353373449, 3.587089942500473"
"4.6193298938474205, 3.4887926264639013"
"4.623424614389176, 3.385043250582669"
"4.635506462692774, 3.2884697402484555"
"4.639539785330549, 3.2706160003859495"
"4.643576150346425, 3.2526446056528364"
"4.647615571245168, 3.2345548918378846"
"4.64761557124517, 3.2231049510824903"
"4.643666429154422, 3.1932612524761232"
"4.624038061436237, 3.2013484312578555"
"4.604293677658538, 3.209464801722845"
"4.584431039808409, 3.2176104733655606"
"4.57257343773779, 3.2120881920147326"
"4.552478014056567, 3.220291821598245"
"4.5766856206890925, 3.203128060301154"
"4.6048061962653035, 3.192859665614378"
"4.628808450319306, 3.1874212470293948"
"4.648552207315285, 3.1792883593201715"
"4.6764305802719806, 3.166967208884124"
"4.6724686368613355, 3.171777573516845"
"4.672579415294319, 3.1579062105387514"
"4.668612387054359, 3.150940684144004"
"4.664642963863135, 3.14395518970748"
"4.664642963863135, 3.1320904689838933"
"4.672579415294319, 3.1342524225964468"
"4.6724686368613355, 3.1482425399000995"
"4.684466245262616, 3.155207658949532"
"4.69658634284444, 3.1717775735168274"
"4.700542304419365, 3.1903566742491236"
"4.71239637257191, 3.199283053552616"
"4.724229946956951, 3.208165809655789"
"4.73195634390271, 3.212264301417708"
"4.739663405072069, 3.216346209450613"
"4.747351268382238, 3.2204116281143946"
"4.759270810868044, 3.2271509371095455"
"4.7672737599357395, 3.2271509371095206"
"4.775279011047291, 3.2271509371095455"
"4.783286636884432, 3.2271509371095455"
"4.7912967098121655, 3.2385703412916875"
"4.787196885376403, 3.2452617915044506"
"4.791105052147362, 3.2632544166412565"
"4.795011147074702, 3.2811294678002056"
"4.794817121140815, 3.2942662871334463"
"4.794623361491043, 3.296190730974292"
"4.798718524913028, 3.30080661271397"
"4.794623361491043, 3.296190730974292"
"4.794623361491043, 3.2961907309742564"
"4.790722526070532, 3.2896410255132693"
"4.79481712114082, 3.294266287133464"
"4.790913657747831, 3.2764853916399623"
"4.791105052147362, 3.2632544166412565"
"4.787196885376396, 3.2452617915044506"
"4.791296709812168, 3.238570341291691"
"4.787385905516727, 3.220411628114455"
"4.7916808171172205, 3.1768807372250016"
"4.795985290320039, 3.132652758314215"
"4.800299368071907, 3.0877192294412055"
"4.804623093571451, 3.042072265453136"
"4.804825140676004, 2.9907010663954168"
"4.805432962493467, 2.9587187584989323"
"4.806043317346256, 2.9263095835950494"
"4.806656221132793, 2.8934687120828357"
"4.803311006641041, 2.8524437502108526"
"4.804124784985678, 2.8160121894434624"
"4.81752566929901, 2.7683413961747476"
"4.835262613302763, 2.725095728258175"
"4.853163791788145, 2.6810088082505175"
"4.875258424215634, 2.6444852255222813"
"4.89755036901418, 2.5932416933464637"
"4.931583937855442, 2.5730637205616134"
"4.961416618388692, 2.5471052285829927"
"4.9913673918300265, 2.5209405146638844"
"5.017032336027285, 2.503382724974685"
"5.043161894143216, 2.482581847859123"
"5.073869531588875, 2.5399963828497647"
"5.100699912653494, 2.5882518051688024"
"5.131765019143084, 2.6447348426989734"
"5.163495717827532, 2.6837903917476282"
"5.194966878761231, 2.7394095898640813"
"5.183838868887989, 2.8351865408863404"
"5.180898529974433, 2.9435182109816225"
"5.169443138497922, 3.047763896737372"
"5.162108581215799, 3.155207658949511"
"5.163766607992026, 3.2561866640267176"
"5.171282065972246, 3.3634654659714514"
"5.170335726448922, 3.466672536519443"
"5.178302583950215, 3.5538470829885966"
"5.181803269798246, 3.6440679301641303"
"5.180365888363676, 3.7381702956716225"
"5.123426695820818, 3.899060972311812"
"5.0721861611728425, 4.042650350541443"
"5.013730859453602, 4.18486151969217"
"4.964968981040776, 4.308787451816345"
"4.913498431414682, 4.421272699782467"
"4.888176513983083, 4.517076920385243"
"4.863121633637082, 4.616066720321506"
"4.838543490946834, 4.704762344589236"
"4.8139870112602505, 4.791416845505845"
"4.785951160905573, 4.879030945162091"
"4.773043121192788, 4.95917048596403"
"4.760282672056724, 5.031789626765454"
"4.751341928532971, 5.106539443929927"
"4.738850889980374, 5.183475735313428"
"4.730137868075787, 5.256819798523603"
"4.725548607579768, 5.326805036499415"
"4.717386997606335, 5.393750213138937"
"4.712887327658912, 5.463854528960846"
"4.708424735574274, 5.5342108028367045"
"4.703998752122733, 5.60493374329302"
"4.70854769392447, 5.628675876049251"
"4.716741240990459, 5.655847619582065"
"4.721393665668945, 5.680315751067805"
"4.729722485020142, 5.708284782936965"
"4.734481611069473, 5.733527271728918"
"4.738561022644893, 5.711143798953331"
"4.738996102218434, 5.692228048126501"
"4.743097668112314, 5.669909831752933"
"4.739871298234035, 5.647875327793284"
"4.743990181652135, 5.625616937566156"
"4.740753275196593, 5.610115374781519"
"4.744889622386144, 5.587887103587588"
"4.741642112319163, 5.572361093495173"
"4.738233401335854, 5.55662846711006"
"4.7272417292595055, 5.5408932662052335"
"4.712102288856131, 5.5473659436623945"
"4.69324579919777, 5.557182662199651"
"4.68567979997243, 5.563677943949938"
"4.685792641769464, 5.563867619512827"
"4.6783311581393034, 5.570570089234098"
"4.678223101480582, 5.596493196759986"
"4.678115185151314, 5.622521109648745"
"4.666720499196422, 5.652090882637622"
"4.6590660903564105, 5.678369862094823"
"4.658970786055823, 5.704769336579661"
"4.655057582448318, 5.754730471202527"
"4.647342227242895, 5.808425524325959"
"4.639565501399846, 5.855378094286344"
"4.63189702651621, 5.910112853516381"
"4.6242492061946905, 5.965470942135113"
"4.624104923761146, 5.992893853748966"
"4.6239610115909295, 6.020440650872712"
"4.631358653398955, 6.048653702473884"
"4.627438692381524, 6.079822317746876"
"4.631053176018134, 6.104429807613533"
"4.63120571907936, 6.127583365107391"
"4.635133207651484, 6.140153493845569"
"4.6315119804847225, 6.159605129187645"
"4.631665701852214, 6.175779027161793"
"4.628033184990152, 6.195491571445633"
"4.628182765701, 6.204349593740042"
"4.6246115415913405, 6.217378223349948"
"4.621028977792969, 6.22288078060577"
"4.621170162137624, 6.231878305414204"
"4.62131171241491, 6.2409203122702275"
"4.61750334402107, 6.252072960479469"
"4.621170162137633, 6.262531329057807"
"4.624903097703521, 6.281446666809198"
"4.624903097703521, 6.29693596586857"
"4.624903097703521, 6.312487548644867"
"4.628407860965211, 6.368538189894889"
"4.628182765701, 6.429569512550748"
"4.6316657018522225, 6.486817215192243"
"4.635133207651482, 6.5446373585287505"
"4.638585391773896, 6.603034633858385"
"4.6309010227152045, 6.6332522561318505"
"4.6232469551071835, 6.663576804767747"
"4.615622941351674, 6.69400801705301"
"4.608028736561669, 6.724545569242148"
"4.600464098527906, 6.755189079404893"
"4.593392449390593, 6.719371458332336"
"4.586267155994153, 6.675154278521464"
"4.575375312884085, 6.635769652757361"
"4.56439322316544, 6.596433639865334"
"4.553319547069737, 6.557147830352237"
"4.561071295598714, 6.465150157120866"
"4.565077538920908, 6.370026875819828"
"4.576704163708374, 6.2756459508069495"
"4.58851640131662, 6.184188051972328"
"4.60038855190812, 6.085878688150561"
"4.623701418235204, 5.918405558354008"
"4.651027378841943, 5.767684824069158"
"4.674670306510394, 5.618236808637893"
"4.694255546535087, 5.468954445138248"
"4.7179876546424655, 5.332744769186998"
"4.722658147392868, 5.265275506497747"
"4.727363808023761, 5.197707108403204"
"4.732105050482751, 5.129886988676436"
"4.740916222322665, 5.064800127377801"
"4.745747240832333, 4.9959574794003"
"4.753530174463877, 4.898503747639598"
"4.761304600382256, 4.800098863055572"
"4.773128116289995, 4.696590210423601"
"4.780886810087765, 4.594423747519224"
"4.792509424211203, 4.4933576463810585"
"4.796960705764233, 4.408683310118139"
"4.8014279095164785, 4.321228388054168"
"4.8018234798505866, 4.234964446923499"
"4.806313563284224, 4.141069415081201"
"4.810819813364878, 4.0348464222644225"
"4.819246703506591, 3.9286432637801525"
"4.827699742303199, 3.81752281463773"
"4.836179132933613, 3.701077719568598"
"4.844685080279845, 3.5789121387419627"
"4.849297618760573, 3.4551122989778165"
"4.908654198587763, 3.316456576330612"
"4.969035277890245, 3.168980189903017"
"5.030494884895371, 3.0121224489993708"
"5.0975150689961435, 2.8374410354467017"
"5.161379383503989, 2.659922508438463"
"5.175881796309461, 2.586046687229455"
"5.1904744801077625, 2.5105276117748616"
"5.205158569420526, 2.4333664010508187"
"5.2153438943110615, 2.3637779111778343"
"5.2301913467990495, 2.283555333426847"
"5.2066867330138, 2.3184429505372393"
"5.183347003784531, 2.3529312856278395"
"5.160169287802896, 2.387021615638197"
"5.1371507523097835, 2.4207155124187167"
"5.109821201059611, 2.462912065577754"
"5.064211481659031, 2.545493091836228"
"5.019262432155058, 2.625685870363654"
"4.974950147866556, 2.703530609304792"
"4.931251492395978, 2.7790739185093827"
"4.888144077174261, 2.839411095810867"
"4.875551470142274, 2.913826734954398"
"4.862992916974593, 2.974133887799127"
"4.850468025704788, 3.0332979102572466"
"4.841907867757597, 3.0984448606003525"
"4.837525218186431, 3.166967208884124"
"4.837075280005496, 3.2061103152131665"
"4.8366265866448, 3.256062179869293"
"4.836179132933613, 3.3050789089501578"
"4.831826011259575, 3.3467487033884495"
"4.831605999771842, 3.3814180495952435"
"4.839412548816283, 3.404873016728512"
"4.847211205887682, 3.428107198633665"
"4.855002045327528, 3.451122857917369"
"4.858894556444158, 3.478324727685088"
"4.8586564624610595, 3.5112564495582284"
"4.862785140661866, 3.505247550789651"
"4.862785140661866, 3.505247550789651"
"4.858894556444163, 3.509611631627344"
"4.862785140661866, 3.505247550789651"
"4.870806844281421, 3.4948447130542952"
"4.862785140661875, 3.494844713054288"
"4.858894556444158, 3.4887926264638978"
"4.858894556444163, 3.478324727685088"
"4.85500204532753, 3.472229107290122"
"4.846980978209398, 3.472229107290122"
"4.851107598197148, 3.4661160867697376"
"4.855237843941812, 3.449399141101882"
"4.863267559872032, 3.438773054043942"
"4.867161468185753, 3.423638827911109"
"4.8713004227455805, 3.4066556102074905"
"4.8713004227455805, 3.395869595861722"
"4.8713004227455805, 3.395869595861722"
"4.86740580332793, 3.389560063468174"
"4.867650475782663, 3.3877545522011836"
"4.867650475782663, 3.3877545522011836"
"4.871547722947708, 3.383232454557586"
"4.875443061798956, 3.3787064162380247"
"4.879336501314519, 3.3741764388278455"
"4.8832280504227, 3.3696425239913097"
"4.887117718002179, 3.365104673471432"
"4.887117718002179, 3.365104673471432"
"4.887117718002179, 3.365104673471432"
"4.887117718002179, 3.365104673471432"
"4.887117718002179, 3.365104673471432"
"4.8912662797604405, 3.358721918103061"
"4.912065432419132, 3.3154324474070975"
"4.925161280273077, 3.269388260128956"
"4.942237919973166, 3.2291795929893077"
"4.95940234248331, 3.1882729044266718"
"4.972414256835773, 3.1536421414307014"
"4.994674811844236, 3.0998911976507983"
"5.033268945165746, 3.047125206506152"
"5.063915041435887, 2.9931817834120693"
"5.094822472059752, 2.925253113642313"
"5.125997710324233, 2.8686457351741836"
"5.134827883091662, 2.839848404368418"
"5.135273122269806, 2.8107880460065644"
"5.136165527158161, 2.778766113806576"
"5.13706051008969, 2.759893578812843"
"5.14195162693934, 2.721868258211252"
"5.133071010949723, 2.7382368626373577"
"5.124209108004188, 2.754515691565004"
"5.1193503849565545, 2.765343720204477"
"5.1145037303732055, 2.776119241779739"
"5.105692449708023, 2.792170560123864"
"5.097316623048682, 2.765419255535683"
"5.089357724499584, 2.735729600289382"
"5.085375856878493, 2.7139862881486394"
"5.073019957271692, 2.678399196112018"
"5.065047063634698, 2.647959866632519"
"5.050234436743729, 2.6195022341635195"
"5.034957130647687, 2.5936321141506653"
"5.015580067685173, 2.558819917584813"
"5.004544682337258, 2.537910430056037"
"4.989387412570451, 2.493406433727529"
"4.999079860727412, 2.5103436531275136"
"5.0131475428984205, 2.5217891184080585"
"5.023347039099644, 2.5393247031230004"
"5.038430837334053, 2.5480697351805546"
"5.048777179504792, 2.5845793943491344"
"5.054855765146549, 2.6808795286500597"
"5.061290238564544, 2.7711276837881087"
"5.071896534539034, 2.8529750997404335"
"5.081979281042235, 2.934923014569577"
"5.0923925041554154, 3.024831298024232"
"5.068973193977236, 3.1975445475734574"
"5.037479868649449, 3.369599174799646"
"5.014802936995332, 3.5306367178107365"
"4.98862334708679, 3.683972412777365"
"4.958721131960173, 3.821971045742046"
"4.915685078464973, 3.9785384131611643"
"4.8778264109713, 4.1184310739305126"
"4.837495364391226, 4.25016570259378"
"4.7980878664699835, 4.3732539093238625"
"4.763538768328039, 4.485049828936152"
"4.770339990568308, 4.582624110723275"
"4.769498361857827, 4.683533325515059"
"4.768662206005455, 4.775185709076414"
"4.76044347117113, 4.864486343142067"
"4.763487080584377, 4.949311508300299"
"4.751650294061232, 5.069617570027248"
"4.7510343563709165, 5.186139881435905"
"4.7429495837102404, 5.3027164700759695"
"4.746160148718141, 5.423282132569562"
"4.738271895788649, 5.542463846608025"
"4.742359140812902, 5.610181786120309"
"4.7391415006468804, 5.672796428527248"
"4.739578816666783, 5.739758169362482"
"4.736197611490351, 5.804474127711876"
"4.736630759198621, 5.874091252158474"
"4.728426904461139, 5.858304777435064"
"4.7277345753725735, 5.849501342965997"
"4.715832376817966, 5.837190168578929"
"4.711418867026166, 5.825001603641104"
"4.703409375675364, 5.809764671460516"
"4.696265900036508, 5.8037792089467555"
"4.688993341885719, 5.797440093648679"
"4.692859915496527, 5.794616194024303"
"4.685684598765127, 5.788616423211955"
"4.682144675089623, 5.7857838646678585"
"4.685905630327997, 5.782610082200215"
"4.68978248311691, 5.773091096716638"
"4.689895792556869, 5.766747021757831"
"4.693667110631404, 5.763575542780377"
"4.701218043147704, 5.75723367452968"
"4.701459818455426, 5.75120936325084"
"4.697915516963164, 5.7483519080719825"
"4.698153591648872, 5.742315387929219"
"4.698392277091875, 5.736271960084809"
"4.694832829885323, 5.733400123229154"
"4.698991678249021, 5.737811256331173"
"4.703169709614484, 5.742246824556699"
"4.703540139903777, 5.7499131067245575"
"4.707746512837069, 5.754407398389739"
"4.7082547394388765, 5.755702348881348"
"4.708382208922705, 5.756027197583023"
"4.708509844184754, 5.756352492559771"
"4.708765613340071, 5.757004425045997"
"4.705162074898251, 5.760896101120323"
"4.7090220495063315, 5.7644664679806485"
"4.705287978162251, 5.781708018118388"
"4.701551855224464, 5.799032327064102"
"4.7052879781622465, 5.809174902765715"
"4.705287978162251, 5.822977207546905"
"4.705287978162242, 5.836826244483683"
"4.705162074898251, 5.850326794814704"
"4.705036335626166, 5.870834780848266"
"4.70130501110835, 5.888549741595535"
"4.6974508464310505, 5.905917875611615"
"4.697450846431042, 5.927117505777856"
"4.704910760025511, 5.96222559807939"
"4.712362495912472, 5.990407320685938"
"4.719671173379949, 6.032730524432657"
"4.726962487136264, 6.060773598716523"
"4.734236554896119, 6.096305239842927"
"4.730389298555629, 6.114458779161784"
"4.730389298555629, 6.129278755528404"
"4.722840036247635, 6.1441561965617435"
"4.722840036247627, 6.1665811057613436"
"4.7154241767134595, 6.182256176916299"
"4.711842757150276, 6.16442796947006"
"4.70453501205974, 6.143221948748861"
"4.712362495912464, 6.1220779339029665"
"4.7163509833736805, 6.096998590163192"
"4.720212046801324, 6.071467042127254"
"4.719941258147822, 6.0337999774938815"
"4.719536394095132, 6.003282598730986"
"4.711583898166522, 5.965994777345386"
"4.703787892364715, 5.936704605915184"
"4.696013611520592, 5.907705741010242"
"4.695067771920358, 5.848993560952998"
"4.694131609354911, 5.791707773403876"
"4.693204975949874, 5.7357710221634735"
"4.692287726830804, 5.681107492848093"
"4.691379720047413, 5.627642912889819"
"4.691041571813511, 5.576260397930364"
"4.69070469646045, 5.525591101640329"
"4.690369086808878, 5.475583309203359"
"4.690034735733425, 5.426184627325698"
"4.689701636162113, 5.377342007083552"
"4.69070469646045, 5.305230512338295"
"4.687988970289326, 5.229857985498161"
"4.685244217350382, 5.154077903933699"
"4.682469966648678, 5.077661466155755"
"4.679665736870291, 5.00035298588036"
"4.669427724961504, 4.927816897923806"
"4.666620161721504, 4.853868668214075"
"4.663877118323884, 4.777891271614752"
"4.661096425425491, 4.699786182586061"
"4.6582772992247055, 4.619193708533585"
"4.674562034911749, 4.526664414134258"
"4.683343524186863, 4.429867083343888"
"4.699958783501711, 4.336821142892873"
"4.708868107619124, 4.2317718008643475"
"4.721773792398454, 4.125756522315239"
"4.727133048873079, 4.029056615152548"
"4.736506831876442, 3.9233307888524642"
"4.737908954245955, 3.802234755368513"
"4.751626746639237, 3.6877272991117565"
"4.761519043521356, 3.5603745301047525"
"4.777378082499635, 3.501996508940394"
"4.788991880793393, 3.4489324869527707"
"4.800554261261741, 3.3951242477318644"
"4.807889739769984, 3.3359158801297326"
"4.815186779736599, 3.275838879698412"
"4.802703647165839, 3.2155542418240266"
"4.798350868626088, 3.166021705968113"
"4.794007867672833, 3.1158124699464302"
"4.785729750460035, 3.0577186186238023"
"4.777465682509142, 2.998683651970275"
"4.758226632164797, 2.966960180581161"
"4.7308828433025045, 2.9195126712145836"
"4.707324998084359, 2.8787514056093784"
"4.687615585484243, 2.845056929854316"
"4.667763211566536, 2.810792715251253"
"4.675399463651727, 2.7975137069783216"
"4.687001039486429, 2.792254364655939"
"4.694517912439498, 2.7790739185094324"
"4.701984064928984, 2.765940627152766"
"4.709400069279701, 2.75285450168262"
"4.6977399398888915, 2.7765647656417727"
"4.686026664611499, 2.8002460573943466"
"4.678265253221719, 2.8186458855150676"
"4.666456732308342, 2.842276570106918"
"4.658622391184186, 2.873656695426547"
"4.666564767878042, 2.891683070569755"
"4.6744863305199225, 2.9095710958023204"
"4.67838128083602, 2.9324594090028384"
"4.686269239434355, 2.950047315424378"
"4.690143515347169, 2.9599997889269716"
"4.69812768442233, 2.96241471237893"
"4.701984064928985, 2.9723023762486136"
"4.705832822290245, 2.9821417414052505"
"4.709673987428347, 2.9919330599395266"
"4.713507591055824, 3.0016765839762485"
"4.705563964846748, 3.0240584276992877"
"4.693631082271637, 3.0267419745673934"
"4.685664066257072, 3.036741026281689"
"4.677687534498795, 3.046724488106044"
"4.669811128519855, 3.05440815071983"
"4.66570469158832, 3.049420151401449"
"4.665597854617713, 3.0639436888007623"
"4.669701394204398, 3.0689117238077586"
"4.665597854617717, 3.0761324531002785"
"4.661393718130084, 3.085573883624562"
"4.657299454491167, 3.0927427880957055"
"4.661290062120178, 3.0878106034134376"
"4.653110459826363, 3.0900427175708316"
"4.65311045982636, 3.090042717570853"
"4.65311045982636, 3.090042717570853"
"4.653306398256577, 3.0612464383122315"
"4.6495018688925525, 3.03712529428239"
"4.6455913136161415, 3.002658652424053"
"4.645777574698864, 2.972860937941313"
"4.641944534957369, 2.9351355369346734"
"4.625919591288725, 2.8762067105392646"
"4.609831228611885, 2.8292543355645776"
"4.597798042175185, 2.7868424918161168"
"4.581582112489188, 2.738360885662537"
"4.573514392253832, 2.68907421807841"
"4.561279618199072, 2.6888608607225493"
"4.549002317262202, 2.6748415546662656"
"4.540820870749395, 2.666229813239511"
"4.528459884151324, 2.6520383125528824"
"4.516054878411325, 2.6517552652246295"
"4.53258997014272, 2.688216177058223"
"4.557309569690649, 2.710499088229895"
"4.573644970911593, 2.735342406033709"
"4.594024246869125, 2.7652679172557697"
"4.61017542201521, 2.7894905734979076"
"4.630283311730311, 2.899704433083677"
"4.633897322756918, 3.0208410189208905"
"4.641582571130397, 3.1298744199991013"
"4.653306398256576, 3.2394038680813324"
"4.6649599388256, 3.3445333186288515"
"4.684466245262609, 3.414919217132237"
"4.711982820552102, 3.4814217456616063"
"4.739350997629861, 3.5459903387660425"
"4.754521397846246, 3.6044565691018953"
"4.773484151628114, 3.657141949595669"
"4.7660532858386935, 3.5932578622576905"
"4.762498458325268, 3.523223164967188"
"4.755020070047328, 3.4555561835856032"
"4.755520799445878, 3.385945443032824"
"4.752093674340333, 3.3189491067155146"
"4.743966606057562, 3.2768856274531473"
"4.735718292885933, 3.242496906102751"
"4.727011712458638, 3.1963979154588493"
"4.717993392085835, 3.1479120273808157"
"4.717560808747067, 3.09445247609478"
"4.805887495275733, 3.266976739812975"
"4.887822592941136, 3.4214207802356"
"4.976493867839471, 3.5749916859381017"
"5.06336583347723, 3.7167469939799886"
"5.131294769576428, 3.849198969986478"
"5.048640012456971, 3.980740216200921"
"4.968595269886682, 4.102659780085251"
"4.887136727133669, 4.211822948403839"
"4.8080201859612295, 4.314135082391928"
"4.738642012531411, 4.411080832754232"
"4.733110223793851, 4.546027126893639"
"4.727661956396756, 4.673991525685301"
"4.7259908238332065, 4.799725369917136"
"4.716877098600193, 4.920973447695987"
"4.708029068234591, 5.038797168942732"
"4.71103961552584, 5.084823865143303"
"4.714029539579821, 5.130518665915931"
"4.7133933779737145, 5.172907979220405"
"4.720078939682015, 5.215105962599193"
"4.726724050082198, 5.257152155242358"
"4.723141785316961, 5.290139324461008"
"4.7158439778274825, 5.326256359152247"
"4.70854769392447, 5.362523923161173"
"4.701252876480781, 5.398963326641862"
"4.697664100984591, 5.432583554295135"
"4.697780412653181, 5.4510843600099355"
"4.694187508927734, 5.466522287225295"
"4.694301743870008, 5.4851664259319435"
"4.694416122207109, 5.503894809622714"
"4.69081684725788, 5.525749196939211"
"4.687435897383798, 5.548052665850722"
"4.6951054187106935, 5.573774188594276"
"4.699069529771393, 5.59644374107132"
"4.6994242192176765, 5.616204485805431"
"4.699780256775106, 5.636122928398519"
"4.692401874647056, 5.674880282438161"
"4.681390468887131, 5.710845760471914"
"4.670374958019118, 5.74713251657205"
"4.662997020904211, 5.786915189921203"
"4.655620215799461, 5.827081479253736"
"4.652065262150031, 5.86484376434036"
"4.644851426168494, 5.899815061683505"
"4.641279049358931, 5.93843062402537"
"4.637700092055725, 5.97750407370371"
"4.634114529025729, 6.017049001873023"
"4.64160835881892, 6.01756107439291"
"4.645444224284848, 6.021886039382595"
"4.649287689485888, 6.019101615656844"
"4.656812376311899, 6.019616575751599"
"4.660673702353981, 6.016827176016501"
"4.660768788902571, 5.996014164491051"
"4.664445200148187, 5.978088557417701"
"4.664445200148187, 5.9640047411768"
"4.664542733739473, 5.943431520654977"
"4.664542733739478, 5.929462703496864"
"4.660959327338875, 5.933626273880477"
"4.664836084777723, 5.930808254560058"
"4.668720610448892, 5.9279868410550325"
"4.672612936568046, 5.92516202500185"
"4.676513095529164, 5.922333797982684"
"4.680312791512668, 5.912076621484762"
"4.676618939327809, 5.908806787272534"
"4.676724919428853, 5.9092415352768475"
"4.673026655282055, 5.9059699800352"
"4.673130418237253, 5.89942865479701"
"4.676937289593357, 5.910112853516383"
"4.68455939133725, 5.917550168847996"
"4.684670781125822, 5.917992642445044"
"4.688488539588075, 5.928750511793836"
"4.692309118538249, 5.939544808390813"
"4.696013611520592, 5.94990832227298"
"4.69971607017987, 5.960292615421011"
"4.703293027003484, 5.970215387516144"
"4.70698909174109, 5.980633872582268"
"4.710683151781555, 5.991073584196822"
"4.714244856640098, 5.986766910879011"
"4.713984641146466, 5.9857801873589604"
"4.7214834818142055, 5.985780187358972"
"4.721348786490932, 5.992396066690892"
"4.71372509478391, 5.991898981473816"
"4.709536933345675, 5.993711383022646"
"4.712821914790126, 5.988438911643062"
"4.70852912430496, 5.9827105981081505"
"4.711672505743626, 5.977023344545318"
"4.72219051167025, 5.978363075505787"
"4.725819426103439, 5.981619710542915"
"4.72581942610344, 5.988622292442505"
"4.729446441409973, 5.998902142563493"
"4.729446441409973, 5.998902142563493"
"4.729446441409973, 5.998902142563493"
"4.718559689698969, 5.989110283767681"
"4.707655693820832, 5.979324489204178"
"4.693089809545748, 5.9732810322246275"
"4.682144675089624, 5.9634982241838275"
"4.671181514900238, 5.953721271653203"
"4.671486095917621, 5.913365172599671"
"4.6680198201442105, 5.869632032754599"
"4.668219405574649, 5.822652769806022"
"4.664738175813781, 5.779618327842204"
"4.661246051859131, 5.736886429064032"
"4.6501693089663325, 5.7074051518511535"
"4.642858351387901, 5.6814972405234405"
"4.6355295456008685, 5.655672394018827"
"4.631897026516204, 5.626539924028666"
"4.628257700709185, 5.597530663534367"
"4.620607606215264, 5.571196859541214"
"4.612978006798015, 5.545067461953091"
"4.605368751599348, 5.519135065687448"
"4.594071631843435, 5.496635585632868"
"4.5827975135467405, 5.474268760256819"
"4.579087547988727, 5.433395364994531"
"4.579087547988727, 5.395839711024377"
"4.579087547988727, 5.3584847998549145"
"4.575375312884087, 5.318230332238036"
"4.575375312884085, 5.281208933282904"
"4.571852942772342, 5.241117682264953"
"4.572085154176934, 5.191592104271699"
"4.564767401199104, 5.147984492798525"
"4.564973756058115, 5.104091054020671"
"4.565181728570179, 5.053639307253553"
"4.565391337833234, 4.95884873635428"
"4.557931807387946, 4.868956483428825"
"4.558114321337273, 4.77727461980634"
"4.558267525856461, 4.683705462866413"
"4.550695353025254, 4.586957200243775"
"4.539177657120111, 4.5040709216158685"
"4.527559596970635, 4.418277882644256"
"4.519771810121656, 4.317536907193544"
"4.504010693196119, 4.219869779118834"
"4.492073787724729, 4.122059030850565"
"4.488016797538153, 4.020528070000335"
"4.483929073281716, 3.913982916070669"
"4.4758097294106, 3.807271851849382"
"4.471645523805375, 3.6895580447501217"
"4.467449372289495, 3.5653986344929507"
"4.463322420082037, 3.5038184669232173"
"4.459180914456734, 3.440625209861196"
"4.455024766358502, 3.3757703472204383"
"4.446804907494462, 3.315859551025085"
"4.442613352482177, 3.247730406189824"
"4.438509770256068, 3.2174967995785586"
"4.434403059337467, 3.1869453986751672"
"4.434403059337471, 3.163135808260364"
"4.438406854798497, 3.117714881600076"
"4.4342943432970126, 3.0861133253011417"
"4.426059845468686, 3.096095094985678"
"4.4178126113844005, 3.106060656463864"
"4.4054176063046695, 3.108802191005214"
"4.393076914294482, 3.1380595563541966"
"4.384783388493906, 3.1479475662815553"
"4.380724052491069, 3.1430056165304165"
"4.376571901256742, 3.1479475662815553"
"4.376571901256742, 3.1479475662815553"
"4.37657190125674, 3.135859516781828"
"4.380724052491069, 3.1430056165304165"
"4.397218710355276, 3.1572354032104606"
"4.409696230626095, 3.168630092088687"
"4.422064001308386, 3.177810596381047"
"4.434403059337476, 3.1869453986751743"
"4.442613352482177, 3.1890645031032534"
"4.434348739419888, 3.1729230968505036"
"4.430121295127085, 3.1495601137662845"
"4.42181130020329, 3.133109392263492"
"4.413476664213939, 3.1165279647573776"
"4.405117178697913, 3.099814715984998"
"4.409408396919712, 3.12372609207706"
"4.413684179275196, 3.147379832767239"
"4.417944622121763, 3.1707788234772245"
"4.422189820919806, 3.1939259642863718"
"4.426419870243658, 3.2168241670032565"
"4.434673521432141, 3.267381968802205"
"4.442903099799421, 3.316977602257033"
"4.451108804025509, 3.3656284724102044"
"4.459290830286619, 3.4133526661204634"
"4.467449372289495, 3.4601688582124055"
"4.483657672804782, 3.4743114269682955"
"4.495794255050307, 3.4944770993104974"
"4.511909999999994, 3.5083579810308976"
"4.523958765332996, 3.5281603344889305"
"4.535965920497371, 3.5477544263203526"
"4.535965920497371, 3.5580446558291143"
"4.5399848925623525, 3.562379412600155"
"4.539984892562361, 3.572618417240374"
"4.544006657970255, 3.5769365996824156"
"4.54803123014544, 3.5812509128762535"
"4.552030971220111, 3.5769365996824156"
"4.5559976606248345, 3.5741964606546865"
"4.555967348221582, 3.5655583509728856"
"4.563978235963972, 3.5553069599030636"
"4.571989472031886, 3.5450170821345637"
"4.580001138370897, 3.5243212044561645"
"4.580047991646962, 3.512261022246726"
"4.588118126825507, 3.500131552166639"
"4.592102342707222, 3.4851948657978014"
"4.596083974211823, 3.470188543812199"
"4.6080796055582, 3.444441830154691"
"4.628004859656239, 3.4094612914432467"
"4.639890414416879, 3.3741241325064877"
"4.647801869305628, 3.3430152929986896"
"4.659650913066069, 3.3181400397755496"
"4.663491877236085, 3.3265327933807534"
"4.663491877236088, 3.337591873161376"
"4.671478467186094, 3.3595867334101825"
"4.679466465296785, 3.3814180495952435"
"4.683519822921701, 3.3967869195133993"
"4.652138861316234, 3.4824604174644627"
"4.624502595708598, 3.5619333668763815"
"4.592602270671835, 3.6354779974683"
"4.560490483477565, 3.7075484356623782"
"4.524101651222837, 3.782297746336827"
"4.540218769024593, 3.8571769006660723"
"4.560188516565916, 3.925340366135476"
"4.579954349493303, 3.9910559996923283"
"4.595565849860954, 4.058185210215711"
"4.614962491690632, 4.119361283315438"
"4.641972038855228, 4.147398622315169"
"4.664813479261754, 4.178347752087586"
"4.687421196367726, 4.208610576021616"
"4.713620467074994, 4.234784679586198"
"4.73954416532535, 4.260415164749755"
"4.735454718256247, 4.317472174840853"
"4.731373895924863, 4.373275466097988"
"4.727301661340531, 4.427915341293515"
"4.723237977721399, 4.481480372544391"
"4.719182808493059, 4.534057248074621"
"4.719046180020254, 4.57536644124723"
"4.722820178554551, 4.619264319579093"
"4.722681279440632, 4.659548497067698"
"4.718637374363428, 4.702857879274211"
"4.718501464546052, 4.7422587253413315"
"4.7258872381730335, 4.7880491131162515"
"4.737006527077587, 4.8303263879031455"
"4.748248161604882, 4.878240799218441"
"4.763373934094845, 4.9225254836561305"
"4.774581559741388, 4.9697825146298555"
"4.781690655275054, 5.00150433253059"
"4.7772715872441935, 5.0362259472325945"
"4.780462277995392, 5.06457433361077"
"4.783638903767258, 5.092780489666708"
"4.786801561766546, 5.120857967099262"
"4.778382356346332, 5.133618810800302"
"4.77385648264697, 5.143202575827573"
"4.765533795088244, 5.155821054032353"
"4.757266600050584, 5.1683642688091505"
"4.7490542656405665, 5.180833923792736"
"4.752080960840689, 5.208333688399953"
"4.755090755082858, 5.235722030040129"
"4.758083793362421, 5.263009785905888"
"4.761060218971296, 5.29020725624728"
"4.764020173523662, 5.3173242250379475"
"4.763861896870691, 5.37182283038521"
"4.767283771304571, 5.429667019213622"
"4.770699651358189, 5.4879261679555125"
"4.774109558331502, 5.54667465626369"
"4.773781591209594, 5.609031447799953"
"4.770699651358183, 5.695953746702569"
"4.76402017352366, 5.781879498732531"
"4.757308735394117, 5.870054015778928"
"4.746958259047071, 5.9643655141885095"
"4.743935678160568, 6.054440346960889"
"4.74408265923866, 6.097957370054296"
"4.74060580479063, 6.1386869014517"
"4.737122736628619, 6.179932060899718"
"4.740896169924745, 6.2210341227822745"
"4.741041629525219, 6.266731580553784"
"4.733915438294257, 6.260596152719241"
"4.734198163726182, 6.262005896808296"
"4.730694185886028, 6.25928391958181"
"4.723532160972779, 6.253129438905155"
"4.7163534016666695, 6.24696911836234"
"4.716745922734301, 6.241495334994635"
"4.705863892394795, 6.224340778610236"
"4.7025555009752, 6.215404827099954"
"4.702923551417581, 6.209883887404796"
"4.703293027003484, 6.204349593740036"
"4.695894847228245, 6.189946699596462"
"4.69601361152059, 6.183084030969853"
"4.69601361152059, 6.175579184611033"
"4.692309118538249, 6.15719614276868"
"4.688602582039954, 6.146327145004136"
"4.688488539588062, 6.1457057490503155"
"4.688374644370154, 6.145085254055578"
"4.688374644370153, 6.137659086653211"
"4.688260896101061, 6.144465658053493"
"4.688260896101061, 6.137045463721847"
"4.6805295878579996, 6.106329983374994"
"4.680312791512676, 6.075936207258794"
"4.672509838881701, 6.045319432023069"
"4.661150354456558, 6.012260492851561"
"4.649727088612342, 5.986129996310512"
"4.653319308019105, 5.939707001720032"
"4.649463112320068, 5.893913464604763"
"4.645699902843592, 5.849113857773863"
"4.649287689485891, 5.804478449130771"
"4.649200145832478, 5.757233674529695"
"4.645614567887742, 5.714587454872646"
"4.645699902843597, 5.66887293146205"
"4.649463112320067, 5.626683804153134"
"4.6458709001076794, 5.578616362931251"
"4.6458709001076794, 5.5402241363586056"
"4.645956562834967, 5.508594360471821"
"4.6423554729022625, 5.480326684004214"
"4.638747696454907, 5.452142454847548"
"4.638829004927148, 5.42712121460523"
"4.638991935138063, 5.395991857272683"
"4.638829004927145, 5.3584847998549066"
"4.6386664921371885, 5.321252805129805"
"4.634817963141091, 5.287345881936493"
"4.634660945222552, 5.250563679207196"
"4.634504328137337, 5.213983535666302"
"4.630749257678144, 5.204867083102298"
"4.6270702167686855, 5.195708893231855"
"4.6270702167686855, 5.183535902604978"
"4.627070216768675, 5.171369905903765"
"4.6270702167686855, 5.165289236059801"
"4.630673520295003, 5.174509587981902"
"4.634192290340687, 5.183775808228587"
"4.6377000920557325, 5.193016659646735"
"4.63754045679154, 5.205237790226346"
"4.637381226353139, 5.211382136886035"
"4.644683021207383, 5.211424280598288"
"4.644598978695105, 5.211466371106712"
"4.648158262868862, 5.208509671228282"
"4.648072152984293, 5.208553528305114"
"4.651711040374863, 5.211592324414912"
"4.644515042558241, 5.175293156116251"
"4.648417247558271, 5.141931295195722"
"4.6486772191715735, 5.111458965918239"
"4.652599975049637, 5.077915524336525"
"4.649025392984262, 5.038341223227782"
"4.6569049011968575, 4.994969933960606"
"4.657276186010728, 4.945292949888795"
"4.661437815533447, 4.898111523022179"
"4.665623898718199, 4.844165670435194"
"4.6698346628887775, 4.795787844439102"
"4.674070338290744, 4.740337228701051"
"4.674597270300761, 4.68048856486177"
"4.678982460408879, 4.615869900801538"
"4.679529122030768, 4.553299407088986"
"4.687618266849817, 4.489719306276285"
"4.703423917334736, 4.438618724124584"
"4.71931961752127, 4.400696352625488"
"4.731373895924857, 4.358781723366199"
"4.7474360226255055, 4.31938419922222"
"4.759956689551471, 4.274316005907238"
"4.777098714881264, 4.275051367128302"
"4.802338269052261, 4.260506459192705"
"4.823837666536921, 4.249975907499021"
"4.841726205667458, 4.242784365106459"
"4.863751311275585, 4.239827146388741"
"4.769750273377883, 4.156474070962961"
"4.674372906062948, 4.077317243700641"
"4.577460115282284, 3.9941268199238777"
"4.482976108938715, 3.9117554870700957"
"4.386638977670236, 3.814082897994009"
"4.323409092275839, 3.7452494357351185"
"4.255406602675983, 3.678575471060153"
"4.182661841370588, 3.605294335608299"
"4.117788925307141, 3.518646444139467"
"4.048144664144716, 3.435334313373051"
"4.023333422376605, 3.474465678340529"
"4.00756329873579, 3.5146296593796187"
"3.9959696466917247, 3.5585326484077093"
"3.9758367101889194, 3.601527363058377"
"3.9557665493103586, 3.6436385347048237"
"3.9332267348366194, 3.6758747623289665"
"3.9060030039081717, 3.702019410636751"
"3.882702130621234, 3.7323377170118306"
"3.855090409443262, 3.7581684994021884"
"3.8272708948796517, 3.7838561940961597"
"3.9435052060270044, 3.830572481276935"
"4.056062077699093, 3.8766374442161045"
"4.164883979692387, 3.9207924925898894"
"4.27432637542922, 3.967007762260433"
"4.380729649890253, 4.011357167336154"
"4.83210494250572, 3.9569480569238706"
"5.306242254075357, 3.89281550002746"
"5.822184244489591, 3.8243875259547515"
"6.400041346012377, 3.7453598341261376"
"7.055650164912355, 3.6649766940039257"
"7.3781393484763225, 3.5919126980886418"
"7.722124433448105, 3.5158456758270944"
"8.083596656885472, 3.429553380660227"
"8.457927394316698, 3.35029850078908"
"8.864683783911277, 3.2601746112151844"
"8.890916007769974, 3.2660639019210223"
"8.947463625956292, 3.2720301470474595"
"8.99478229972773, 3.2895090866700514"
"9.0382110598272, 3.2957028749827586"
"9.06174248946243, 3.2937833775681575"
"9.090435145351853, 3.362754012058023"
"9.109058981818771, 3.429298413552676"
"9.13899746808754, 3.4844492354437726"
"9.180437235448657, 3.5453395128970158"
"9.228493722676363, 3.6138614577569754"
"9.24511376019132, 3.6102669143843507"
"9.250730176373967, 3.6142717279687737"
"9.250811764765299, 3.6238194877911027"
"9.256402678669337, 3.627767448296712"
"9.256476416102506, 3.6372196369099115"
"9.267056777488625, 3.702888388227855"
"9.294579433528991, 3.768056852256194"
"9.311350625000001, 3.8273816302645898"
"9.357009447445828, 3.895315029314567"
"9.403638186758577, 3.971085238056233"
"9.500471351360725, 4.057842713633999"
"9.571477406820797, 4.151766121769668"
"9.658626431488862, 4.2399292054092825"
"9.724010253108583, 4.318785211518589"
"9.793332073691976, 4.391598623622146"
"9.905936116543305, 4.4824979553334625"
"0.0, 4.572853777904443"
"0.0, 4.676164797844448"
"0.0, 4.805725909815182"
"0.0, 4.940506986350622"
"0.0, 4.946150577280905"
"0.0, 4.955370221998777"
"0.0, 4.972163238128093"
