"9.222748780219623, 2.1596089188543317"
"9.20532818281507, 2.2482674763599704"
"9.167799256889547, 2.338047131031537"
"9.158062109318697, 2.319369269097649"
"9.3481288675478, 2.4413841414918664"
"9.517874200009535, 2.5471788480141058"
"9.589806407871142, 2.63446776980161"
"9.646924189593594, 2.6694812092673104"
"9.703987371294428, 2.7184755109602037"
"9.74089898359552, 2.610881553818949"
"9.771817386645782, 2.5188540767510545"
"9.807637361260218, 2.4330359614781543"
"9.85436076519443, 2.3639436809743017"
"9.895035417112748, 2.3032080609511283"
"9.92875455225815, 2.1625218673755597"
"9.959766254457474, 2.0305104397745453"
"9.988383723651532, 1.906714641712945"
"0.0, 1.7994526406791422"
"0.0, 1.6734390744262697"
"9.989059788747333, 1.6966171446828469"
"9.965242489748519, 1.7277361176551267"
"9.941806198358169, 1.7583223506262584"
"9.90617695408446, 1.7801768479875975"
"9.908509273115316, 1.8476625911336697"
"9.908808707151351, 1.9407715482993524"
"9.927801207046688, 2.0132153739824545"
"9.947229151489358, 2.0864898762621564"
"9.980223795060171, 2.1688325803884467"
"9.994621438244849, 2.230410749273524"
"9.98133399052096, 2.200441332225026"
"9.960948142534939, 2.175383084707363"
"9.953842636519871, 2.1368463429995614"
"9.934542215665767, 2.0929897373617337"
"9.914338916269616, 2.0677307096417366"
"9.944807042199031, 1.9589045098347952"
"9.975182872912567, 1.8716298199613703"
"9.98627527335391, 1.7839270518825785"
"9.989218933552086, 1.6989015205410851"
"0.0, 1.5881110459778611"
"0.0, 1.6030604356370475"
"0.0, 1.612073449187264"
"9.991948706956665, 1.635157345377273"
"0.0, 1.6774041480504565"
"0.0, 1.724994331450631"
"9.98007386660736, 1.9406346232597897"
"9.913603150311248, 2.136288990467733"
"9.853713727456553, 2.3436500234331064"
"9.77392841969683, 2.5215108869256824"
"9.681325758528878, 2.686239634124803"
"9.426028897760736, 2.7257654429933496"
"9.193060401319281, 2.7713423637954904"
"8.95269573613738, 2.8117457512341772"
"8.716992384397905, 2.85778634074736"
"8.491393228965622, 2.9021684971049666"
"8.234399638076395, 2.8255958637796397"
"7.9870145485204596, 2.748606490351129"
"7.758032376738839, 2.6604583225475054"
"7.531779494661079, 2.5606311794688423"
"7.327415996522035, 2.4782798867765408"
"7.155442804593842, 2.334666532680849"
"6.983062420238392, 2.1837390080000105"
"6.810328034756097, 2.025450142126701"
"6.642828337745672, 1.873134485854905"
"6.469524833348173, 1.7010650543974961"
"6.36440276198014, 1.5913733370680134"
"6.26798973089288, 1.4669987569377696"
"6.172618388009067, 1.3420302159710786"
"6.078263445246809, 1.2169571645139143"
"5.984896929169185, 1.092345253775946"
"5.9604235464501905, 1.053624579794132"
"5.935811329246787, 1.0147112087411898"
"5.898532289427471, 0.9976989859339653"
"5.861095471072978, 0.958452840917758"
"5.830442266499918, 0.9269536752896101"
"5.784720457324183, 0.9474765522745798"
"5.727021484212119, 0.990188544106303"
"5.682125003777337, 1.0107287466100985"
"5.637586475793475, 1.0535390713553454"
"5.580217477198561, 1.0802923347034294"
"5.541681294280552, 1.0249915506084903"
"5.502040136948134, 0.9759388325664418"
"5.468871287512602, 0.9127563534944727"
"5.435622708713201, 0.8498329774140814"
"5.408762631083125, 0.7949750605936288"
"5.385594566494185, 0.7886406663007932"
"5.36329788491344, 0.775962422422495"
"5.334535468640438, 0.7772885340270363"
"5.30576696291016, 0.7786189977456957"
"5.282590116320075, 0.7722552303697654"
"5.260936166792412, 0.7531478334784225"
"5.251204843386147, 0.7124265729628405"
"5.247070487769507, 0.6644563754824304"
"5.225195546770237, 0.6243489125229047"
"5.203940046647002, 0.5783265313131523"
"5.196847756081663, 0.5773490081170678"
"5.183424618415016, 0.5898556617123205"
"5.152438946135983, 0.6096724352856882"
"5.151137662418321, 0.6013579478514544"
"5.143563724157636, 0.6274482797448115"
"5.1235500129319025, 0.6811281946827563"
"5.1037056058236105, 0.735347101745262"
"5.0840275904538075, 0.7899868652640265"
"5.070628782187003, 0.8527340743271594"
"5.051771467236036, 0.9016400044546771"
"5.009366476546896, 0.934851901981844"
"4.967367761956888, 0.967998646547997"
"4.9371933815337155, 1.0010634879488975"
"4.89003179946228, 1.0482410283849646"
"4.848831724686972, 1.0872649758697577"
"4.8031550312139375, 1.0996165553567465"
"4.769192351628496, 1.1057789914973455"
"4.7296339331581265, 1.1260752357496813"
"4.684573756135059, 1.1383336605371"
"4.639856028718414, 1.1665728279484"
"4.595417355111577, 1.1826352324312097"
"4.534166139712886, 1.2189579276313083"
"4.484074232625053, 1.2270307484065341"
"4.43945402672258, 1.243205979071206"
"4.3948305203126505, 1.2432059790711634"
"4.400782945813291, 1.2754262212006893"
"4.412189210453235, 1.2934019114944704"
"4.423611814154981, 1.3172173001189265"
"4.42940688046087, 1.348904815836761"
"4.435163229365892, 1.3803824144120824"
"4.550471621460501, 1.3811697191435428"
"4.667029494468416, 1.3819652500113477"
"4.779642332173885, 1.3909388228481916"
"4.899512744650935, 1.391794694248098"
"5.026918301291625, 1.406890252111431"
"5.2354657858182065, 1.4009239130524804"
"5.448310043656501, 1.3949455005438338"
"5.666330912995274, 1.3889550320672797"
"5.890296827208234, 1.3829525259557585"
"6.1152636171426895, 1.3626192047321695"
"6.337701540111761, 1.3400036302924292"
"6.566398344554874, 1.3173886158493389"
"6.801642284291364, 1.2947773130790665"
"7.043658305090881, 1.2721729532436399"
"7.292614076522133, 1.2495788486519928"
"7.369752191615501, 1.247498590946492"
"7.447319245893282, 1.2454244925413178"
"7.516005876906164, 1.2576545787194249"
"7.594320584470625, 1.255572236040578"
"7.67890231564828, 1.2677445962113723"
"7.847258992024359, 1.224974123642241"
"8.029034799319405, 1.1678562070528073"
"8.231050727580103, 1.0883385628739148"
"8.427050310853005, 1.0232649083124983"
"8.621141768426114, 0.9442745020306518"
"8.67472691476885, 0.8957667440103876"
"8.706109295220612, 0.8542868695163435"
"8.742322992069385, 0.8286561906765257"
"8.778333759919898, 0.8033776802646315"
"8.803176057999584, 0.7710688004435582"
"8.884421744279907, 0.7148354157853163"
"8.97874160027401, 0.6659010890567316"
"9.06367704115669, 0.6098853768471031"
"9.150434410971485, 0.554254494981052"
"9.251055217541623, 0.5060080333363572"
"9.203225636679429, 0.5378783144557957"
"9.155754737424664, 0.5500053278895791"
"9.108639881015478, 0.5621518233960927"
"9.05587253682928, 0.5813608913677655"
"9.009472703526633, 0.5935677762446971"
"8.955380749673933, 0.5361196897414828"
"8.912560537280312, 0.5060080333364283"
"8.869465071199503, 0.4760689586538831"
"8.832205655980324, 0.42072995991583184"
"8.788585425382717, 0.391651449127977"
"8.728566015668257, 0.41940201349143535"
"8.658629136439872, 0.44068818137954224"
"8.584262485380812, 0.4495283580816931"
"8.517450533701911, 0.48966672710770354"
"8.452105832481527, 0.5107320850509751"
"8.48510305579146, 0.5889789359286937"
"8.50752759863015, 0.6831266954239226"
"8.546558007790928, 0.7800374063283186"
"8.569051601685736, 0.879133123451254"
"8.608223070446913, 0.9580720328038979"
"8.643754821207715, 0.9566558632475477"
"8.69673391888179, 0.933245198197227"
"8.745347331056694, 0.9600744104997858"
"8.811860718958842, 0.9649697608734016"
"8.855856770625426, 1.0003345525933014"
"8.867269763869619, 1.008392472387655"
"8.87266680170349, 1.024553920782978"
"8.88412047700311, 1.0326570933905828"
"8.877447281721993, 1.0199476504762686"
"8.888935987535437, 1.0280645872217207"
"8.901044008906025, 1.0570542816557662"
"8.901639598723275, 1.0778908985867304"
"8.901639598723275, 1.0778908985867304"
"8.902233462611187, 1.0987028412028081"
"8.902233462611187, 1.0987028412028081"
"8.835840982161073, 1.0669619898306166"
"8.770761639294806, 1.058007866156757"
"8.706960573994186, 1.0271305945180416"
"8.655202737889153, 1.0046187692350372"
"8.5830592942571, 0.9885894971621099"
"8.484821424634205, 1.031951882426128"
"8.397786980553608, 1.061551842866038"
"8.30109461805186, 1.105243939626689"
"8.205246835120434, 1.1490788507346963"
"8.120223381795784, 1.1790095136598353"
"8.039881316420258, 1.1589255529000297"
"7.959928588228199, 1.1168150234240386"
"7.880369898546693, 1.0966638510074205"
"7.801209736433615, 1.076486677939812"
"7.73194789546581, 1.0422319395375865"
"7.699230466635886, 1.0001091522342023"
"7.6665292134484, 0.9798935786838001"
"7.6280252718454875, 0.9239008696146698"
"7.5801766226883265, 0.8820728808700693"
"7.538254042209989, 0.8542868695162866"
"7.467300156856899, 0.8217466153245283"
"7.411404417948097, 0.7892080585837817"
"7.343122983230709, 0.7767196687264004"
"7.287265223644667, 0.7441984250002207"
"7.222404236401577, 0.7254430555227316"
"7.052054483970855, 0.7341683498606244"
"6.87850708375284, 0.7291266240083871"
"6.724145545827557, 0.7177702786041351"
"6.561206569081248, 0.7265307151729843"
"6.395044226199963, 0.7214409479179409"
"6.225988225217789, 0.7899868652640123"
"6.054372171752423, 0.8512811914163336"
"5.887738815842601, 0.9348519019817871"
"5.732568273934351, 1.0044489432336263"
"5.581299506785459, 1.0740612592214376"
"5.452850211350819, 1.1231011610405517"
"5.3266859852402435, 1.1944374947925525"
"5.203288948769314, 1.214813148640843"
"5.081525176243778, 1.2351455316286888"
"4.960756070760315, 1.2838099860818346"
"4.943567389800917, 1.2533671299542846"
"4.9318566655105744, 1.2371463396499252"
"4.914347168005447, 1.2351134801415213"
"4.896904646038157, 1.2330865706837102"
"4.885312992369151, 1.216957164513886"
"4.824152093952016, 1.1967676400351621"
"4.752020663993524, 1.1704305978753382"
"4.690922116589719, 1.1662435296289004"
"4.629510052095209, 1.1459045108252894"
"4.562396860955509, 1.111314301293291"
"4.52314545250241, 1.0909014673263044"
"4.489416036098019, 1.0624569272409161"
"4.444416052433248, 1.018116875796892"
"4.4105501108383764, 1.01187848577122"
"4.370882041517639, 0.991446402958843"
"4.365019550812752, 0.9931173416355961"
"4.34780344971341, 0.9726446360937899"
"4.341720541469678, 0.967998646547997"
"4.3243906882169885, 0.9474765522745656"
"4.30699963532534, 0.9269536752896954"
"4.306999635325339, 0.9269536752896101"
"4.318222070351995, 0.9206344455849234"
"4.341221487789188, 0.904895710782398"
"4.363725396564434, 0.914309012428717"
"4.392311482401821, 0.9064341522131798"
"4.403817153682334, 0.890737561158943"
"4.415391786537741, 0.9033621467003314"
"4.409759974216298, 0.9175155272492361"
"4.404342553447499, 0.9003095653748261"
"4.398731237454734, 0.9144162742015851"
"4.370195530221354, 0.9159634532789624"
"4.341720541469678, 0.9018334386358902"
"4.313192060061837, 0.8877222715895812"
"4.284605890740951, 0.8736313668523508"
"4.261545657207917, 0.867328319061528"
"4.216085984376432, 0.851814795721225"
"4.1702693911050215, 0.851814795721225"
"4.124323210247773, 0.851814795721225"
"4.084210665129142, 0.8658607762012736"
"4.032444545754313, 0.85810876125052"
"4.050022024982514, 0.8721543838936441"
"4.061569000347811, 0.8721543838936441"
"4.079082309270865, 0.88622179819113"
"4.090597283297898, 0.88622179819113"
"4.108049308881717, 0.9003095653747977"
"4.165722087135878, 0.8847260778020853"
"4.228906634789163, 0.883235089630162"
"4.280374525000542, 0.8600371076956606"
"4.337143641017159, 0.8446640515724226"
"4.393698790132654, 0.8293665562821957"
"4.52317805020267, 0.8307597480614959"
"4.658590800805348, 0.8245095933640698"
"4.8004513928950745, 0.8475106869692155"
"4.937609544399164, 0.84124058595485"
"5.076134104375014, 0.8566599849970515"
"5.257021588536162, 0.8643979041310956"
"5.4475165500278795, 0.8799292357048927"
"5.6477304861253526, 0.8877222715895385"
"5.852751795967318, 0.9175155272492219"
"6.057474584486085, 0.9112086129979815"
"6.215165043056404, 0.904895710782398"
"6.357205228105652, 0.8844168423399879"
"6.502200800974886, 0.8639503646857349"
"6.650251904247181, 0.8435008843380274"
"6.8072609736872955, 0.8371642379713364"
"6.852562285653716, 0.8308231804260515"
"6.912580448608534, 0.8244778563734201"
"6.967282581120401, 0.8040427481859211"
"7.013765082318546, 0.7976918353830769"
"7.060591462611449, 0.791337465148672"
"7.161205853668557, 0.7277686266555747"
"7.2600943617980445, 0.6925729664976217"
"7.360183365518717, 0.657715096801013"
"7.47092725199213, 0.6097448187144892"
"7.583226622855403, 0.5625497222240341"
"7.669997660552749, 0.5545605721876115"
"7.7512061379662525, 0.5335720303468747"
"7.832848512195552, 0.5128532259452641"
"7.914920231906995, 0.4924107287247921"
"7.997416471365006, 0.47225116532713685"
"8.028030067138916, 0.49241072872477787"
"8.058825179647432, 0.5128532259452925"
"8.089802990828348, 0.5335720303468747"
"8.12096468633981, 0.5545605721876399"
"8.158368873424168, 0.5686995689875971"
"8.25806962278276, 0.5686995689875971"
"8.358692777428525, 0.5686995689876255"
"8.460236025376942, 0.5686995689876255"
"8.562696582253885, 0.5686995689876255"
"8.659990297242594, 0.5758123386251555"
"8.737159679001882, 0.5668130281099479"
"8.825667818172791, 0.5448336070223121"
"8.902825608058272, 0.5361196897414828"
"8.991469281225283, 0.5146780092601375"
"9.06858627422955, 0.5062475250400951"
"9.16177857086743, 0.5035501708498202"
"9.244909930711456, 0.5136915375825453"
"9.34187029017322, 0.5109993414228171"
"9.428448610556677, 0.5213660078469218"
"9.529368270359392, 0.5186808166212558"
"9.536907570673158, 0.5979480739847247"
"9.54453543424898, 0.6807276299198577"
"9.552253425309003, 0.766690199083385"
"9.560063145005898, 0.8555177048445728"
"9.567966232515703, 0.9469032792863175"
"9.549302509894213, 0.9739897730758855"
"9.523827141582679, 1.0080764163575822"
"9.51169806032474, 1.0289516216740253"
"9.512333311325875, 1.0568165628624797"
"9.512972603241888, 1.0849305302073589"
"9.49333274708368, 1.109229761771175"
"9.480433766431833, 1.1268220550267642"
"9.454135095350539, 1.1579528451002972"
"9.41504709509612, 1.1823667803381"
"9.376069027371239, 1.2068092435792863"
"9.376171618710503, 1.2335078662172947"
"9.37627453581801, 1.260313731632337"
"9.376377780247873, 1.2872216690455502"
"9.376481353564117, 1.3142265696893247"
"9.376585257340734, 1.341323386806934"
"9.376585257340734, 1.3660383915277663"
"9.376585257340736, 1.3907498488607004"
"9.376585257340734, 1.415453867011209"
"9.370078999539919, 1.42453822830457"
"9.36356891795377, 1.4336305312094595"
"9.35705501269356, 1.4427306019214399"
"9.35053728388314, 1.4518382673886094"
"9.344015731659002, 1.46095335531124"
"9.35053728388314, 1.4765602834832166"
"9.357055012693566, 1.4921425714379737"
"9.356909523002304, 1.4868335444965197"
"9.356764956635573, 1.481557162035358"
"9.363073541303963, 1.4672900845482246"
"9.362910497809393, 1.4621078486796861"
"9.356336710415993, 1.4415926742026315"
"9.26688475651426, 1.4442181003938686"
"9.179482344714001, 1.4468001385744955"
"9.087799483016763, 1.4580867417012513"
"9.010131065664636, 1.4543200527630802"
"8.928401824076056, 1.4801383475888983"
"8.882068250790192, 1.4898420851109293"
"8.847813631422044, 1.4616205997278513"
"8.802357095962295, 1.4481819922027697"
"8.752100425017302, 1.4639688185221402"
"8.725028780646639, 1.450629178485606"
"8.601149854849032, 1.4289496883420725"
"8.468689421180867, 1.4446435561293853"
"8.349500440934884, 1.445866167881313"
"8.22653781389314, 1.432789434851955"
"8.09559949029238, 1.4340494441147058"
"7.928113398335703, 1.3769380014076233"
"7.762705101142419, 1.319576345104437"
"7.599401493887695, 1.2620134908694922"
"7.432329770244817, 1.2125415694281543"
"7.267424993973095, 1.1629215196525564"
"7.055015166954928, 1.1754104086531214"
"6.8400872456767345, 1.202280922906084"
"6.631500172657093, 1.2290505078125022"
"6.434692673386718, 1.247498590946492"
"6.243627165361647, 1.2658489206750687"
"6.11464190889408, 1.343228239760947"
"5.990040194246719, 1.391794694248098"
"5.873368200989422, 1.454184492462261"
"5.753497105316216, 1.5021236230532367"
"5.641257431181618, 1.563644914497111"
"5.539184926548733, 1.5793476327300056"
"5.436334296524567, 1.6008978189416112"
"5.328304706576169, 1.6085878947953773"
"5.225931797064108, 1.65273093084312"
"5.1181641713785595, 1.66068437858182"
"5.02995663106956, 1.5740408816291804"
"4.942701725720232, 1.5099094434746547"
"4.8621568812885085, 1.4317062759795363"
"4.770685548456057, 1.337212098277078"
"4.685738022591516, 1.251425904480513"
"4.618202492274421, 1.2189046397578522"
"4.556593308186593, 1.1723680965584435"
"4.489609775778807, 1.1402178928106395"
"4.422767181237273, 1.1242120991077087"
"4.361622084129299, 1.100293486503034"
"4.305630760687638, 1.0941548762837954"
"4.2494126552211995, 1.0880074917579492"
"4.192935089714911, 1.0818514005578663"
"4.1474732056750545, 1.0536245797941035"
"4.090431671665318, 1.0474425420367908"
"4.045360305699941, 1.0756866718025577"
"4.000206355031067, 1.1039449862694113"
"3.9544104590507727, 1.1260752357496813"
"3.9089974743814278, 1.1543594200480527"
"3.8634530911743585, 1.1826352324311387"
"3.88837819715636, 1.200868017420035"
"3.907668574210005, 1.233065488272942"
"3.938714261621759, 1.2710509904971445"
"3.9570621487928896, 1.2969102091997797"
"3.981172079461194, 1.3365570141623948"
"4.003639641854936, 1.3365570141624517"
"4.03680346270167, 1.3306762880821879"
"4.0533735610285975, 1.3387039943732617"
"4.08689927411598, 1.338703994373276"
"4.114583051966573, 1.324784601833258"
"4.136852084806902, 1.324784601833258"
"4.153701995102674, 1.3167601633406036"
"4.175903280086629, 1.2948199101268045"
"4.192685876632677, 1.2868158717394635"
"4.209436478191463, 1.278820379698999"
"4.220218371307023, 1.2728861877236284"
"4.213979459093917, 1.2689932933769086"
"4.219109205046664, 1.2490448606916402"
"4.224525660908035, 1.2350503779219366"
"4.224252122826755, 1.2070408276807711"
"4.17430198508396, 1.1990561080335311"
"4.1415340489957, 1.189141508256327"
"4.097265839074216, 1.1951557286809162"
"4.052496902290261, 1.1951557286809305"
"4.013428360570401, 1.2091164404994288"
"4.001199751383109, 1.1971030716519948"
"3.988911194505511, 1.1850504382208271"
"3.9765619285984286, 1.1729589149641129"
"3.958190812929484, 1.1688151363882469"
"3.9342573079452583, 1.1787475561469591"
"3.9554958640060107, 1.2270307484065341"
"3.982798456161386, 1.2898400226292779"
"4.004684275342688, 1.3448219780764816"
"4.032566914898985, 1.391794694248098"
"4.06595814118399, 1.4247166662446062"
"4.122966125644537, 1.4695157627729145"
"4.173915393060779, 1.5001559648845841"
"4.230277889594986, 1.5390656161572451"
"4.280823222825075, 1.5862693346718046"
"4.337143641017147, 1.6251800550021045"
"4.494966170492605, 1.6080148930212488"
"4.653561933076656, 1.5907310780846444"
"4.807715155727282, 1.56495722846077"
"4.975164442459866, 1.5390219299534422"
"5.139661522587086, 1.5213353782414387"
"5.315200811317371, 1.4650054988905907"
"5.486452441032739, 1.4231642168290861"
"5.672242588388443, 1.4041548993052189"
"5.8610954710729715, 1.362619204732141"
"6.053338539639019, 1.321276251491085"
"6.2397348888669075, 1.2804166594191315"
"6.439417226821872, 1.2249304227626254"
"6.63400808575477, 1.1402395833847123"
"6.832471253270081, 1.0842151508878288"
"7.037135114212561, 1.028064587221678"
"7.211905006683549, 1.0298282055119898"
"7.3847425247312035, 1.0170667440724088"
"7.577223752084712, 1.0042725565938753"
"7.768430744931889, 0.9768980109302703"
"7.964401097876326, 0.9494825712368851"
"8.07767714752865, 0.8834633289960436"
"8.198650584435187, 0.8323297098080218"
"8.310427483782604, 0.7958642130945748"
"8.423465892743883, 0.759660557050168"
"8.537765811965933, 0.7237469594849415"
"8.609203562598184, 0.7212592205643205"
"8.669364192912159, 0.7327614236066893"
"8.740745087145026, 0.730256756889105"
"8.806054798196154, 0.735347101745262"
"8.865980525965636, 0.7252968809761313"
"8.87266680170349, 0.6953314300273661"
"8.8907710502697, 0.6521996426081955"
"8.897399112346617, 0.6231645685066809"
"8.910009902120802, 0.5874626827785221"
"8.928007441275412, 0.5663680752631706"
"8.973438624110264, 0.575262649231675"
"9.013311632298201, 0.571050622196239"
"9.05362606406323, 0.5668130281099621"
"9.094388398508965, 0.5625497222240483"
"9.135605225972704, 0.5582605614233529"
"9.123384925835321, 0.5520982211932761"
"9.105336030841105, 0.5520982211932761"
"9.087312184605858, 0.5520982211932761"
"9.081196242679225, 0.5591934319331529"
"9.063197039357041, 0.5591934319332381"
"9.063563753823859, 0.5379972996258005"
"9.075775061905356, 0.524017354611118"
"9.0879736591777, 0.5101603682719116"
"9.09438839850897, 0.5024560816287647"
"9.112625769790446, 0.5016363500896119"
"9.118698551190628, 0.5145326938192625"
"9.112625769790442, 0.5214356872062922"
"9.112625769790442, 0.541431319032867"
"9.100470692962903, 0.5353331363784122"
"9.088631239657408, 0.5484413274101172"
"9.076468908976953, 0.5423271024138785"
"9.088631239657408, 0.5484413274101172"
"9.088631239657408, 0.5484413274101172"
"9.082888016608393, 0.5545605721876115"
"9.100470692962903, 0.535333136378398"
"9.106549816887268, 0.5484413274101314"
"9.100470692962903, 0.5554808756234024"
"9.100470692962903, 0.5554808756234024"
"9.11233270452245, 0.5625497222240199"
"9.100470692962903, 0.5758123386251555"
"9.082551654213251, 0.5963200990497626"
"9.06465742374734, 0.616996888796308"
"9.046788026123501, 0.6378355951757015"
"9.028943485641634, 0.6588292581377715"
"9.011123826340787, 0.6799710675467878"
"8.993794953800755, 0.6788177912220874"
"8.976540934608472, 0.6776683477994396"
"8.947772937179856, 0.6691217048392133"
"8.925223859288941, 0.6742428374356706"
"8.896799823811891, 0.6657499269012703"
"8.88119732901768, 0.6416784908460613"
"8.859774616856916, 0.6047879982635891"
"8.849799560393768, 0.5756638641083072"
"8.833961370215679, 0.5342963166275183"
"8.824156425414337, 0.5064817388648066"
"8.784889641422895, 0.4931805923728234"
"8.75173134574868, 0.49240135565273135"
"8.718759068719844, 0.4916246893621832"
"8.680082836291334, 0.49744819015722896"
"8.658332870048199, 0.4842828350628139"
"8.590561502957396, 0.5232975813611205"
"8.522988315700838, 0.5631937891291585"
"8.466242568812156, 0.5908951881205837"
"8.415476450667414, 0.6119495294979203"
"8.348363184285155, 0.6536681958590549"
"8.278593979318176, 0.6776068782959044"
"8.20866204462148, 0.7019405168466619"
"8.128250250997928, 0.7404402883346108"
"8.047820290551982, 0.7796437610430189"
"7.967379876210795, 0.8195277891839936"
"7.83895967030279, 0.8449394254154328"
"7.713154168149139, 0.8702774999386804"
"7.589912558572102, 0.8955333041767943"
"7.45992804989877, 0.9348197174547437"
"7.323831515403115, 0.9661175937969091"
"7.1569472397821485, 1.009024686392479"
"6.991417834720574, 1.05260376622131"
"6.827274810592434, 1.0968361976439667"
"6.672753613602878, 1.127134587206342"
"6.527323502610123, 1.166188308870332"
"6.486473845556544, 1.135387171196868"
"6.438465407287914, 1.1194867974000289"
"6.385655586200216, 1.0894268942245304"
"6.339436199391892, 1.0740612592213665"
"6.288455256046856, 1.0226334995058437"
"6.284735940433777, 1.0243474568651578"
"6.290396853200232, 0.983529397430047"
"6.294191290048934, 0.9489562763967712"
"6.305564644831968, 0.9222550817257371"
"6.317009451897962, 0.9175155272492077"
"6.281058521598201, 0.8721543838936441"
"6.2435258618664795, 0.8552158176246252"
"6.213754246519981, 0.8460851056054395"
"6.171262046317378, 0.8155115325183147"
"6.134725330766502, 0.7990042960708479"
"6.050858282488138, 0.8127850734633739"
"5.974967691889665, 0.8127850734633597"
"5.892821121588845, 0.8265934294105364"
"5.82524072097646, 0.8342049157827205"
"5.75136367609935, 0.8342049157827205"
"5.639659530410574, 0.8231259024856286"
"5.52206542346652, 0.825897707493084"
"5.418089627198894, 0.8008200223794546"
"5.295429276078676, 0.7958857538525876"
"5.180423593969101, 0.7922759056602047"
"5.0838904011642105, 0.8455161418294495"
"4.983461902385013, 0.8847260778020569"
"4.884532579332023, 0.9238588890458175"
"4.792723212080402, 0.9707289626800275"
"4.701762908225551, 1.001775027426035"
"4.657043910407702, 0.9798935786838001"
"4.617897064834476, 0.972072910666185"
"4.573204027818267, 0.9782634503218048"
"4.528610120507469, 0.9626646840531663"
"4.484100808382517, 0.968844842923744"
"4.4617536231241886, 0.9564778059393007"
"4.450487107972237, 0.9440842862243386"
"4.433615809659567, 0.9456609982762387"
"4.405480638894368, 0.9472426094400106"
"4.388362540410905, 0.942596160728101"
"4.399712464554868, 0.9707289626800275"
"4.399820440186071, 0.9989103571767259"
"4.405480638894368, 1.0130162150107935"
"4.422338774666886, 1.02713059451807"
"4.428060818310368, 1.0474425420367908"
"4.416965211342009, 1.0536245797941035"
"4.405888538319199, 1.0597983719135584"
"4.389308420245137, 1.0580397910343464"
"4.378277865531101, 1.064197122813809"
"4.367265276031152, 1.0703461092419104"
"4.378277865531107, 1.0641971228137947"
"4.389308420245136, 1.0580397910343464"
"4.405888538319201, 1.0597983719135726"
"4.416965211342009, 1.0536245797941035"
"4.428060818310368, 1.0474425420367908"
"4.427980268762498, 1.0192213323544195"
"4.433465175099024, 0.9989103571767686"
"4.438965441613109, 0.9785890749481183"
"4.444481161102947, 0.9363567211943291"
"4.450012427151552, 0.9160589872834493"
"4.4556137933132725, 0.9238588890457322"
"4.455613793313269, 0.9238588890458175"
"4.46691868423108, 0.930110928000019"
"4.466918684231075, 0.9520170481545023"
"4.472562435828872, 0.9661175937969517"
"4.47823292245917, 0.9644984873240645"
"4.478265339076257, 0.9707289626800275"
"4.4670486148932875, 0.9707289626800275"
"4.472713721547402, 0.9691061213854084"
"4.472713721547396, 0.9691061213853942"
"4.500684994458819, 0.942596160728101"
"4.534402448589698, 0.9082760828990075"
"4.568251104894144, 0.8740119232907801"
"4.596632024471939, 0.8475106869692581"
"4.625049442368145, 0.805735720805032"
"4.659161518332043, 0.7994704463168603"
"4.6991339188344705, 0.779338840949876"
"4.7392652359712, 0.7592443367393429"
"4.773981125421776, 0.7467103821081054"
"4.808586156987138, 0.7404402883346108"
"4.819743906209783, 0.7467103821080343"
"4.819442260357627, 0.7743768054422446"
"4.819141206415041, 0.7806547846950309"
"4.829949990372231, 0.7932017626765742"
"4.841043118002084, 0.7994704463168176"
"4.812985466366061, 0.7793388409498476"
"4.790449935486663, 0.7517104596715711"
"4.767640242752911, 0.7517104596715285"
"4.733676770898551, 0.7242232082364666"
"4.6996830214870915, 0.6968909516061359"
"4.682339700849284, 0.7167726470887033"
"4.653424222687646, 0.72801878522462"
"4.641968211528901, 0.7342406884832258"
"4.630536716894707, 0.7616568567982256"
"4.619129431870588, 0.7892080585837533"
"4.624720698583072, 0.8030302162751184"
"4.6474297835306135, 0.8182554413509422"
"4.653012694214452, 0.8321573848123336"
"4.652876049698596, 0.860037107695689"
"4.664016811948877, 0.8662931619609537"
"4.709536933345687, 0.8537762388513528"
"4.7439428436458115, 0.8629396822977355"
"4.784080527839438, 0.8643979041311383"
"4.841687317709657, 0.8300887863606192"
"4.882271993522766, 0.831494791022692"
"5.007897593549787, 0.8440863970097467"
"5.145697757747021, 0.834966072113204"
"5.279000649648369, 0.8335594862283102"
"5.413551216326516, 0.8537762388513528"
"5.5505988779296995, 0.8677515019247863"
"5.816730682194413, 0.8412405859548642"
"6.087205120420151, 0.8224043633746589"
"6.368590074687209, 0.8035322535993856"
"6.661794331953869, 0.7846282763832733"
"6.973421528332142, 0.7580919222479139"
"7.148602992724048, 0.7254430555227884"
"7.319728851167643, 0.7007665314008307"
"7.489186378536013, 0.6826392767433873"
"7.659929351773395, 0.6443627747953116"
"7.82224304002507, 0.6200066926481327"
"7.987189680528219, 0.6403819684108072"
"8.164085186516584, 0.6540279458125156"
"8.352025550295656, 0.6617456652649025"
"8.542236762222549, 0.6759670440594334"
"8.739354539868703, 0.6905260255329893"
"8.777863567111332, 0.6857955732599947"
"8.821412093284392, 0.6748166120681844"
"8.86468378391127, 0.6639838329958963"
"8.901639598723275, 0.6606321502206072"
"8.949879849093213, 0.6438241390770258"
"8.97848719605795, 0.6314383692932637"
"8.990073331056252, 0.6386982972321391"
"9.007272308443586, 0.6397696181809209"
"9.024545481481324, 0.6408445102069464"
"9.036236523819566, 0.6481583626513157"
"9.007272308443586, 0.7240671053492633"
"8.971962889887115, 0.7669998034815109"
"8.931261277375459, 0.8167335728565774"
"8.896799823811891, 0.8590807468188473"
"8.867911589082548, 0.8952966695401585"
"8.871391690890265, 0.9157684346133834"
"8.881627182854693, 0.9493482608654773"
"8.885841718210601, 0.991446402958843"
"8.883963310048076, 1.0423304331570904"
"8.882068250790185, 1.09393389907801"
"8.87526479866279, 1.1274094702839648"
"8.891897821882209, 1.1546607591323834"
"8.909253929496161, 1.180063216429545"
"8.926686946948424, 1.2055741646193638"
"8.94419731381092, 1.2311889226496362"
"8.997669379653003, 1.18832923216236"
"9.039596389933228, 1.160335726187384"
"9.08779948301677, 1.1257021617521445"
"9.13653048148006, 1.0909014673262902"
"9.185796551183692, 1.055947803432261"
"9.21070996801852, 1.0256791185828718"
"9.235721704166771, 0.9954448149808428"
"9.27342448700356, 0.9736718611271726"
"9.298683682407594, 0.9434998938845922"
"9.343102612171306, 0.9133950867568643"
"9.343053377841692, 0.8884686384088525"
"9.349324261333043, 0.8786227755577727"
"9.336602529058293, 0.8458183137205282"
"9.336563604043182, 0.8214382567210663"
"9.317639798373976, 0.7972564071392299"
"9.30507722585642, 0.8104681088096441"
"9.273830481047959, 0.8236634801405387"
"9.236642849747843, 0.8434229564849289"
"9.212084200287936, 0.8485002905342895"
"9.181476679956056, 0.8843611778209208"
"9.169245199006669, 0.876255193200592"
"9.169245199006676, 0.8535568583093607"
"9.16302635893366, 0.8164242222927527"
"9.156804159981247, 0.8019224898612123"
"9.163026358933655, 0.7716605460119723"
"9.169245199006669, 0.7416491301059551"
"9.181672800822588, 0.7261081561090919"
"9.194086962152141, 0.7106647432465678"
"9.20648767988907, 0.6953207500718719"
"9.212682996486022, 0.6660877106488243"
"9.225063543380681, 0.6510236414693793"
"9.255872553365936, 0.6148862964977013"
"9.292832574744025, 0.5938741344220233"
"9.329866008341591, 0.5720679010718754"
"9.342192559985104, 0.5576778486894796"
"9.373228940218414, 0.5658134166828859"
"9.379604366591293, 0.5812792855543307"
"9.398410345344596, 0.6032600202197926"
"9.404887193805239, 0.6191220016825696"
"9.436462453668163, 0.627660907976761"
"9.44889585569548, 0.6340619755271035"
"9.45510725323424, 0.6265780015383626"
"9.461315115179222, 0.6191220016825838"
"9.473720232517852, 0.6254988099089616"
"9.48611120827331, 0.6318776256176761"
"9.467043774850685, 0.609598592374752"
"9.44168430669799, 0.6148862964977013"
"9.416497923387547, 0.6201579523859237"
"9.379192592484761, 0.619100678216185"
"9.342099790500471, 0.6180469960589505"
"9.305218345400824, 0.6592506649326708"
"9.28074755847554, 0.6869722268390461"
"9.256369842829118, 0.714876730317215"
"9.238201988711895, 0.7352827805281663"
"9.220112938550447, 0.7557399717633331"
"9.154144310680172, 0.8109629574294104"
"9.088958580341588, 0.8664644917135575"
"9.024545481481319, 0.9221468439361757"
"8.960894859729182, 0.977920903819296"
"8.897996671342675, 1.0337055209019184"
"8.742100430455785, 1.0337055209019468"
"8.588198289011093, 1.0337055209019468"
"8.43630282555699, 1.0337055209019468"
"8.286424574787327, 1.0337055209019468"
"8.138571872521192, 1.0337055209019468"
"7.916463832277247, 1.0302036892533977"
"7.694460205057421, 1.0347428404357402"
"7.480900969294819, 1.059787697776514"
"7.273711671911877, 1.0846962089264025"
"7.072723631648558, 1.1094636261363036"
"6.891273574929229, 1.1298183094472023"
"6.7197830750723835, 1.1421077632618193"
"6.548958272716332, 1.1340855991035"
"6.381776841065659, 1.1260752357496955"
"6.218118359816042, 1.1180768270951233"
"6.068188956525842, 1.1057789914973313"
"5.9148848278520045, 1.0792740840404917"
"5.774628659557621, 1.0589078211948646"
"5.625264380572068, 1.0322978478408942"
"5.476673563437783, 1.0118784857712058"
"5.3673642059922315, 1.0305701436479353"
"5.265265797307487, 1.0633315856740495"
"5.153935143645178, 1.0898145883740824"
"5.060890225188958, 1.1082541415472633"
"4.96357830735198, 1.1345820190875031"
"4.868321229859955, 1.1205025122731769"
"4.773419690266738, 1.1064232562483483"
"4.678757547773844, 1.0923452537759601"
"4.584142796168896, 1.1064232562483056"
"4.4952409026812425, 1.1064232562483198"
"4.434064261546024, 1.1585581515007846"
"4.37840552920519, 1.2028425966072689"
"4.322667945957843, 1.2472080621069495"
"4.255390471898717, 1.2856222814094167"
"4.18777156539424, 1.324133959149279"
"4.1781249019158855, 1.331740636214306"
"4.168564064981875, 1.361334267604704"
"4.153361563358787, 1.3767461909140621"
"4.143987525163277, 1.3840014491612749"
"4.134695321494073, 1.3911883896460182"
"4.139682755485542, 1.415176608738527"
"4.138979117397684, 1.4254413148274878"
"4.143639028437438, 1.4656356483364377"
"4.142589550009733, 1.4921774549298874"
"4.141886555053104, 1.52454332313188"
"4.137208280483866, 1.571458370510534"
"4.126820618518432, 1.6044054596795192"
"4.111487669179681, 1.6346303120375794"
"4.1129970205361435, 1.6780522708291983"
"4.11412155346615, 1.7156465681915023"
"4.11374741753532, 1.7102716733926115"
"4.119068692558455, 1.7182598451126054"
"4.129720166526022, 1.712881043855127"
"4.129360123383538, 1.707489776467007"
"4.128999398337719, 1.7020860297383038"
"4.167421844897933, 1.6671571856016243"
"4.200436368788234, 1.6240748567517684"
"4.233389639958975, 1.5808704991531926"
"4.271653576819354, 1.5238981041127673"
"4.304511656831144, 1.480455308857188"
"4.326393796360521, 1.4369482177415378"
"4.353649418183585, 1.4013978733303674"
"4.380908514683193, 1.365795417731917"
"4.40827173243079, 1.3578041105344454"
"4.435522687858815, 1.3221739878209746"
"4.435451065831863, 1.3381384107619851"
"4.435379309348853, 1.3541331916430153"
"4.429794593384102, 1.3781800769297803"
"4.4241935944066615, 1.3803824144120824"
"4.424110952862291, 1.3964730505559402"
"4.352754237130921, 1.3884243220639334"
"4.28131265953803, 1.380382414412125"
"4.221044733434696, 1.3781800769297803"
"4.154719408198382, 1.3781800769297945"
"4.093871538424472, 1.392025858329987"
"4.093076615165394, 1.380382414412125"
"4.086899274115976, 1.3606485208196517"
"4.069514924648946, 1.340857057570318"
"4.052057306933485, 1.3210098425920762"
"4.034525026677241, 1.2790795014651337"
"4.056578668441139, 1.273114620061662"
"4.084046619607555, 1.2751842051929003"
"4.122387485412202, 1.2712706884184115"
"4.155704765306204, 1.2652709420210755"
"4.188704525877196, 1.2754262212006893"
"4.26086878543289, 1.2714926966312419"
"4.332967728547954, 1.261491801575474"
"4.3998204401860646, 1.2432808557615118"
"4.472562435828871, 1.233129406768569"
"4.5457139438536664, 1.2290505078124596"
"4.619025640743234, 1.2147374008427505"
"4.697865094567836, 1.1984186213841355"
"4.771187146129418, 1.1902752133898105"
"4.844634486495268, 1.1821426624207731"
"4.9186569743754704, 1.167856207052779"
"4.988968691168741, 1.1655744106473804"
"5.054629145349875, 1.1714581617606683"
"5.1267191856478895, 1.169171054435779"
"5.199789396938675, 1.1668662585741458"
"5.273128209163637, 1.1708351355746913"
"5.391162690271791, 1.1378227302379997"
"5.5101252063773085, 1.1050078195031858"
"5.6301350670039785, 1.072401075323441"
"5.745720966222304, 1.0256445037517778"
"5.856940916794625, 0.9872379135754983"
"6.02457644294782, 0.969639396314264"
"6.202287380935602, 0.9379836311637746"
"6.383257514044778, 0.9065946878829436"
"6.565388561331532, 0.9035429392467336"
"6.7505594512481535, 0.8787903122045719"
"6.935416641824903, 0.8942620001357113"
"7.116013395992372, 0.9238588890458317"
"7.300585064535778, 0.9536184668845635"
"7.498462446783766, 0.9693709482582591"
"7.701006567762518, 0.9851864204411953"
"7.878676671591348, 0.9521663027031337"
"8.0607827904933, 0.9190725175120633"
"8.23691493453326, 0.9001060324346497"
"8.41702146125084, 0.8810873835178938"
"8.612226620422927, 0.8478304692575591"
"8.681864643397297, 0.802672194071846"
"8.729241041357835, 0.7643977793287036"
"8.810421775948907, 0.7066750701842182"
"8.89198559680526, 0.6500189731202823"
"8.962415065329996, 0.6077946554849234"
"9.026625348112413, 0.5542544949809951"
"9.10292728639613, 0.5087038640319292"
"9.168008919264832, 0.4575148748496787"
"9.233478242556227, 0.42635013215682704"
"9.293348887430675, 0.38327630575399496"
"9.245589874942443, 0.4128965427192526"
"9.215990583591351, 0.4430217713271247"
"9.168841480204167, 0.4736105877265828"
"9.128006309427244, 0.4979106726673024"
"9.09312809830667, 0.5360234040954026"
"9.064033654503843, 0.5686995689876255"
"9.040981071138654, 0.6149679919448943"
"9.012071511913238, 0.6486232827464562"
"8.9773119076422, 0.6692133005269199"
"8.954532293545066, 0.7169869525830421"
"8.937236280499302, 0.7803435479080321"
"8.908078801689328, 0.8168812960399094"
"8.890830253317143, 0.8817488129974578"
"8.873605637495615, 0.947358787636503"
"8.844507666691737, 0.9851864204411669"
"8.822075586079727, 0.991446402958843"
"8.79378644640211, 1.005632373865737"
"8.77152851257273, 1.01187848577122"
"8.749354276108821, 1.0181168757969346"
"8.727263417304622, 1.0243474568651152"
"8.697603463409568, 1.08651461016035"
"8.69586190909971, 1.1349775648918836"
"8.677080236931895, 1.2064525834830988"
"8.64717891006081, 1.2702786601071807"
"8.639276619161372, 1.3283917424807328"
"8.638315702991155, 1.3534269133389216"
"8.63229789836138, 1.3617881830844993"
"8.620253839808045, 1.3785341833184788"
"8.608198523096947, 1.3953105181045657"
"8.58509462743725, 1.4265769386544704"
"8.596131957438178, 1.4121160594776256"
"8.590094459172043, 1.4205294325704259"
"8.601149854849034, 1.4060497190384353"
"8.623324798472819, 1.3999708381167366"
"8.63444443161905, 1.3854550318644243"
"8.650688492347633, 1.3877755266111507"
"8.667003193904511, 1.3901028384127372"
"8.683388936153442, 1.3924369941234715"
"8.688565995845941, 1.4093735869989175"
"8.705054401798934, 1.411741537131327"
"8.69984612150189, 1.4178527279880342"
"8.70593373442735, 1.4093735869989175"
"8.712018420573516, 1.400901627973525"
"8.729411686149968, 1.377844301651578"
"8.735493662035996, 1.369388978431303"
"8.725876098839716, 1.3104307481526547"
"8.705122790884976, 1.2664456430560023"
"8.68456752700266, 1.2228464118969242"
"8.664207606563352, 1.1796526259100801"
"8.644040375778092, 1.1368839478462576"
"8.645927042116876, 1.1330769493467585"
"8.636889820462079, 1.1212256313004474"
"8.6387841842887, 1.1174915321577714"
"8.629832651042692, 1.1057789914972886"
"8.620947739552928, 1.0941548762838238"
"8.566283307280587, 1.0782695280065866"
"8.533226046797695, 1.0782695280065582"
"8.479108603917753, 1.0624357373926046"
"8.44047894582341, 1.0703461092418536"
"8.39149518485592, 1.0703461092418962"
"8.288319620985613, 1.1002934865030198"
"8.175862518358946, 1.1223545321747395"
"8.08457250112512, 1.1604709325205533"
"7.979973210843474, 1.1745985712004625"
"7.895981664570554, 1.2048229975568603"
"7.808796641484398, 1.263388550370081"
"7.722452361909338, 1.3219761904928333"
"7.627597083411624, 1.3723787841924349"
"7.5372811868584595, 1.4167965728731886"
"7.438752110267977, 1.4530052481620785"
"7.327290419276709, 1.4635286252841482"
"7.2079982124960935, 1.4881165026629901"
"7.089947242539636, 1.5127532990473043"
"6.978850220807692, 1.5514297459567032"
"6.877256904343958, 1.5761451264543993"
"6.80434178421594, 1.5786657670748951"
"6.739969103767222, 1.5671746359236423"
"6.675843631586453, 1.5556320234431524"
"6.611965281824929, 1.544037917640047"
"6.53256589195257, 1.538221553536978"
"6.4799726494092, 1.496731302582269"
"6.433595546070313, 1.4471227736313494"
"6.3821432505064575, 1.4059507073679924"
"6.33683754879156, 1.356770467976716"
"6.288355190956143, 1.3100023420712716"
"6.227414313633266, 1.2633885503700952"
"6.167099971946266, 1.2391320023083523"
"6.107400192569628, 1.192838902243352"
"6.048302762573734, 1.1688151363882469"
"6.000714023873133, 1.1509635059064465"
"5.8923236718787315, 1.1828776588530872"
"5.779474672546905, 1.1787475561469734"
"5.673004195962873, 1.2108951620982822"
"5.5619698586052255, 1.2290505078125165"
"5.451737607343723, 1.2473038829537018"
"5.368564615826552, 1.2310762090003067"
"5.2978247593859695, 1.2371463396499252"
"5.221571775945081, 1.212888691782652"
"5.146036258563626, 1.1887227655011685"
"5.07116898265793, 1.1646525104647338"
"4.9865660489001495, 1.1505546912065086"
"4.896534932575987, 1.128472870673761"
"4.812664314064627, 1.11438283599621"
"4.723532160972772, 1.1082541415472633"
"4.6399783730426485, 1.1162270639059955"
"4.61198108280056, 1.114382835996281"
"4.573028632104696, 1.128472870673761"
"4.539663883608436, 1.1345820190875031"
"4.511909999999994, 1.132714564480267"
"4.473123821296809, 1.1247588824784032"
"4.434507604567825, 1.1729589149640987"
"4.396160306445374, 1.2050748947974768"
"4.352453587127899, 1.2449997955242083"
"4.30893682361331, 1.2847440489522484"
"4.271201603311341, 1.3163077408388517"
"4.249228666097441, 1.381799261498685"
"4.238491096910391, 1.4312005223615927"
"4.227767904299418, 1.4804553088572305"
"4.217058843093089, 1.5295359133678375"
"4.206363669786975, 1.5784165071594458"
"4.217887630661552, 1.5679644805638517"
"4.211991261636785, 1.5919897989911433"
"4.206363669786975, 1.621566865141844"
"4.211991261636794, 1.6350838372848813"
"4.206363669786958, 1.6645964622133675"
"4.211709535606439, 1.6726109368879918"
"4.228567039898848, 1.670046013132776"
"4.24511327404756, 1.6620424192567569"
"4.2504590871700465, 1.6700460131327475"
"4.266977743340697, 1.6620424192567214"
"4.277901857553016, 1.6405698762948617"
"4.283468835513389, 1.6325669651524066"
"4.294380247296718, 1.6325669651524066"
"4.305286908230328, 1.6325669651523853"
"4.310832468793829, 1.6245671995539084"
"4.33261799870342, 1.6030604356370262"
"4.359756945112532, 1.567964480563873"
"4.376143495580778, 1.5383783567962297"
"4.392396488311047, 1.503137371719177"
"4.419534067790629, 1.4678146251650759"
"4.386783321565767, 1.462119228348186"
"4.343031915113301, 1.4564122233736185"
"4.309889098220016, 1.4231854687349852"
"4.276802006063759, 1.3956103642838613"
"4.2436056064549526, 1.3898115507131976"
"4.182853176904067, 1.3759838940348317"
"4.132909683640721, 1.3621416504176977"
"4.083155836485933, 1.354133191643001"
"4.022096734464213, 1.3461320697552424"
"3.960242721096261, 1.332281210469091"
"3.946839257530203, 1.3087437578814018"
"3.9273569467902103, 1.2930670068044918"
"3.9016526162025933, 1.285326476294813"
"3.893220713757275, 1.2694127508748352"
"3.8731323459878935, 1.2533671299542846"
"3.918187297687645, 1.3082805084583384"
"3.9692278366815623, 1.3552257801001986"
"4.02016637856594, 1.40230016596918"
"4.065087210703674, 1.4577431494934174"
"4.115928783532101, 1.5050190410794926"
"4.1978089438238175, 1.501143589459133"
"4.283915992981929, 1.5112703824100677"
"4.368498560249415, 1.5212493377471645"
"4.451699186113829, 1.5310834504855606"
"4.528220480804778, 1.5271486430571883"
"4.593927890821074, 1.5584858027684092"
"4.654986376872986, 1.5763968796415426"
"4.722323909742211, 1.6083019508936545"
"4.785108108135833, 1.6266823586075532"
"4.854311982745596, 1.6591551979266654"
"4.920570076174222, 1.6595258093780814"
"4.986566048900139, 1.6598935831926056"
"5.0469483865304845, 1.6465332118755"
"5.117911022584415, 1.638820564955445"
"5.188658587505364, 1.6311693081051075"
"5.334637754834612, 1.5951242760330757"
"5.483954647295283, 1.558692431780429"
"5.636958413813025, 1.5218780009160184"
"5.789806531762615, 1.4647653357385124"
"5.952806445219414, 1.4211038259554272"
"6.09297509668457, 1.3634350336418493"
"6.234625944405812, 1.306136498524964"
"6.383391233733867, 1.2633885503701094"
"6.526036477111951, 1.2350817639843115"
"6.664378944116964, 1.1930274560775729"
"6.85662469601384, 1.178747556147016"
"7.055628687346892, 1.1643135984487856"
"7.25588357161359, 1.1354752663996237"
"7.475043141065695, 1.112554795110725"
"7.695990145450643, 1.0975424143479273"
"7.864855603329654, 1.0615730028295332"
"8.040835308938199, 1.0181168757969346"
"8.217936394068516, 0.9753209313222442"
"8.390226432587239, 0.9409454760223923"
"8.558736987436195, 0.8917817743702301"
"8.65924549633696, 0.8486087856009448"
"8.767134596761302, 0.8203717124562928"
"8.871723931951376, 0.7780271419682947"
"8.9674223558924, 0.7492387579949877"
"9.07144318599445, 0.7340947993085365"
"9.053247805862723, 0.7786189977456246"
"9.046788026123501, 0.809569855622442"
"9.028527969896839, 0.8330023912477174"
"9.034210129486885, 0.8487254674447655"
"9.039505160612709, 0.8660236054858075"
"9.068595060928535, 0.8770047079823371"
"9.074022378646534, 0.8945669272889916"
"9.079479229509758, 0.9349851633660222"
"9.072601344409321, 0.9693376483770919"
"9.090150642239946, 0.9958016681435282"
"9.083602896398931, 1.0058563812693961"
"9.064938387968988, 1.007629272518244"
"9.070800943691605, 1.0243137991930098"
"9.076678084201086, 1.041061911410523"
"9.076323175736412, 1.0662999006106446"
"9.034182909247173, 1.0943562816826358"
"9.004363390365414, 1.1307969967552367"
"8.986660218406763, 1.1288187069803683"
"8.95095064915592, 1.1502200650776757"
"8.903662286071514, 1.163115899236189"
"8.903662286071514, 1.163115899236189"
"8.903662286071514, 1.163115899236189"
"8.89808440224358, 1.2162878307726146"
"8.910448116231997, 1.2460585367813053"
"8.922799229100097, 1.2757940434928372"
"8.90547355114078, 1.320314589614057"
"8.888223892632631, 1.3647142072104401"
"8.858753801626921, 1.379483203639083"
"8.829383355786463, 1.3942353969783738"
"8.800112398513615, 1.4089699963905105"
"8.788585425382724, 1.4004177359171663"
"8.777080876946806, 1.3918729491693327"
"8.765598708979635, 1.3833357841149478"
"8.754138877297507, 1.3748063893163334"
"8.7427013377592, 1.3662849139306417"
"8.714640078036082, 1.3786592689111359"
"8.680650158889524, 1.3994807951788957"
"8.635637704065081, 1.411741537131327"
"8.597053401155184, 1.4154783093887957"
"8.569839524445799, 1.4276494736705345"
"8.552722475589842, 1.4276494736705274"
"8.552722475589842, 1.4276494736705274"
"8.569839524445799, 1.4506291784856415"
"8.57484487879448, 1.4675681725178578"
"8.57484487879448, 1.4905439813938202"
"8.563772933914732, 1.527950818936425"
"8.54169346063848, 1.556779774873121"
"8.502681994286727, 1.5626870677600166"
"8.480822643230013, 1.5913733370680063"
"8.453006255324194, 1.6056775341934042"
"8.415751868419491, 1.6541891418088852"
"8.389514724545794, 1.6882056087002795"
"8.352787505752707, 1.7360057950749166"
"8.326934893830778, 1.7694848664126894"
"8.290725690646132, 1.8165297212085108"
"8.26525077650679, 1.8274352123253408"
"8.229550589095654, 1.8519584193825338"
"8.214773520341755, 1.8709543265177828"
"8.179497810486067, 1.895160674750386"
"8.148803364072695, 1.9139274956744359"
"8.134330898484539, 1.9109976113682805"
"8.119919822080623, 1.9080751529232884"
"8.105569789174108, 1.9051600963275064"
"8.091280456269725, 1.9022524176551414"
"8.087086972363325, 1.885944568838795"
"8.05703803178104, 1.9045924174693383"
"8.027161081052816, 1.9231457783183075"
"7.987590820297902, 1.9548379793060775"
"7.9483218487109975, 1.9862826829805016"
"7.915141408652906, 2.009464987163689"
"7.861055109087193, 2.019490753057916"
"7.797952219949611, 2.0423914167100037"
"7.75435665688228, 2.0393872726878044"
"7.711076081027658, 2.036390347250318"
"7.658842266506405, 2.0462575099434446"
"7.545546652475174, 2.059078744938482"
"7.451584751290848, 2.066983857403656"
"7.3408495109413066, 2.079756726295031"
"7.231547109303502, 2.0924934306731444"
"7.123666099431407, 2.105193809029174"
"7.025377359389206, 2.1034231746161183"
"6.911297809167441, 2.085828196058685"
"6.8176598525419205, 2.101643702707719"
"6.7248780787619395, 2.1174510139259297"
"6.621808019453979, 2.1077800554635147"
"6.501402896591563, 2.0937369366317924"
"6.39841867458135, 2.0748872543863754"
"6.286273944647165, 2.030418065072965"
"6.1759670462965515, 1.985795912825182"
"6.078245717661835, 1.9670120086398128"
"5.89060976938603, 1.9366289611259262"
"5.705026085195168, 1.927039675724778"
"5.514845500152683, 1.909237074113335"
"5.32648970776474, 1.8912084743905737"
"5.139492371031221, 1.8729505562368232"
"5.077115686514471, 1.8557944754364755"
"5.010235584235236, 1.8308293481701128"
"4.944833376672005, 1.8062442893795918"
"4.880829168832327, 1.7820332711421614"
"4.823687926261736, 1.7660715924830797"
"4.780777074914205, 1.7818383462113019"
"4.737856711278225, 1.797610146308024"
"4.689443419460104, 1.8054977166796249"
"4.6519424438603085, 1.8291660526153208"
"4.59806271000676, 1.829166052615271"
"4.576520966428705, 1.8500941291055781"
"4.554982665779743, 1.8709745163464717"
"4.544244192991142, 1.9075355099806828"
"4.522688139705559, 1.9282964205410025"
"4.506518318731108, 1.9774906806023225"
"4.474164961413609, 2.0390785745776157"
"4.452536072705391, 2.0750500936890717"
"4.420133440485259, 2.13583404866133"
"4.387711586019102, 2.1960408953934305"
"4.3606042991731275, 2.2434977489551855"
"4.355409885517447, 2.2601363866460673"
"4.3395897669903185, 2.3007007168318268"
"4.32913542926838, 2.3289233919717773"
"4.324008035042366, 2.345097447486495"
"4.318893868166599, 2.3611773465721058"
"4.297388063283848, 2.38037391710688"
"4.275864020937547, 2.3994984304163225"
"4.254319971920138, 2.399498430416344"
"4.227490420928969, 2.4111290344899032"
"4.200648378282295, 2.42272186825479"
"4.189847784486835, 2.42272186825479"
"4.1790404035132775, 2.4227218682547758"
"4.173477617359523, 2.4301277159460426"
"4.167907827545006, 2.4375291871487903"
"4.162330990377674, 2.444926232122789"
"4.162330990377674, 2.444926232122789"
"4.145897549513007, 2.4333800232243874"
"4.129431171717925, 2.4217958320617683"
"4.123814727859456, 2.4292196860579267"
"4.118190909963143, 2.4366391490495687"
"4.101657103427841, 2.425048140034498"
"4.107297785315759, 2.417613070169523"
"4.107297785315769, 2.4176130701695158"
"4.096396054495711, 2.3985135847577084"
"4.085485480402472, 2.3793412035421753"
"4.096396054495711, 2.3793412035421753"
"4.101657103427841, 2.3868155789631302"
"4.112559672251174, 2.3868155789631302"
"4.123453741304544, 2.3868155789631302"
"4.134339546864195, 2.3868155789631444"
"4.150485389416636, 2.355801185794512"
"4.166629177539464, 2.3245716756811916"
"4.18277165133879, 2.293129022270115"
"4.2100487102152995, 2.2462576638986462"
"4.226171293233662, 2.21433319169369"
"4.230937640737287, 2.1529178997522678"
"4.2357249194826565, 2.0906024315083016"
"4.235209366583629, 2.0401134189430365"
"4.228832418145071, 1.991982099865922"
"4.233651068221259, 1.9273569619350965"
"4.304706015232419, 1.935288937924824"
"4.370243273319803, 1.9352889379248381"
"4.4465002920296595, 1.9302164313314805"
"4.522819332994218, 1.9251312416757997"
"4.588279648751173, 1.9251312416757784"
"4.654447522017474, 1.9206465540958249"
"4.726951761533975, 1.9241484271478342"
"4.7946727259487725, 1.9196137719682795"
"4.8574518350845075, 1.9283359904598996"
"4.932668929818261, 1.9319254226642855"
"5.0075649717474064, 1.9080751529232671"
"5.083196641401123, 1.8840413122824415"
"5.159622348092929, 1.8598241552931825"
"5.242379654566079, 1.827157909561052"
"5.320580034704729, 1.8025461174091646"
"5.448310043656499, 1.7528014418179794"
"5.583546274706459, 1.689248756350409"
"5.726878777208307, 1.6339540519513491"
"5.859651483575048, 1.5786657670749378"
"5.992501670477714, 1.5292033860447631"
"6.2382549656307305, 1.4059507073679498"
"6.498297383680736, 1.2962127793997666"
"6.753805308496614, 1.1863209745101813"
"7.026699361257457, 1.084696208926431"
"7.32441157410282, 0.9614867461408068"
"7.464255692274591, 0.901833438635876"
"7.582920796258463, 0.8343203882644588"
"7.720122658289888, 0.745473294003304"
"7.870845264351306, 0.6651085204019438"
"8.01962256452233, 0.5931034768374133"
"8.106429075996397, 0.48597851466708164"
"8.21697916121158, 0.3968194322999068"
"8.317976499676986, 0.3245477175047"
"8.40897009986577, 0.25144347204292217"
"8.500615840953108, 0.18476276933716917"
"8.55114437172842, 0.1565830944994957"
"8.607156388323576, 0.12571627733878188"
"8.663720731829272, 0.0970827711166038"
"8.709373644094612, 0.06735293327538727"
"8.755386508591647, 0.041176980617819936"
"8.780101089028435, 0.03822484177823071"
"8.775508591050684, 0.03249391408557756"
"8.770940771084467, 0.035422928654739394"
"8.766397432068796, 0.03840224407097992"
"8.773309455760433, 0.04445131000800018"
"8.76798788970212, 0.05717764418149329"
"8.774094412749317, 0.07435162509028714"
"8.780197947179595, 0.08159947593335914"
"8.797742009728426, 0.09288244392001843"
"8.803842648372983, 0.10064777077948861"
"8.91022585853718, 0.07791691597638817"
"9.005488765948234, 0.06387999999992644"
"9.112917973290882, 0.044587433096793916"
"9.22092001212539, 0.027469457888841475"
"9.329482864628739, 0.012624159677585567"
"9.36590060506284, 0.01256322223218831"
"9.427053563334685, 0.003819985741742471"
"9.464021195999532, 0.0037538483990147142"
"9.501197093544604, 0.003687587583556251"
"9.551090870571999, 0.005661347508876702"
"9.533169303106392, 0.019339661497085103"
"9.50262933299521, 0.04133603190066992"
"9.484525348385205, 0.06047338007354597"
"9.466335682804376, 0.08182153515595303"
"9.435512758004645, 0.10124412420536544"
"9.385563333473247, 0.13480821042118407"
"9.323660451901429, 0.18087676707416733"
"9.268418689371172, 0.2105090268623826"
"9.219703975428901, 0.2521211576180349"
"9.177482744773373, 0.2901271792747053"
"9.171151636926398, 0.2963458752878978"
"9.188989915439338, 0.2802387267380766"
"9.188806573716004, 0.2976301784647717"
"9.18245139687482, 0.3039552084882331"
"9.169886412938505, 0.3163375250829574"
"9.20095528947699, 0.303512348390754"
"9.20758338171977, 0.3135516111286023"
"9.232202870971912, 0.3067408843263735"
"9.262782235805807, 0.29423466862103"
"9.293188979357131, 0.2819912727622409"
"9.305300010219282, 0.30410032369233875"
"9.323442052368918, 0.3207594955528492"
"9.335484746320667, 0.34314633727933597"
"9.34753225769929, 0.36642725371332574"
"9.347478978835372, 0.38386135579591496"
"9.353551125602012, 0.37822081720327105"
"9.371855568070192, 0.3793762816198978"
"9.384132368613807, 0.3680958291398895"
"9.39029307283492, 0.3624773068532079"
"9.420994062085828, 0.36921773589129714"
"9.414931213105184, 0.3754458299340655"
"9.420994062085823, 0.38741373408856816"
"9.427226123775924, 0.40010161756191565"
"9.421157630809947, 0.40649953955278306"
"9.408865016403865, 0.400101617561873"
"9.402523623053538, 0.4052317865177173"
"9.377986550685769, 0.39191685329622317"
"9.34753225769929, 0.40272207854417275"
"9.341421415772073, 0.4078126036486225"
"9.33534314156609, 0.4128965427192526"
"9.317318539422589, 0.41098749232708087"
"9.299474635967112, 0.4090975994200221"
"9.293609233857165, 0.3953934548610789"
"9.270149000634165, 0.3819303964767755"
"9.241032233360148, 0.37473266423280904"
"9.16499056605825, 0.38136048408316015"
"9.095000217391117, 0.3997813272113717"
"9.02518539474381, 0.4185067206025508"
"8.955549957068477, 0.43753010882861076"
"8.897954646176226, 0.4626209311452527"
"8.84517262493986, 0.48304045813185326"
"8.786349529987232, 0.49122810099346736"
"8.727411954733842, 0.49950848521689295"
"8.674363315800733, 0.5206585410222999"
"8.60920356259819, 0.5361196897414828"
"8.48553999782041, 0.5823214963341172"
"8.374115879470398, 0.6159708259005185"
"8.253393122870452, 0.6427495401600396"
"8.144554240809613, 0.6770692564011114"
"8.030952826123388, 0.7191882180188429"
"7.926449755163836, 0.7743768054422446"
"7.803799769421187, 0.85810876125052"
"7.706271833648699, 0.9301109279999622"
"7.596848386419214, 1.0232649083125267"
"7.485770000360634, 1.100772693962952"
"7.339269396148054, 1.1841151556023561"
"7.2036617592260095, 1.2536262824510942"
"7.049544913621238, 1.3355811914584166"
"6.915090384182841, 1.41150666593294"
"6.7851050082046225, 1.4815095602006494"
"6.666809286869196, 1.4991606610138746"
"6.558721683812607, 1.5249763835939376"
"6.460265285359842, 1.536589799830253"
"6.342647349301396, 1.5399031588599215"
"6.238372890767889, 1.5711245178420157"
"6.075995169123811, 1.5907418235342874"
"5.910323121338348, 1.6020849672307023"
"5.7430562254673, 1.6435282494793952"
"5.591313082323418, 1.662858987563446"
"5.437098339297647, 1.6684144879734077"
"5.299372951660162, 1.687886235515215"
"5.1701094884313505, 1.7206185590887202"
"5.043633349679889, 1.7528944283547077"
"4.914368122292981, 1.7926711993717959"
"4.787063615780954, 1.8160903169712697"
"4.7170534149813514, 1.839790984224507"
"4.641642758369664, 1.8504431766908382"
"4.571438756480855, 1.8532006291707717"
"4.495659390041068, 1.8480335779812123"
"4.419620171439785, 1.8587361297041838"
"4.4034728818523154, 1.8349137715804105"
"4.382004480081442, 1.8242430394408728"
"4.3606042991731435, 1.8136000256110663"
"4.344597728028928, 1.8108925010126526"
"4.333946960651283, 1.7950781998970626"
"4.3391101769264075, 1.818801106522109"
"4.344131043891143, 1.81631433429407"
"4.354681142791557, 1.8269742266198676"
"4.365267254421276, 1.8376618607997273"
"4.364993150078762, 1.8483771290232909"
"4.348870616885844, 1.8456121148510292"
"4.332952098210001, 1.8480335779812478"
"4.311580838054952, 1.8373583535730162"
"4.290271980949419, 1.826710564370849"
"4.274550464729736, 1.8291660526152995"
"4.263950739066838, 1.8760763286372324"
"4.247833684974994, 1.909779850645279"
"4.242545133113676, 1.963928784392877"
"4.237260090148493, 2.0176523826225363"
"4.231978526675508, 2.070931008232968"
"4.243043432633518, 2.07570605946475"
"4.275427789858306, 2.0757060594647"
"4.280927321638687, 2.067974258133532"
"4.291907418584812, 2.0525057736309904"
"4.313427587410058, 2.011845727764417"
"4.329304090664343, 1.9943092918976504"
"4.339908016230322, 1.9894037081878295"
"4.355843895347855, 1.9717426150234303"
"4.3772736421062275, 1.966790135923766"
"4.377149000750221, 1.9824354881637092"
"4.398835882538469, 1.9873679359752572"
"4.415134974746227, 2.004987013236267"
"4.4367200510522125, 2.0098724467216513"
"4.45286434874506, 2.022515416770567"
"4.474373429445022, 2.027366221538209"
"4.468990455370243, 2.0147456257175236"
"4.463602229760817, 2.0020913915214393"
"4.463602229760816, 2.022515416770581"
"4.463602229760816, 2.022515416770581"
"4.46899045537025, 2.035124585009278"
"4.436858453629268, 2.0602408058382338"
"4.404769583903314, 2.0852197517593893"
"4.372718168728988, 2.089958452377779"
"4.335256348843666, 2.1023736017060415"
"4.297782824068179, 2.114753964563377"
"4.269697929631769, 2.098890852638796"
"4.241291248711152, 2.0828271666802323"
"4.212553126214844, 2.066559723517315"
"4.1891349213846, 2.0422058868127877"
"4.165464056712231, 2.0175371328414116"
"4.215387135407309, 1.9887294354181932"
"4.265362516372915, 1.9439174486578281"
"4.320476135752865, 1.9069507661970277"
"4.364303382277748, 1.8858535208039058"
"4.4135920585092085, 1.8567137632699442"
"4.490008017672262, 1.841052044376056"
"4.566869038479539, 1.8413732305082817"
"4.644347488603577, 1.820233702393935"
"4.727975499026603, 1.7907605033793388"
"4.8069307351756665, 1.7691664126720994"
"4.823255949307774, 1.7664316851810327"
"4.839546153662784, 1.7637040620645479"
"4.855473967786756, 1.7663904607630698"
"4.865944827767873, 1.777165420804856"
"4.882114743080523, 1.7959732363185381"
"4.98739721941196, 1.793230827204411"
"5.09308925876128, 1.790495436413451"
"5.1880083928303975, 1.809180245421821"
"5.288738701693676, 1.8197490133022995"
"5.390028950592917, 1.8089795847201202"
"5.560462422564921, 1.763612243202303"
"5.734936594333387, 1.7178372446988561"
"5.927546530646565, 1.6661503889570781"
"6.118905852229853, 1.6057746041441803"
"6.301169799633347, 1.5725351030896846"
"6.509297854615065, 1.5030961526371058"
"6.723889846767931, 1.433135029043072"
"6.936854716217183, 1.3545616581064905"
"7.164810604574001, 1.2838099860818346"
"7.409023439553808, 1.1985805199029471"
"7.477039527643111, 1.1885100818100511"
"7.545291779360163, 1.1784828419593794"
"7.613776988104931, 1.1684988493978068"
"7.682491782205729, 1.158558151500813"
"7.741936088500745, 1.1627378739991343"
"7.711434859124623, 1.1848202863252766"
"7.669465037941076, 1.2008680174200208"
"7.633380316571792, 1.2089074864677656"
"7.597396472944831, 1.2169571645139285"
"7.576552489624726, 1.2250169072003558"
"7.536183674725499, 1.2431318862150533"
"7.501951045755772, 1.2751842051929856"
"7.468068292172464, 1.3070440393004787"
"7.434530605396719, 1.3387039943731764"
"7.39566830936211, 1.3562988637538638"
"7.436954170245566, 1.292735569284062"
"7.493259341270231, 1.2290505078125165"
"7.540947737488818, 1.1574007044574444"
"7.583248769674584, 1.09375920669126"
"7.635126339450986, 1.0380602792019573"
"7.692584316155805, 1.01525638626417"
"7.756805780140176, 0.9844469841238066"
"7.810376064424534, 0.9691061213853658"
"7.870752055465811, 0.9457662863718781"
"7.922193097645728, 0.9144162742015851"
"7.930004334602603, 0.9050664074710824"
"7.921978328533471, 0.8957667440104018"
"7.9297596452085495, 0.8865172893211479"
"7.937516897893341, 0.8773180472528139"
"7.945250191163263, 0.8681690200201331"
"7.94710232567798, 0.8667197690058543"
"7.933255649118836, 0.8652750680319343"
"7.925305337077358, 0.877670139064179"
"7.92134390327901, 0.8623992373134541"
"7.907628317402453, 0.8609680683917418"
"7.905737454672006, 0.8623992373134826"
"7.919467469232285, 0.8638348973485392"
"7.933255649118836, 0.8652750680319912"
"7.9234320669712375, 0.9007084589493104"
"7.933255649118836, 0.9084223773923412"
"7.921553750368739, 0.9022125279550011"
"7.915699433893179, 0.9099401649850449"
"7.898123036236758, 0.8897760692833003"
"7.900162569133557, 0.8633902913567226"
"7.892358130080677, 0.8509107665350655"
"7.892358130080677, 0.8509107665350655"
"7.89632035478332, 0.8231259024856712"
"7.89632035478332, 0.8231259024856712"
"7.8963203547833185, 0.8231259024855859"
"7.916078667402433, 0.8168812960399094"
"7.953628890956541, 0.8092726843693754"
"7.975392897761447, 0.801683950482925"
"8.0130961619886, 0.7941152871121062"
"8.040835308938199, 0.800341983430485"
"8.05851844958968, 0.77773851768724"
"8.08626780950603, 0.7417129336550801"
"8.119919822080613, 0.7195753625442904"
"8.14770515966185, 0.6842533476733337"
"8.175509759716583, 0.6493815123535427"
"8.203333323633256, 0.6351495105889171"
"8.239965147629302, 0.6290968854933965"
"8.265014177066414, 0.6169968887963933"
"8.296120770633104, 0.5978871589566239"
"8.337874703354895, 0.5659330791013701"
"8.369400427789126, 0.5470875773679325"
"8.293303403541486, 0.5402480989109648"
"8.229621369513657, 0.5393786240712757"
"8.160599910703114, 0.5650169789090853"
"8.092154044565257, 0.5710019478461561"
"8.024281294568192, 0.5769907569252695"
"7.9492669159453975, 0.610949949853449"
"7.8746565233800965, 0.6454226973848307"
"7.800452955015885, 0.659784315065508"
"7.726658856460899, 0.6949536474839562"
"7.653276669459086, 0.7305689327546929"
"7.554531818694795, 0.764045214459685"
"7.442203878513657, 0.7976708694630474"
"7.346414353771339, 0.8314217760786846"
"7.246221765221349, 0.851438886935"
"7.153156672841554, 0.8853321620130288"
"7.072758039412337, 0.8729289517647629"
"7.009783678412481, 0.8758504122560282"
"6.930045941831434, 0.8633902913566374"
"6.856470795894965, 0.8648394318203714"
"6.777597123515628, 0.8523412285075409"
"6.697681195935759, 0.8942620001357682"
"6.622136824783571, 0.9129900005424929"
"6.5442586720582465, 0.9550555572510007"
"6.467334645554895, 0.9972427679346225"
"6.391347383218662, 1.0395184706756453"
"6.351882453127997, 1.0615622960452242"
"6.312608387719441, 1.0836504676528875"
"6.271668756543811, 1.0898145883740682"
"6.225460961357441, 1.1039449862694397"
"6.174017612620634, 1.1039449862694113"
"6.146712526717531, 1.1322090932122393"
"6.114029756860442, 1.1684988493978352"
"6.0886536814920085, 1.2128886917826947"
"6.074376487886209, 1.2411660116353573"
"6.060151367671766, 1.2916277416188962"
"5.996481797660446, 1.3039986940585777"
"5.932877567760722, 1.316454528086723"
"5.869332686646096, 1.3289955769239157"
"5.793463278618574, 1.3641501829827547"
"5.724529021667763, 1.362619204732141"
"5.640805384507719, 1.3498727563438706"
"5.5518933318900725, 1.3514477805766205"
"5.4709011125033005, 1.3388304765362875"
"5.391122391883174, 1.3262979505257562"
"5.311713346983833, 1.342030215971107"
"5.246440668235172, 1.3236362753708875"
"5.187874212105697, 1.2913008360822005"
"5.123858524997519, 1.2731146200616195"
"5.066344691081586, 1.2410400239944863"
"5.009284642533874, 1.2091164404994288"
"4.998574373630198, 1.225058802019987"
"4.993674459969782, 1.2270517570233466"
"4.988762180185525, 1.2290505078124596"
"4.978006101358988, 1.2450829632808222"
"4.967236882220384, 1.2611530863823646"
"4.934443303209698, 1.2491494242714936"
"4.90700442853463, 1.2290505078124596"
"4.879528058711955, 1.2089074864677798"
"4.857783701946249, 1.1745985712004767"
"4.835978951279262, 1.1402178928106537"
"4.84688897587134, 1.1463407873991684"
"4.846567366217263, 1.1745985712004767"
"4.846246375131311, 1.2028425966072405"
"4.851359897945182, 1.223008960726503"
"4.851035036148323, 1.2511915333077042"
"4.8567900135356545, 1.2371039275626288"
"4.867979786792605, 1.2149622642188262"
"4.873750336220417, 1.2008680174199782"
"4.879528058711944, 1.186768647538159"
"4.891105175383935, 1.1806885207587783"
"4.891469774254037, 1.1524542256060784"
"4.886391430467184, 1.1322090932121824"
"4.886752299913908, 1.1039449862694113"
"4.881656245716718, 1.0836504676528875"
"4.876194913142645, 1.0474425420367908"
"4.870383760384263, 1.0615622960452242"
"4.858783149101303, 1.0677359199880385"
"4.852993613257843, 1.0818514005578237"
"4.847211205887684, 1.0959699523823332"
"4.841435888562178, 1.0880074917579492"
"4.779385772946379, 1.0641971228137947"
"4.723329821989838, 1.0483893037061875"
"4.661983831763415, 1.0405055998520112"
"4.595178589618508, 1.0247794049837609"
"4.539637463911411, 1.0309278905029942"
"4.4952726395016, 1.096663851007392"
"4.450896520619211, 1.1627378739991343"
"4.406594886681012, 1.2129732034821643"
"4.367816012628087, 1.271270688418383"
"4.312081812149551, 1.3539044857440246"
"4.323389137708998, 1.3598245789818861"
"4.334670540826996, 1.3657332815212015"
"4.351392300968941, 1.3797376964550807"
"4.368089810290755, 1.3937269890522188"
"4.385004877323632, 1.3753014293712056"
"4.462087275293969, 1.3959730625901443"
"4.539690353701751, 1.4167965728731815"
"4.612268479932224, 1.4295740867046618"
"4.685403774722408, 1.4424338687707063"
"4.764920850114166, 1.4636356511168813"
"4.986642295297019, 1.3986318031236493"
"5.212175688730481, 1.3333796058171004"
"5.4492500965029524, 1.2536262824510516"
"5.6864555864973765, 1.1880779132822"
"5.930954801989193, 1.1225368215263103"
"6.232265369703242, 1.0472819994496945"
"6.544853669011128, 0.9726446360937899"
"6.861121947373919, 0.9128739687343312"
"7.197850154030892, 0.8398244794564391"
"7.547479715546981, 0.7678883733690327"
"7.760596923632237, 0.7441984250002776"
"7.970702659825809, 0.7341683498605818"
"8.187332474599193, 0.7240671053492633"
"8.415419355250442, 0.6862721188263805"
"8.657150972159574, 0.6834540735572574"
"8.721614859381127, 0.6685052072748761"
"8.79774200972843, 0.63999670081499"
"8.862724456665013, 0.6253298608411626"
"8.934009303145029, 0.6242759858507299"
"8.981640910964513, 0.5891365034722469"
"9.023282914651771, 0.5616155671387162"
"9.071090830093755, 0.5275008911132915"
"9.136897861702273, 0.4940095918720857"
"9.184918502062095, 0.4611761210181413"
"9.251055217541621, 0.4290358796884419"
"9.269239776368384, 0.40907969165179736"
"9.275318263914317, 0.40209996553878113"
"9.275371104389789, 0.38327630575399496"
"9.281419572620345, 0.35868168265238864"
"9.311350625000001, 0.34660490684626666"
"9.347478978835372, 0.3481492858842188"
"9.390059304736821, 0.3436562497096247"
"9.433109716850037, 0.3391457454564346"
"9.476637028453991, 0.3523455033891878"
"9.495676367812223, 0.3534126353178806"
"9.477133379449853, 0.38982278401753945"
"9.452518036880189, 0.4148896495674137"
"9.415552261142594, 0.433824916268847"
"9.384785895312255, 0.46565257818832606"
"9.34801893395197, 0.48518564975806555"
"9.32969983898817, 0.4859785146671243"
"9.323586780679975, 0.5126859037724643"
"9.323605115692038, 0.5336418469435813"
"9.335919770428678, 0.5620111821154836"
"9.335956731408418, 0.5836005186346114"
"9.373042232558511, 0.584589033501544"
"9.391725370745563, 0.5648579646004919"
"9.416657205007825, 0.5586189824653331"
"9.435512758004641, 0.539023756451769"
"9.46063080765426, 0.5328166000772541"
"9.448059801439136, 0.5257329213693822"
"9.448059801439136, 0.5257329213693822"
"9.448059801439136, 0.5257329213693822"
"9.435512758004645, 0.51868081662127"
"9.435512758004645, 0.51868081662127"
"9.416657205007827, 0.5178155298197993"
"9.397883968365644, 0.5169532239315942"
"9.391604030492081, 0.5030008155532357"
"9.379090424103044, 0.5152374969781306"
"9.366638152692785, 0.5275008911132488"
"9.372856648219638, 0.541592135127118"
"9.391483056051635, 0.5424985526559141"
"9.385339533672107, 0.5496041116755919"
"9.39788396836564, 0.5372174440017687"
"9.410490383678805, 0.5248535098292848"
"9.41681696992219, 0.51868081662127"
"9.416816969922193, 0.539023756451769"
"9.423159214829278, 0.5533180033274334"
"9.416977220333557, 0.5605109865076372"
"9.410791743906863, 0.5677342028503745"
"9.385788491254283, 0.5948873774454171"
"9.35470155475037, 0.608556156934327"
"9.329893996279699, 0.636066708257431"
"9.305181338054114, 0.6637932204408798"
"9.27439562135748, 0.677732105516057"
"9.27439562135748, 0.677732105516057"
"9.274395621357483, 0.6777321055160428"
"9.274395621357483, 0.6777321055160428"
"9.274395621357483, 0.6777321055160428"
"9.28056322758847, 0.6917186336913375"
"9.237763200799831, 0.6969225642565533"
"9.195312891711545, 0.7021085423985767"
"9.165234615735285, 0.6933366819056062"
"9.12338492583533, 0.6985028067600609"
"9.09374703488081, 0.6897867002944764"
"9.058945706815708, 0.7290106342491356"
"9.024545481481324, 0.7683072086056626"
"8.966923016093283, 0.7936232905895935"
"8.933455953589302, 0.8329053182569908"
"8.889021297450025, 0.88622179819113"
"8.81997690545082, 0.8643979041310956"
"8.751320102561836, 0.8426612184474749"
"8.694987423573934, 0.8489408156754052"
"8.62710673085604, 0.8272902645152413"
"8.542804519933359, 0.8057357208050746"
"8.448405436553303, 0.7981252040182198"
"8.3548778773693, 0.7905350145623657"
"8.268160085775424, 0.7754164023078829"
"8.176365588133216, 0.7678883733690327"
"8.101520660297675, 0.7603814594809819"
"7.993577019718628, 0.7119885297804558"
"7.892457264152725, 0.6776068782959044"
"7.786340146301151, 0.6507745139701484"
"7.687043404350195, 0.616996888796308"
"7.57332946055189, 0.6037923939970398"
"7.481878304294177, 0.6241343883151558"
"7.3854555146702, 0.6312976569213475"
"7.289943154280699, 0.6384864767747729"
"7.195339544835784, 0.6457006306774389"
"7.116224915077516, 0.6323444402492271"
"7.006041490286131, 0.6251674955362176"
"6.897352155880313, 0.6180163599481006"
"6.776120527896148, 0.6312976569213049"
"6.662456405096113, 0.6374294626057377"
"6.552766859793884, 0.6374294626057377"
"6.417687121444094, 0.6787355612203356"
"6.292355894864173, 0.7280187852246058"
"6.1744347935259, 0.749186781245669"
"6.052599671750999, 0.7780271419682947"
"5.930954801989195, 0.8133663695204234"
"5.819429217248493, 0.8070949981758702"
"5.707911033984601, 0.8070949981758702"
"5.598907653480246, 0.8008200223794972"
"5.490992557051466, 0.7945415932134381"
"5.384081966632412, 0.788259864399123"
"5.30567354677917, 0.8300887863605482"
"5.216350176391305, 0.8721543838936299"
"5.133463489571254, 0.9285405405058782"
"5.0574569350550265, 0.9710052395944615"
"4.970190525476548, 1.0198275933976078"
"4.888567164173886, 1.0509428169323627"
"4.808350096512371, 1.0756866718025861"
"4.734481611069474, 1.0923452537759175"
"4.65580234598751, 1.1229101699430828"
"4.583595743630691, 1.1332147891714612"
"4.539401930925099, 1.173249730173879"
"4.500948994087447, 1.2051988893730652"
"4.462695280860043, 1.2528648824799689"
"4.419188040144336, 1.2924075453789357"
"4.381397886010864, 1.3455310115084842"
"4.364718018474808, 1.3418433473611913"
"4.3535009218032314, 1.330152341137051"
"4.336671583021916, 1.3264131198230729"
"4.314156777857738, 1.3306762880822163"
"4.29712407872096, 1.3489048158367183"
"4.280657834892696, 1.3188819806928365"
"4.258549145534327, 1.296910209199737"
"4.236678744403359, 1.258947233673453"
"4.220494347860103, 1.235019316827831"
"4.20972249604755, 1.1972681871596507"
"4.220218371307032, 1.1852782075689277"
"4.236417869393294, 1.187207038241354"
"4.241824935958715, 1.195155728680902"
"4.252403917124855, 1.183117566336847"
"4.26325416878046, 1.1770839504841604"
"4.285431494556403, 1.1551356833353594"
"4.301951365195595, 1.119229196351725"
"4.3350072182527795, 1.0912600035498912"
"4.357156925382855, 1.0694086705750152"
"4.373562801923959, 1.0275280000715128"
"4.390124258367037, 1.035357859309812"
"4.406695025768619, 1.021396001906865"
"4.417688026617634, 0.9934963885017254"
"4.439799027372766, 0.9656365598325038"
"4.461944826658015, 0.9594736267459751"
"4.467518673691061, 0.9517245181804981"
"4.467518673691061, 0.9517245181804981"
"4.467518673691075, 0.9517245181805123"
"4.467518673691075, 0.9517245181805123"
"4.46199239996257, 0.9439910814510739"
"4.434212605876541, 0.9517245181805123"
"4.411999132712558, 0.9734030085664216"
"4.389775947348777, 0.9951420114174567"
"4.367541169874463, 1.0169372361568776"
"4.345292902742697, 1.0387844876787682"
"4.378277865531101, 1.0862058360535372"
"4.3947183237534, 1.1039449862694113"
"4.416874078719059, 1.135967731902241"
"4.444611002274401, 1.1701207049718505"
"4.472524431741149, 1.2045657512194623"
"4.517546783669885, 1.1922612093991916"
"4.579717496918131, 1.2106047046123507"
"4.630882935118257, 1.2290505078125165"
"4.676411030603342, 1.2455121605549664"
"4.7278726863476574, 1.2475975109749555"
"4.841687317709657, 1.2537579411561097"
"4.961841835210661, 1.2681590432157321"
"5.088840213930505, 1.2681590432157464"
"5.217050811555547, 1.2681590432157464"
"5.340353807468954, 1.282550537324866"
"5.54719260169864, 1.2639386082634445"
"5.745396045621334, 1.2229124698677367"
"5.947262049803788, 1.1821426624207874"
"6.158724304990189, 1.155885529305138"
"6.3745565716725086, 1.1298183094472023"
"6.538615156946688, 1.073084515289338"
"6.718052742465472, 1.0447359908334732"
"6.896070506583868, 1.0022609897603871"
"7.072654317870257, 0.9457662863718923"
"7.259409477780105, 0.9035429392466909"
"7.352214017586697, 0.8925089291831796"
"7.431472763836167, 0.8814203439640806"
"7.521375722161558, 0.8780906725921938"
"7.628421262420279, 0.8747368226355832"
"7.7315402452469195, 0.8571209458801547"
"7.870813706781061, 0.8230731772283804"
"8.014824388452494, 0.7832994831152433"
"8.155368638576627, 0.7504465743540578"
"8.280029517481246, 0.71818322390871"
"8.410816331958152, 0.6792561958560412"
"8.562787778026463, 0.6342791670891899"
"8.72394299193438, 0.5826555170223031"
"8.882432987609212, 0.518976484687613"
"9.04423977677202, 0.45679002334608754"
"9.203384236371571, 0.40272207854417275"
"9.221185873038493, 0.38503742806427965"
"9.239064051260817, 0.3675377419940986"
"9.263068966893028, 0.3619295240809066"
"9.275105340786958, 0.35023307410084215"
"9.299246128275714, 0.34468130207334013"
"9.341779446412069, 0.3401573291924933"
"9.390883613579474, 0.3472748285848155"
"9.434391982383476, 0.342716898608856"
"9.49093135165196, 0.3442739788318079"
"9.535533712361953, 0.3396772942953703"
"9.542399070112412, 0.37092424105004795"
"9.543106829164799, 0.3907581971878926"
"9.56283767762105, 0.4110154271300388"
"9.569845358374007, 0.4444850456922751"
"9.589806407871144, 0.46577162401786154"
"9.576892269406947, 0.45888423801980593"
"9.564002913819726, 0.45203218792516964"
"9.544895341424429, 0.47190729273324905"
"9.544895341424429, 0.4920127019551188"
"9.51300266984439, 0.5052560447448684"
"9.462005725095626, 0.5382436474111358"
"9.417623121478833, 0.5643343850822333"
"9.367310697384683, 0.5759672817574426"
"9.317544534236013, 0.5677342028503745"
"9.286653098788902, 0.580291653760014"
"9.29899000083237, 0.5667721574406244"
"9.317544534236013, 0.5677342028503318"
"9.329950226765638, 0.5542544949810804"
"9.329950226765632, 0.5542544949809951"
"9.34237978844494, 0.5614618883779912"
"9.34237978844494, 0.5614618883779912"
"9.317544534236013, 0.5677342028503745"
"9.298971290623662, 0.5885771088881739"
"9.29897129062366, 0.5885771088882166"
"9.286615750243842, 0.5812792855543307"
"9.243609143020912, 0.6075172854027642"
"9.213127374247586, 0.6201579523858669"
"9.18283719945476, 0.6328073544066086"
"9.140699236392612, 0.659250664932685"
"9.098905699555779, 0.6857955732599947"
"9.086979976211078, 0.6782795021945418"
"9.075077103905038, 0.670788696578839"
"9.051339739326467, 0.6771213347221448"
"9.027693260055154, 0.6834540735573142"
"9.015903994533186, 0.6759670440593482"
"9.010239685702413, 0.6822891906454345"
"9.01633891585558, 0.6748166120681844"
"9.022435010794212, 0.6673691898698166"
"9.04030588298484, 0.6462731251893672"
"9.046398489739754, 0.6389143347187485"
"9.052106340825873, 0.6326499779252686"
"9.052106340825873, 0.6326499779252686"
"9.06392938619464, 0.6190797784194046"
"9.06392938619464, 0.6190797784194046"
"9.06392938619464, 0.6190797784194046"
"9.046398489739754, 0.6180365814632438"
"9.022859585625584, 0.6242759858507441"
"9.00548876594823, 0.6440907804440315"
"8.988193005159234, 0.6639838329958394"
"8.96491107654371, 0.6702531118051382"
"8.947242367049778, 0.712681477745079"
"8.929598473520267, 0.7556325181958243"
"8.905915036511228, 0.784979798115728"
"8.876182699745467, 0.8223402311307382"
"8.858613204234329, 0.866464491713657"
"8.824963669583898, 0.9078251138499667"
"8.780292618805339, 0.9412435741781024"
"8.74729947533157, 0.9602801722153629"
"8.70345834516793, 0.9935493947966592"
"8.671105570341373, 1.034742840435726"
"8.599273993443344, 1.0839293811719273"
"8.549838953657693, 1.1268692978454737"
"8.479314840195997, 1.198418621384178"
"8.426065555163012, 1.2249741236422693"
"8.35693444728264, 1.2514259044804987"
"8.289967894700261, 1.2310762090003067"
"8.223915260338911, 1.2330865706836818"
"8.158762124058136, 1.21297320348215"
"8.094494244074061, 1.2150356567954788"
"8.03109755517031, 1.2170826940640467"
"7.909190359994887, 1.2350503779219366"
"7.778655949088537, 1.2450829632808649"
"7.658678739779654, 1.2632090317681417"
"7.539614262200802, 1.2814289268749093"
"7.421475829632307, 1.2997416049280304"
"7.303750386866848, 1.299741604928073"
"7.178837906826438, 1.3138498796320164"
"7.058592554675711, 1.321976190492876"
"6.939874491927926, 1.330110658565232"
"6.822670984652091, 1.3382531488025364"
"6.682027904583863, 1.3404364689195347"
"6.55114774777048, 1.328468188795199"
"6.419795900207749, 1.3224670176251863"
"6.290283274223015, 1.316454528086723"
"6.155274061018007, 1.3246369057174405"
"6.045226805464656, 1.332281210469091"
"5.937664627540687, 1.3398529299792017"
"5.832478578471591, 1.34735297753123"
"5.7295593835833705, 1.3547822545021262"
"5.635241570916747, 1.3482854890629312"
"5.527385353678641, 1.3825909296245982"
"5.420059357430219, 1.417111337748267"
"5.313184437585919, 1.4518382673885455"
"5.212053990526874, 1.5006985107039768"
"5.105820366248912, 1.5358228382273325"
"4.922448890568374, 1.5260805730195202"
"4.7429848246688495, 1.5164444444106522"
"4.572053383091456, 1.5149649685410225"
"4.3975672218402915, 1.4998320299307935"
"4.224303773729597, 1.490479977583199"
"4.217887630661552, 1.4814885541472265"
"4.211427278414597, 1.4724354804788575"
"4.188830614416856, 1.4610112890147562"
"4.1774894074687445, 1.433468306941812"
"4.160090121728553, 1.4299717645491157"
"4.227767904299414, 1.4369482177415165"
"4.2945833935504245, 1.4438585765809506"
"4.365812404263374, 1.4529743818669019"
"4.431011145332573, 1.4699611914713557"
"4.506538205252476, 1.4710225450969858"
"4.630385227338904, 1.6389213818502952"
"4.755049685433454, 1.8056822903222383"
"4.8861147138851795, 1.962581831050862"
"5.013288635734585, 2.1247186951841854"
"5.1421483132999075, 2.283591027629946"
"5.309160404093687, 2.467107870556468"
"5.479119048472365, 2.6576606725611214"
"5.663519514900693, 2.82215507493747"
"5.8329302359806, 2.9894911649722076"
"6.005318338975238, 3.148707501002498"
"5.98290344905828, 3.1686520966089304"
"5.952748998752871, 3.18463208681311"
"5.911405223568266, 3.215538448860258"
"5.895468373905297, 3.2280363928748876"
"5.873351616824575, 3.24905444230156"
"5.5095588150728725, 3.1872058760444055"
"5.162716089233747, 3.1145153111407318"
"4.822902962888883, 3.0396267417345726"
"4.480246435624959, 2.9722512695251453"
"4.128798700168416, 2.8930910404995984"
"3.6488129860101903, 2.7412647113373723"
"3.1170812019067533, 2.5784516264217174"
"2.5073867940896406, 2.404002736600411"
"1.7889730772378591, 2.2253965427204463"
"0.9810014010217927, 2.013109201127662"
"0.7157564075866958, 1.8761792680556866"
"0.46074006531155476, 1.7356946158997104"
"0.22861518835442496, 1.592032885858501"
"0.04448857032147657, 1.437101040836879"
"-0.07559131877650316, 1.295096062278148"
"-0.07559131877650316, 1.2716494965886938"
"-0.07559131877647474, 1.2482140487705067"
"-0.07559131877647474, 1.2247935113667694"
"-0.07559131877647474, 1.2013917743164342"
"-0.07356040676859266, 1.1864899583058843"
"-0.061760873689948426, 1.1709399075018183"
"-0.05093319563081877, 1.170281797985382"
"-0.04152165758367232, 1.1629452112703689"
"-0.022484466504039347, 1.155425526735982"
"-0.0010826899882516727, 1.147715952205644"
"0.013190255310533416, 1.1462563146422866"
"0.040175155319488454, 1.144743351192858"
"0.07859029323306288, 1.1598827413931474"
"0.09874060986636835, 1.1585708845727112"
"0.12043224300201416, 1.157208317917238"
"0.15472764831435626, 1.3016487914088515"
"0.1828658768121869, 1.4408433721360296"
"0.20828998286317102, 1.581597787173692"
"0.24994579710099174, 1.7555635802469212"
"0.3056196959999866, 1.957309477630389"
"0.34656652580981984, 2.050249435232743"
"0.41410992929834123, 2.183739007999968"
"0.5147155638300447, 2.3202083569162184"
"0.5943915353322993, 2.467242114083966"
"0.6780032845279251, 2.6201505418155264"
"0.7765623660200589, 2.608901684034933"
"0.8288848343908626, 2.576709985707261"
"0.8766249045790957, 2.5286574366505263"
"0.994458978393439, 2.4855685762151367"
"1.151509236352254, 2.4600229641756286"
"1.1502125190653985, 2.432058958471899"
