"8.674726914768843, 3.5928737612841743"
"8.845614879565042, 3.4499968540093278"
"9.012048909854283, 3.352320884370819"
"9.099691088794984, 3.2696343193345676"
"9.152092306705399, 3.245452695216951"
"9.221450175328778, 3.1997002571043396"
"9.320178916130661, 3.045091097547079"
"9.3983502074994, 2.918266289321352"
"9.461774816158457, 2.812521538218455"
"9.49449706078008, 2.7025948943786915"
"9.516026742525877, 2.6349861782278907"
"9.460458440012621, 2.73058307598788"
"9.405905540678361, 2.8226253927967733"
"9.35818610839738, 2.904158540820518"
"9.328787005884307, 2.9863616012497403"
"9.294059362263914, 3.05220584240989"
"9.28822447394019, 3.0992939079078283"
"9.288158893077911, 3.1555977411282647"
"9.293887053504216, 3.2243465882089843"
"9.293837189869013, 3.279182431238702"
"9.282062707403382, 3.330724443496429"
"9.293736603440765, 3.402001073984291"
"9.293685875699035, 3.4694402130454307"
"9.29363485492549, 3.521147306164252"
"9.293583538573674, 3.5865055974411426"
"9.299474635967112, 3.658707997269506"
"9.293480008801202, 3.7273858294746844"
"9.30537079652672, 3.7814158776742204"
"9.305353255679877, 3.8421578464055557"
"9.317371260859558, 3.8945670166593906"
"9.329482864628739, 3.946274303489581"
"9.329456103097213, 3.94236539711428"
"9.31737126085956, 3.9455965278359777"
"9.311350625000006, 3.9558941755263284"
"9.299370252357301, 3.959067767046143"
"9.287447148587114, 3.9622250582562693"
"9.275684921094888, 3.932663457445635"
"9.264046404562478, 3.903045900755213"
"9.24663068619697, 3.8661480989736567"
"9.235261637238358, 3.836350434964139"
"9.247184633930061, 3.8176332070558203"
"9.252782422682833, 3.8491720067306403"
"9.264318445343209, 3.8877346263109764"
"9.28772338102758, 3.906344966474599"
"9.287654923185968, 3.9265828657710315"
"9.275736692431726, 3.9537957312422165"
"9.299491856648094, 3.906887073277968"
"9.311350625000001, 3.844657686985787"
"9.29363485492549, 3.797875329175465"
"9.293660402099702, 3.740963950617278"
"9.28193630105307, 3.663370002784596"
"9.160607987680551, 3.6641558321654557"
"9.048535205480942, 3.6726615613082103"
"8.955871812378243, 3.684677366487165"
"8.871173050569132, 3.7039215566308172"
"8.788585425382719, 3.7226776620561814"
"8.566628151292717, 3.7246839542063768"
"8.358783354524398, 3.7212673055362764"
"8.149673814484284, 3.712584745833695"
"7.958063087459802, 3.7093538497734535"
"7.765173247316659, 3.7009473019064423"
"7.402197020073279, 3.623463634172875"
"7.062259750791265, 3.5522945872351848"
"6.7548102143930375, 3.4874292770449173"
"6.463025712567482, 3.4183701024688276"
"6.197933540078131, 3.355588128687348"
"5.808050335093615, 3.337509268122009"
"5.431243325067633, 3.3085056639899726"
"5.065684607208299, 3.2790084780030178"
"4.706857444574811, 3.2490071757476215"
"4.344092035907981, 3.2240034363613326"
"4.231545765025034, 3.23501201004488"
"4.113275440007818, 3.2514844810336427"
"3.9937088268615826, 3.267908328595311"
"3.872523163955126, 3.2842833886965828"
"3.754626358137667, 3.29517291593546"
"3.746677493892822, 3.315000055834698"
"3.7387585925715694, 3.3346023381092955"
"3.7354528151707083, 3.3592981612913313"
"3.7321587706248085, 3.383690896305115"
"3.728876391272987, 3.407785037685553"
"3.8062087881114905, 3.4539422358102847"
"3.8859091996586788, 3.5139066778698513"
"3.959715182653839, 3.5671431621357677"
"4.037073662545459, 3.6140156200737046"
"4.108365122790564, 3.664324792158112"
"4.150506383812815, 3.7084798872901104"
"4.192553755707493, 3.742495484597967"
"4.234210218057999, 3.7758436084355296"
"4.270924557772584, 3.8130142025021563"
"4.311891015154332, 3.8450272581312923"
"4.299088250795489, 3.865022547381983"
"4.281997072117651, 3.880422095742741"
"4.260475233803288, 3.899940530658295"
"4.23904584820561, 3.9192092664457867"
"4.226749156240899, 3.939475422931313"
"4.240074824128712, 3.94493266642705"
"4.261991831956827, 3.9587812156734508"
"4.288386334315925, 3.9683795815054594"
"4.310283928314909, 3.9725652866867343"
"4.323251196414051, 3.9755502292478475"
"4.366975711156234, 3.9635397242941615"
"4.40641918369848, 3.947205813937213"
"4.441492262936425, 3.9252050236654092"
"4.481072523414882, 3.9085349329999914"
"4.52513490920079, 3.8973396095964112"
"4.5691323786153175, 3.899940530658295"
"4.613009083505959, 3.9025309710789777"
"4.6611166081959485, 3.910671761939817"
"4.709090545468116, 3.918756243693533"
"4.75265092218172, 3.921286072001404"
"4.765533795088253, 3.9473948676289403"
"4.77391267938896, 3.978538413161168"
"4.773323815495636, 4.010363693160009"
"4.781662224961477, 4.040548261588675"
"4.785516211060354, 4.075385843071317"
"4.763078910250528, 4.137391382812119"
"4.740945550556705, 4.188049795313063"
"4.727712494026813, 4.24518769287717"
"4.7013498440053265, 4.2980836871293615"
"4.683723015604198, 4.3416111510259565"
"4.66205755015891, 4.387215069988436"
"4.644688446962586, 4.428412924823931"
"4.6359339624133105, 4.461145489322778"
"4.627206414736376, 4.493443836780687"
"4.610046440686087, 4.539973561037463"
"4.605950405054746, 4.557520279032266"
"4.606088644406942, 4.5866215552449745"
"4.597713691643616, 4.615065487936686"
"4.597903713890298, 4.643424160758562"
"4.598030863756068, 4.6647619852875195"
"4.593452487430276, 4.677948349199747"
"4.588904574255323, 4.6836762682434525"
"4.5843337978116505, 4.689804983510641"
"4.571355915807554, 4.702695961936836"
"4.558497835905531, 4.707823753985801"
"4.554339533693428, 4.703129118310814"
"4.545927791253804, 4.701827627871456"
"4.5417299538114575, 4.704376985618037"
"4.537498026790444, 4.707366122626809"
"4.541795516431232, 4.7103598826999225"
"4.54177363021467, 4.703508573539761"
"4.537498026790438, 4.700082829101291"
"4.533225573645463, 4.68935902277593"
"4.5289687335199735, 4.678161506999153"
"4.524699406150629, 4.667391667109149"
"4.54179551643124, 4.65172745408821"
"4.558942365390352, 4.63595674030481"
"4.576140993286524, 4.620076479075417"
"4.597650537414246, 4.600592588768276"
"4.614956647621443, 4.584469392400834"
"4.615108809218636, 4.553000213798327"
"4.6195298664997475, 4.517591848714469"
"4.615337896294877, 4.481722348048503"
"4.611136852283113, 4.445363739944879"
"4.6112840745142885, 4.412142214076248"
"4.602640025553196, 4.355517665017347"
"4.593996838440585, 4.297748056966807"
"4.589704387252504, 4.242561337722115"
"4.589704387252504, 4.19098758201131"
"4.585354411857482, 4.134450765896368"
"4.5810590952023995, 4.120611197908914"
"4.5811104387662285, 4.119598139685454"
"4.585463520980486, 4.11462087501226"
"4.585518197219374, 4.104626332082468"
"4.581264928012082, 4.089533401379093"
"4.585627793958005, 4.102558029076359"
"4.581316577848115, 4.106543262989479"
"4.5726396943762735, 4.115526820411475"
"4.572684952408213, 4.123466827123213"
"4.572684952408213, 4.1323985386843205"
"4.5771968514551595, 4.203876866791209"
"4.581732562943344, 4.265325761925784"
"4.595107643012317, 4.333281973172401"
"4.599652566590968, 4.393359660824212"
"4.6087214490346575, 4.463496100949106"
"4.621391140940402, 4.53487756218221"
"4.633939927291311, 4.61173334178879"
"4.64198084256107, 4.675413592691365"
"4.64577155817183, 4.7478675417981755"
"4.653678988718978, 4.808470937340388"
"4.648924566885319, 4.856441162000184"
"4.648422653547715, 4.900399396190128"
"4.643718905968026, 4.9471983667035015"
"4.6432394281733105, 4.9901385981021384"
"4.638585391773895, 5.0360239555502115"
"4.651212281755055, 5.10166948962012"
"4.663833057871256, 5.167281475733876"
"4.676448028517812, 5.233012414792906"
"4.680733342366189, 5.299022844283225"
"4.693347127007804, 5.365469236377379"
"4.702075091365633, 5.4505143480975216"
"4.71068587728706, 5.53681234198826"
"4.723629421469615, 5.628491477737182"
"4.740772405674817, 5.718259386444026"
"4.753784450244911, 5.814112592715555"
"4.762844578674434, 5.917179786295508"
"4.772138097821991, 6.0240690622892386"
"4.7770987148812765, 6.130084411041385"
"4.790487646942762, 6.247579586618457"
"4.7955209980118685, 6.361146305262395"
"4.822101925252533, 6.427504928053203"
"4.853301431702971, 6.491158079625873"
"4.880209731244311, 6.560381525441928"
"4.90757140756439, 6.62261795536649"
"4.939376682028259, 6.690502161595523"
"4.9738491314990085, 6.678957585518564"
"5.00856537717814, 6.66600814232056"
"5.044277386033968, 6.654161356804957"
"5.0758584680855865, 6.646570972844904"
"5.108003961921549, 6.638877219796806"
"5.140233242651492, 6.629824794832043"
"5.163580420813803, 6.62066464436199"
"5.201850292175328, 6.60687743420746"
"5.230621003722856, 6.591690642630783"
"5.265018792345596, 6.582145342297683"
"5.242020318221241, 6.5954117663354985"
"5.229451060281376, 6.620200311774179"
"5.211940628332133, 6.62875537099501"
"5.194608148569166, 6.647584978117484"
"5.172473842623706, 6.660520135983261"
"5.175324800924969, 6.692173467386549"
"5.173212786224283, 6.718007977906974"
"5.161784711157678, 6.754294090363416"
"5.164636769248865, 6.786114273161276"
"5.16747403541644, 6.817998647036344"
"5.157180225195297, 6.836246728783072"
"5.146926738197051, 6.854515254238649"
"5.136223816904694, 6.871303786306083"
"5.121229121152745, 6.883509067009477"
"5.106309285757691, 6.895701349156188"
"5.107236963316002, 6.88807911953881"
"5.108167561333785, 6.880446679560869"
"5.11829855322814, 6.872804026054217"
"5.124098695648149, 6.871229874925572"
"5.1299239091516515, 6.869650205569654"
"5.106132578759625, 6.8514267087707506"
"5.0916323519710724, 6.833321080801789"
"5.068008642408339, 6.825860415065978"
"5.0488429063514975, 6.812460803943288"
"5.030164901717167, 6.790119086868945"
"5.040526815074108, 6.773476334269266"
"5.041767601884571, 6.756821627933509"
"5.052637340391575, 6.741518632906247"
"5.063583130304302, 6.726176208255456"
"5.07416119874982, 6.719837278848946"
"5.02786895291899, 6.647705869543169"
"4.976932392508202, 6.5812377397907955"
"4.9261970924237914, 6.506020412481725"
"4.870931672262866, 6.436566277529787"
"4.820580963157647, 6.364152664667888"
"4.800772047842001, 6.404861553219169"
"4.785801267786963, 6.441276348797259"
"4.770789167729105, 6.4765947264813954"
"4.76050094997255, 6.507547324479001"
"4.745987954331314, 6.5534971073399575"
"4.745987954331314, 6.563211423969114"
"4.750506499619323, 6.568652795298482"
"4.746343913943406, 6.585045742189195"
"4.746522300588452, 6.596032056449111"
"4.741997290946966, 6.600355202400108"
"4.742523479495466, 6.594070816524353"
"4.733971925760307, 6.586589994506195"
"4.729604094776756, 6.572440324892275"
"4.725396573637014, 6.5594778014576764"
"4.721340194801787, 6.547665644694771"
"4.720700669371544, 6.5626445770836686"
"4.720223585377933, 6.57875251509866"
"4.7244219720872955, 6.591710213230366"
"4.724099081549217, 6.6090053962545525"
"4.727954508888381, 6.629439667952587"
"4.718336877592688, 6.6628664052797735"
"4.713101537947575, 6.700652720333252"
"4.703475491943812, 6.742818669834501"
"4.698347824145691, 6.790747464678473"
"4.693397245930143, 6.8300702087247505"
"4.688480200802626, 6.859293684950283"
"4.696423557320127, 6.882690037698255"
"4.70009696874075, 6.911885233466699"
"4.69507324287568, 6.929339297133163"
"4.690220331372735, 6.948219557629597"
"4.689960605699738, 6.95545826147043"
"4.685525911196149, 6.9788457570652405"
"4.681101344994153, 6.991987283361237"
"4.685147847077156, 7.015473290912167"
"4.680611030570741, 7.02707751548715"
"4.697775122596524, 7.030229884227598"
"4.706378670843277, 7.021434600624087"
"4.710685877287062, 7.017038512728224"
"4.719462202737647, 7.00980923123111"
"4.732437506797532, 7.006970580333867"
"4.754314948219363, 6.955603910842399"
"4.776514852085601, 6.90602000865888"
"4.807480402610037, 6.856663763002041"
"4.82981563334945, 6.8061732855569"
"4.856748734087746, 6.761638897512681"
"4.884988178563702, 6.7125400506432715"
"4.909358002981164, 6.659135372997518"
"4.934072404175357, 6.605741538900631"
"4.959140634581617, 6.552362904852009"
"4.984572275901108, 6.499003279826301"
"4.991106374283683, 6.423548068470211"
"5.002055745669743, 6.3530950726630255"
"5.0130974441923515, 6.283365281872589"
"5.024232796152729, 6.214346609882011"
"5.035875227886661, 6.13780902630195"
"5.044685681284006, 6.0573992135583214"
"5.049087809487076, 5.974759837835872"
"5.053487886258633, 5.893897397436689"
"5.062714975190843, 5.810811401090335"
"5.071507692275137, 5.737070059146103"
"5.0496814772725624, 5.61542110307656"
"5.0324985085590725, 5.501936360755158"
"5.015170329936565, 5.392049551115984"
"4.993826580743983, 5.289016682503123"
"4.9770566543097114, 5.184842732899916"
"4.951483635498576, 5.127329017058036"
"4.9297974591379985, 5.06626518844301"
"4.908691103841576, 5.011787366951099"
"4.882627138616381, 4.953626831419195"
"4.852465710855877, 4.8982214526948"
"4.843574228210052, 4.839666844718634"
"4.830607551740035, 4.783740462848236"
"4.817385992163321, 4.72004095281236"
"4.808720948234878, 4.658994427684318"
"4.799826331504575, 4.597485751223337"
"4.812596521299479, 4.548228338296452"
"4.825325266393493, 4.498449529313708"
"4.838013044158447, 4.448088620558458"
"4.854953716519261, 4.393359660824215"
"4.871831633697234, 4.337845530863822"
"4.857414067984293, 4.2785053806296816"
"4.843103215108988, 4.218259024331928"
"4.828897515167478, 4.157034254906101"
"4.814795437645075, 4.09476205151255"
"4.796573007131809, 4.03541713378846"
"4.792348124799138, 4.011787156309897"
"4.788120821388671, 3.987918688204015"
"4.78389108441354, 3.9638068425666546"
"4.77542425945479, 3.943608325006881"
"4.771187146129409, 3.919027780531131"
"4.770994636981723, 3.9298790464328377"
"4.770802413958747, 3.9406684168706896"
"4.7706104764220685, 3.9513964984673606"
"4.7704188237352, 3.962063894640739"
"4.77022745526348, 3.9726712055657956"
"4.766191588043688, 3.975603245652078"
"4.753494923622703, 3.9785384131611785"
"4.7494338755388466, 3.9814767151475188"
"4.7409455505567095, 3.980303106825847"
"4.7324469624250005, 3.979127216339286"
"4.728033116946994, 3.9750040476489374"
"4.723623133222244, 3.970877264163171"
"4.714965316473431, 3.9708772641631285"
"4.714965316473431, 3.9708772641631747"
"4.714965316473431, 3.9708772641631285"
"4.719370967529441, 3.9655550535072663"
"4.72378045167532, 3.9696900120832908"
"4.728193786357458, 3.9643609246761855"
"4.728354695113272, 3.9631644621207904"
"4.7327752601596735, 3.967308551742054"
"4.724253814542578, 3.9661143296204884"
"4.728677232805843, 3.9512341922168197"
"4.7199891589397405, 3.9512341922167877"
"4.711303289666443, 3.9512341922168197"
"4.7070338124521935, 3.9458454657047497"
"4.698347824145696, 3.955399447446627"
"4.685387096094014, 3.9690673617063688"
"4.681107649594862, 3.973213292602715"
"4.676825447599222, 3.977355573346184"
"4.663848790812199, 3.9814942144388326"
"4.646470063442095, 3.9814942144388503"
"4.637782821378406, 3.9814942144388468"
"4.6290968599272775, 3.9720235654521545"
"4.620412078185465, 3.9625176117173098"
"4.611654048995541, 3.963718866620354"
"4.611654048995542, 3.9637188666203684"
"4.602977792540711, 3.9637188666203684"
"4.594302408340926, 3.973213292602715"
"4.581264928012082, 3.9879744200111453"
"4.563924590559575, 3.987974420011149"
"4.546560100235271, 4.017210421183137"
"4.529222204067576, 4.046072794562605"
"4.50758344917786, 4.069489118749029"
"4.503253614620251, 4.091630798640221"
"4.4902603405894626, 4.113599875032758"
"4.468559271616829, 4.1432822823392215"
"4.446804907494462, 4.172694887299972"
"4.429374063714923, 4.206647503250839"
"4.398900183350822, 4.236377336009326"
"4.381397886010864, 4.269616040428652"
"4.381397886010859, 4.32833315239168"
"4.3813978860108564, 4.385847123772628"
"4.3813978860108564, 4.442250295990023"
"4.381397886010864, 4.497634146094283"
"4.381397886010864, 4.552089078732381"
"4.394768215437287, 4.6113340679293255"
"4.412358018843216, 4.665409355909279"
"4.429863589454, 4.718561394325732"
"4.4430021415559375, 4.774707152557076"
"4.456070421956746, 4.829998320834223"
"4.494699195985356, 4.8899094787005435"
"4.529145375496055, 4.953284369988884"
"4.563693398913456, 5.016520561893888"
"4.60270737831589, 5.076157405936071"
"4.641884067326888, 5.1359770597272885"
"4.672301262660229, 5.182019880728717"
"4.7027616572464375, 5.228195592405316"
"4.733269545777133, 5.274554874275607"
"4.763829174824574, 5.3211470611078795"
"4.7944447423019145, 5.368020138157773"
"4.803171784727973, 5.4115309742778255"
"4.811901940653677, 5.455325646539297"
"4.824886117928205, 5.495666658479414"
"4.833621159896112, 5.5400817351579645"
"4.8423596316741015, 5.584875949261126"
"4.8336211598961185, 5.645244128350848"
"4.829134560080775, 5.7023982023544795"
"4.820404493933251, 5.764347285144148"
"4.8116777175593795, 5.827219180377031"
"4.802954139579254, 5.891074003484232"
"4.794233668168924, 5.955968781183237"
"4.7812591613508015, 6.026423194347366"
"4.768281369160075, 6.098239079180711"
"4.768089968455732, 6.174691974643965"
"4.759380996202979, 6.244574201421084"
"4.781460542213742, 6.33961415716225"
"4.803608055023061, 6.437255885146445"
"4.821562006703508, 6.533388157049837"
"4.83531494909788, 6.627888485374971"
"4.857674409392332, 6.733696667444173"
"4.8712883680465975, 6.750762082453641"
"4.880665093212728, 6.7736836604096435"
"4.8986366187846855, 6.795415542912211"
"4.907788904106063, 6.807032702514585"
"4.917267106474336, 6.830414362560499"
"4.894936829252835, 6.81426319681483"
"4.876937737444665, 6.792380658598715"
"4.858982040328142, 6.780809718873772"
"4.845606241521873, 6.775042485935063"
"4.82772086257942, 6.753429141204263"
"4.8222607027393, 6.782780589324997"
"4.812576631409598, 6.807744142161093"
"4.802954139579254, 6.832703451690451"
"4.793392521997573, 6.857657940987824"
"4.788120821388671, 6.887007409818793"
"4.796784348022581, 6.9178916509807395"
"4.809674723824739, 6.953432672994525"
"4.8225625044065525, 6.978754529834701"
"4.826779983336834, 7.004200261307965"
"4.830995129871504, 7.029770098091001"
"4.848831724686972, 7.032993652693506"
"4.862253639808403, 7.030114635465736"
"4.871491081936091, 7.033347313803036"
"4.889495969414922, 7.036591883221953"
"4.9075714075643955, 7.050533455200879"
"4.885267150932261, 7.042735530890683"
"4.8675310811826416, 7.04110441964324"
"4.849836796740717, 7.039476305082262"
"4.82771759722446, 7.031729492250591"
"4.809895953057198, 7.007369254298853"
"4.797207974477944, 6.97294470415941"
"4.788737253754697, 6.932750179072526"
"4.775816340527911, 6.897274362351789"
"4.767327219572649, 6.867894246872025"
"4.759012113205129, 6.840079223844483"
"4.754394090632897, 6.83287376775101"
"4.749787067022433, 6.825696266984008"
"4.745364349255897, 6.819933786966241"
"4.745364349255892, 6.809821113380059"
"4.7409455505567095, 6.804087792515169"
"4.740945550556705, 6.783967807627324"
"4.740945550556705, 6.7739431892021"
"4.7409455505567095, 6.753964465919291"
"4.736530653424031, 6.738390964694412"
"4.7321196403914225, 6.7228861592783975"
"4.7321196403914225, 6.7228861592783975"
"4.727872686347659, 6.718586336671795"
"4.723466048481643, 6.713012271584663"
"4.723466048481643, 6.713012271584663"
"4.727712494026813, 6.707449721417797"
"4.731793289710704, 6.700637988652947"
"4.735865556915782, 6.693852390293356"
"4.744328042505952, 6.69260239992788"
"4.748380574697061, 6.676107520016008"
"4.743813336201053, 6.679125757210221"
"4.739256854515758, 6.672426000658705"
"4.739089355249844, 6.671203157839301"
"4.73454712480722, 6.664537133033482"
"4.730015532023302, 6.667547541058733"
"4.729855343765088, 6.656692081516065"
"4.734383412813198, 6.63445755741926"
"4.738922102929643, 6.612293976676"
"4.739256854515755, 6.595529701716773"
"4.7395925960783005, 6.578785002967529"
"4.74415621972396, 6.556772005250759"
"4.748906053184692, 6.535918736349351"
"4.744845041732291, 6.514026614684591"
"4.7494338755388466, 6.492205300100087"
"4.758460849156087, 6.466317693082363"
"4.7632660564768745, 6.4456516246504165"
"4.7733238154956386, 6.397141454106613"
"4.7834910674640065, 6.34872377327643"
"4.798298890421566, 6.296303250373478"
"4.808720948234874, 6.248081791170314"
"4.819258939751178, 6.199951094189878"
"4.83866486686746, 6.151164397230721"
"4.862927254309983, 6.0985040490977855"
"4.882764647447642, 6.050065761126815"
"4.902807629111237, 6.001784873989064"
"4.927829007619675, 5.949648567372557"
"4.947641850720559, 5.909123902090995"
"4.9676028300293105, 5.868758504638639"
"4.983235398788903, 5.824576135594507"
"4.9989950578503555, 5.780556203153014"
"5.019391768495684, 5.748921036381126"
"5.023897505840516, 5.703354033010723"
"5.032902386264597, 5.662194144292631"
"5.041898551910991, 5.621467484771888"
"5.050886094768474, 5.581151613313895"
"5.054940740750893, 5.537167489294397"
"5.038935454296809, 5.516597131311386"
"5.018602944603084, 5.4924449358787895"
"5.007707820968037, 5.46854577194684"
"4.9968885520198825, 5.444891179741944"
"4.976932392508202, 5.421472852404063"
"4.95608080389757, 5.390455632250799"
"4.935479825952299, 5.359905937138329"
"4.910456678068134, 5.33348280546498"
"4.8857530287052935, 5.307442315614856"
"4.870260016106512, 5.274492614473237"
"4.883757740026013, 5.270853689798563"
"4.901884494786491, 5.263571128549529"
"4.920056441754451, 5.256282125703359"
"4.938274496811118, 5.248986488070761"
"4.952221987853879, 5.245311225318886"
"4.960511075377126, 5.238090936262674"
"4.964128400776245, 5.234539974746214"
"4.967732845291536, 5.231003351710661"
"4.971324483077073, 5.227480958869653"
"4.974903387663806, 5.223972689068832"
"4.993826580743985, 5.216629698154149"
"5.012858970578205, 5.209256841658773"
"5.036301956993591, 5.205504214570862"
"5.05987225679036, 5.201738162729098"
"5.079259734207078, 5.194292877953545"
"5.083572334099659, 5.18342708270766"
"5.0921918296832, 5.168988329183608"
"5.096498744396691, 5.150909893177214"
"5.105565069215928, 5.129178908585928"
"5.114172338861081, 5.114820506444341"
"5.1166061764438675, 5.046873265732163"
"5.1190239419974395, 4.986472810156576"
"5.12142579559247, 4.926256077347428"
"5.119104934121147, 4.869871461857819"
"5.117261022471748, 4.805864063868929"
"5.115428355395579, 4.741559514451932"
"5.113606829738319, 4.669369587647704"
"5.111796343609619, 4.596366912920839"
"5.105371036005038, 4.526488220627327"
"5.107762593764627, 4.455603903002443"
"5.085631311216156, 4.396652562764345"
"5.063552562526974, 4.344678290807943"
"5.0373600318171405, 4.287220050546072"
"5.011214925112267, 4.228532257155717"
"4.980595502708409, 4.173329743990546"
"4.967739411016279, 4.1423831665732145"
"4.955212840519806, 4.101132773169237"
"4.946528957322526, 4.074267095307182"
"4.938165701936223, 4.036903935027883"
"4.929794192498923, 3.9989305188851354"
"4.921414345521416, 3.988470816917694"
"4.904337502149883, 3.977952515719263"
"4.8920179934051, 3.9608699661376328"
"4.87938705301001, 3.9448253924390855"
"4.866736176486385, 3.928643263780163"
"4.863038096072897, 3.9013617967763636"
"4.872297663962793, 3.8890495912131122"
"4.872567331765385, 3.8680986340311527"
"4.877349617521995, 3.8512472225145906"
"4.882143758942705, 3.834246433483443"
"4.8733787693391895, 3.8342464334834716"
"4.855860237995099, 3.8242060090389387"
"4.842854981461447, 3.818479467678131"
"4.829847831854183, 3.8127358943441543"
"4.821329808190237, 3.8113426558455643"
"4.804045636901484, 3.8200651853334016"
"4.791021284735652, 3.82442028310507"
"4.773716096380332, 3.8331181825704945"
"4.751928503908252, 3.8374609997034597"
"4.725686694461485, 3.8374609997034277"
"4.716637202206601, 3.850184658500055"
"4.707617054934594, 3.8628079022919657"
"4.702903997879973, 3.871057929466076"
"4.698347824145688, 3.8877581312238014"
"4.693802344417531, 3.904313176632101"
"4.693532077951819, 3.9357672788233025"
"4.689004292213144, 3.970877264163157"
"4.684487065027767, 4.005434054355135"
"4.6842316273865405, 4.03541713378846"
"4.679731872354551, 4.059891187870612"
"4.684359251544886, 4.142337820880769"
"4.6846150682571, 4.227269971948484"
"4.680604762951629, 4.31357292236072"
"4.68085583177676, 4.393910291880015"
"4.681107649594865, 4.480215912682139"
"4.699044834106897, 4.594012514100635"
"4.7215508945376135, 4.701120114629608"
"4.748529547267063, 4.802973357823786"
"4.771383212244591, 4.9072084832020035"
"4.803274124615939, 5.003761822492788"
"4.817153481070935, 5.071882472293019"
"4.831093817392417, 5.140199718468221"
"4.845095901412127, 5.208890984402323"
"4.863503145378454, 5.28179080578889"
"4.873010998701132, 5.35542407018003"
"4.874572862121136, 5.4026378131003625"
"4.880665093212728, 5.453182556186312"
"4.882143758942707, 5.499605805971746"
"4.88387645877528, 5.545889599545024"
"4.889768824007879, 5.595521626125513"
"4.8908900607294505, 5.656372251711262"
"4.88753032840615, 5.7144118631488"
"4.88443148661028, 5.773927518990113"
"4.872567331765385, 5.834706439610911"
"4.869399823326871, 5.888754036881508"
"4.851865087025051, 5.9211337023149575"
"4.834344886849007, 5.95378117137224"
"4.821097958442235, 5.990549495946935"
"4.81212650015365, 6.023166981387647"
"4.7944447423019145, 6.064420981903361"
"4.789356448842999, 6.117108078882882"
"4.784295550248312, 6.170249348763939"
"4.779261808131546, 6.2238561391523"
"4.774254986968212, 6.277938380318693"
"4.769274854052471, 6.332504667849491"
"4.773288503770873, 6.41661916561275"
"4.777293909802291, 6.502380693330748"
"4.7856823519881875, 6.585659666332772"
"4.789668683047406, 6.674774938973769"
"4.802217214242953, 6.755787444506051"
"4.799515618033689, 6.7805326742968965"
"4.79234812479914, 6.810048901176509"
"4.785108108135834, 6.840079223844473"
"4.782269091328344, 6.866201842708797"
"4.766107147940965, 6.907712295430854"
"4.761994388831845, 6.9257272477748675"
"4.7623722502550345, 6.939340225465759"
"4.758244954500938, 6.957567783025377"
"4.75410890288907, 6.975911189222483"
"4.754476165580908, 6.989806104629218"
"4.778794623539742, 7.025680083285143"
"4.807205191923007, 7.056710102248946"
"4.835207955922747, 7.087463835394312"
"4.858383499048221, 7.122443552006601"
"4.885622812576428, 7.152635333904265"
"4.902441955765447, 7.1937975125255775"
"4.91925186442879, 7.246117305913174"
"4.93162341515675, 7.2925028360410264"
"4.9528463512252205, 7.341138413187664"
"4.969632088310535, 7.394812863872514"
"4.9947526016847945, 7.353920215049971"
"5.015756497380337, 7.306196532059644"
"5.046295704339112, 7.271245235014755"
"5.068090789282618, 7.22296737290089"
"5.090249012920125, 7.174448375381458"
"5.102827019975612, 7.122180496712799"
"5.11125802455108, 7.065213785307633"
"5.114992355408019, 7.001931695338511"
"5.12361854408752, 6.944958092409182"
"5.132364511496835, 6.887963302006222"
"5.092997986146861, 6.858978682887646"
"5.058415112516365, 6.834953685216979"
"5.019463993247594, 6.815775765405725"
"4.980970029675802, 6.796857220255173"
"4.942918858627503, 6.778193066996939"
"4.932668929818266, 6.813819694557252"
"4.922174708926891, 6.837721691707461"
"4.916345812090782, 6.867489727308966"
"4.906294352724337, 6.892794281526187"
"4.905106840377301, 6.918092402737863"
"4.895154829540302, 6.9329282249978705"
"4.89006137777101, 6.955256360659848"
"4.88470962410341, 6.976053840909108"
"4.883876458775267, 6.992368670713554"
"4.874362533547358, 7.008669711356376"
"4.8785680531556395, 7.013140244211348"
"4.873824681831529, 7.026558306610603"
"4.869357794403084, 7.031033137636346"
"4.864633750670108, 7.044464014696599"
"4.85992122030976, 7.057904397186318"
"4.851281709642942, 7.047320227968574"
"4.855982738530366, 7.0338989892399955"
"4.851784390365632, 7.018892985648142"
"4.85203629107987, 7.009965744117169"
"4.852288566476794, 7.001042814971951"
"4.843626693871903, 7.001042814971951"
"4.826080426945187, 6.999468402500195"
"4.813225261637146, 6.995012814112435"
"4.800154125877706, 6.988995249678752"
"4.7870995233742475, 6.9829900921468795"
"4.7782742180454285, 6.981436929289305"
"4.7694648109018365, 6.979886584409412"
"4.7648794019111635, 6.982771328180726"
"4.756100229944196, 6.981222392899956"
"4.743130601574214, 6.975252382661488"
"4.733893720006604, 6.969112446013673"
"4.724713415877323, 6.963016647737483"
"4.715589060461833, 6.956964522691475"
"4.702213265757722, 6.945107484992967"
"4.697371324731854, 6.943504555349957"
"4.697371324731854, 6.923235786960375"
"4.697371324731854, 6.903059031173894"
"4.701661770563922, 6.878674709717582"
"4.705955810147801, 6.864380683648832"
"4.705955810147801, 6.8444573716002175"
"4.710685877287062, 6.814531540255028"
"4.715440653061818, 6.784661287482809"
"4.715886526169388, 6.759103068840208"
"4.720677901485234, 6.729338167431122"
"4.725494526236158, 6.699631069129495"
"4.725808580165292, 6.653679834472008"
"4.726281398566312, 6.609258827535198"
"4.726756314321444, 6.565121954325684"
"4.7272333414326155, 6.5212686871218"
"4.727712494026815, 6.477698172269198"
"4.719525170389523, 6.42519486550575"
"4.711154887019533, 6.372219618872697"
"4.702761657246439, 6.319798905616037"
"4.694345299646957, 6.267924219911305"
"4.685905630327997, 6.2165861532103435"
"4.69516584280082, 6.167254535583588"
"4.7044838871341295, 6.118258450812508"
"4.713860426953082, 6.069590290610983"
"4.723296136479816, 6.021241294139306"
"4.741473501255972, 5.964286771370416"
"4.763703819135782, 5.894310656377827"
"4.790298726893956, 5.821247414065479"
"4.816921324440425, 5.7494645433987355"
"4.839254427666788, 5.675138300836655"
"4.857307374944216, 5.61359749986974"
"4.889798418033364, 5.572565914038341"
"4.91357339591034, 5.539202303150527"
"4.941896276534358, 5.501936360755147"
"4.975160004593105, 5.468548739062302"
"4.999591662893922, 5.427566056769092"
"5.008724435315838, 5.389932333293454"
"5.0270066326521405, 5.352497018308946"
"5.041353355843091, 5.319003459341444"
"5.054897187411143, 5.285546152637318"
"5.073252454864071, 5.255911608285643"
"5.0627789254841264, 5.226469222740886"
"5.04800696200193, 5.1935220613550435"
"5.032902386264599, 5.160847274887552"
"5.018285706145321, 5.128270562767183"
"5.003739075696607, 5.095837107874676"
"4.985300796562929, 5.059648945899154"
"4.962236035048541, 5.019952868179573"
"4.939256165684294, 4.9802801053004515"
"4.916359280567186, 4.940594515487797"
"4.893543474323934, 4.900859624370673"
"4.856781545148692, 4.880122333856024"
"4.8293983604573825, 4.859137522541969"
"4.806476048820586, 4.834699636646311"
"4.779196823427535, 4.814139494052739"
"4.752289169497979, 4.793264680769182"
"4.738380231765246, 4.76932320681882"
"4.720144283498083, 4.749307667516494"
"4.702194411961821, 4.736279059751565"
"4.684359251544887, 4.715959791923549"
"4.666522736091111, 4.696116914792318"
"4.641019530138913, 4.672639538146321"
"4.611063404670465, 4.652895828951182"
"4.580956636332495, 4.6259825666462255"
"4.559465943248995, 4.598290897762061"
"4.529235075471283, 4.577928281125125"
"4.5162332840759, 4.544865482083786"
"4.50327286561926, 4.503228501817739"
"4.4946481988634135, 4.464755884306205"
"4.4817342861499325, 4.430183138332341"
"4.473140210683745, 4.382853323427915"
"4.473140210683745, 4.317573113580403"
"4.473140210683746, 4.259174134195931"
"4.468847683722193, 4.195634526764337"
"4.46455814219267, 4.13057642257797"
"4.464593107893031, 4.068961324448566"
"4.455987950406741, 4.041654008912015"
"4.44738188548657, 4.014052062477347"
"4.4387748060505645, 3.9861484617989085"
"4.430106180800179, 3.9661879415560755"
"4.421490379089484, 3.937731644241204"
"4.425639006858018, 3.9298790464328377"
"4.425511033929588, 3.9274050489664027"
"4.425382680691686, 3.924921293620045"
"4.425253945446121, 3.9030412024820826"
"4.420749070243017, 3.894965313134499"
"4.4165119697831114, 3.9114904060117297"
"4.416653811693792, 3.923675738397719"
"4.421087530417454, 3.939942778093471"
"4.42128940256448, 3.9626128116216464"
"4.421423486059771, 3.98381711235168"
"4.421557173267009, 4.0047847252477276"
"4.4216904659408796, 4.0163082913487465"
"4.413237994976185, 4.027746382885869"
"4.409058426983404, 4.043110377024604"
"4.413455562949811, 4.058349106427009"
"4.4133831470058755, 4.066314600289179"
"4.417565598768364, 4.078238497795599"
"4.417426461928585, 4.094092087767006"
"4.42162386881135, 4.105949001308865"
"4.41728691398813, 4.109895033133341"
"4.408754804436339, 4.110913069547504"
"4.408754804436339, 4.119795637774267"
"4.413092414515371, 4.124726308074784"
"4.4131652584181635, 4.13454873470166"
"4.413165258418166, 4.13454873470166"
"4.417426461928585, 4.14723851634707"
"4.408830878057034, 4.1472385163470875"
"4.404572114201207, 4.152103754403061"
"4.400233800707317, 4.155991345071367"
"4.400233800707317, 4.173409437823857"
"4.395720414813367, 4.184060903747618"
"4.395548441211672, 4.19948682183815"
"4.391010855439557, 4.201498114041886"
"4.386455951236865, 4.2121431843389985"
"4.381883612995442, 4.22278505704525"
"4.381883612995442, 4.22278505704525"
"4.3774942132243755, 4.218030829167347"
"4.3774942132243755, 4.226630856185405"
"4.373101054475787, 4.221883158579718"
"4.368704117332635, 4.217123438333459"
"4.359785343227886, 4.249649890448918"
"4.359671687073684, 4.29114615369058"
"4.355139422465638, 4.327539610998535"
"4.350596385978797, 4.363546981731602"
"4.350475482510983, 4.403605703626916"
"4.368490325683886, 4.455201077450598"
"4.381980324652657, 4.501373094160908"
"4.395375957579634, 4.546598988815365"
"4.408678618412569, 4.590945071373916"
"4.421889669014539, 4.634474714773377"
"4.452060723569884, 4.684128452395521"
"4.4820655544601555, 4.7329736870772265"
"4.511910000000005, 4.781090021641866"
"4.550082567361771, 4.835626272300898"
"4.579602579999987, 4.882445791790905"
"4.601118033947573, 4.98233018096785"
"4.622812042984415, 5.082371879635746"
"4.640355026190168, 5.186688007206426"
"4.653678988718977, 5.2887597321131725"
"4.680229556777033, 5.39628805374669"
"4.684743261656052, 5.487349151084123"
"4.680604762951626, 5.587561855809643"
"4.68085583177676, 5.686415731720198"
"4.685387096094017, 5.783694495857117"
"4.676825447599222, 5.887295577619046"
"4.650144358720252, 6.031089122752381"
"4.628058088367072, 6.175158527779342"
"4.610407237942845, 6.318729151532127"
"4.588679068562274, 6.471578478279067"
"4.56708929305212, 6.618576904065201"
"4.53738612610899, 6.700623675780035"
"4.516154536154031, 6.7731918356908185"
"4.486431929304494, 6.8583883104247505"
"4.456681289118517, 6.945345344724775"
"4.431121385360908, 7.040120975843309"
"4.430347341541835, 7.082463758683548"
"4.425189434037017, 7.132330679120413"
"4.424341957719054, 7.177298989988334"
"4.423477750352587, 7.223592618328174"
"4.42259631142386, 7.271266618781732"
"4.440356925034445, 7.252080471530382"
"4.449159448489804, 7.223331428852807"
"4.458001647915129, 7.194619436291548"
"4.475918152188376, 7.175499152635684"
"4.484854214495203, 7.1468509802031095"
"4.5029127007111125, 7.1300942580511135"
"4.529848582629202, 7.122933526343575"
"4.552163427965171, 7.122316262949503"
"4.56992142450093, 7.105836100366847"
"4.596442194708478, 7.098843040490034"
"4.600318482096279, 7.1227884831136485"
"4.6041452568592875, 7.1465468788833535"
"4.616577082241898, 7.168333454661185"
"4.620250601509894, 7.191707808101231"
"4.628143948513367, 7.219496765212312"
"4.627801267593654, 7.256302602984617"
"4.627460602020358, 7.293167395027597"
"4.618583676540557, 7.330089147583282"
"4.613978433673368, 7.371691702821013"
"4.609403624548148, 7.40210108657037"
"4.609545743578385, 7.406093565718022"
"4.609688277659194, 7.4101008078980195"
"4.618349723765634, 7.402812069096782"
"4.622812042984417, 7.402166958393404"
"4.618740217427214, 7.390195053989009"
"4.606645691056979, 7.360097577993873"
"4.594363795571186, 7.32971084146897"
"4.577540125205879, 7.3056941046416"
"4.564830283579108, 7.274719360297517"
"4.556380115764294, 7.26158354687618"
"4.53857151160466, 7.259658064809107"
"4.520790480380164, 7.257736269360715"
"4.503036047427691, 7.255818150254403"
"4.4853072390406625, 7.2539036972506095"
"4.467603082555533, 7.251992900146565"
"4.459021333935265, 7.261409928651237"
"4.450529136352575, 7.270745518403214"
"4.442124994349475, 7.280000687111597"
"4.433807447188331, 7.289176436209271"
"4.425575067826748, 7.298273751165767"
"4.434212605876541, 7.275885970454185"
"4.438503724385197, 7.260095543382315"
"4.44279774388356, 7.244343969500381"
"4.451439423636333, 7.222183252122976"
"4.460041673401698, 7.201927618069053"
"4.447046564418259, 7.219394610723808"
"4.442746454832769, 7.2350926258804975"
"4.44279774388356, 7.244343969500381"
"4.434154983657837, 7.255462089910532"
"4.421222211657638, 7.271245235014755"
"4.421289402564477, 7.280527623499908"
"4.417006577493844, 7.285170190170033"
"4.408372745287972, 7.296364121971676"
"4.404095202872412, 7.3122393954225"
"4.404174982271846, 7.321554279161889"
"4.421557173267008, 7.317693403032674"
"4.438882678857684, 7.3138468713102815"
"4.45615265059266, 7.310014606603604"
"4.473368216248785, 7.306196532059644"
"4.486263683031038, 7.307006484781574"
"4.490546160999043, 7.311621276484027"
"4.490546160999043, 7.311621276484027"
"4.494825380148036, 7.316236942543342"
"4.499101357115957, 7.320853479033231"
"4.51191, 7.327393350358105"
"4.51191, 7.340513102951999"
"4.516185688544634, 7.3583303923398296"
"4.516188828952597, 7.37156811638042"
"4.5161919739770875, 7.384859855462"
"4.507627971162768, 7.396197554212243"
"4.499063697418942, 7.418948235063657"
"4.4862259927610575, 7.435051985630463"
"4.47342479920583, 7.4605914549842245"
"4.460650234662002, 7.486199427267126"
"4.4563571664511255, 7.504567027592857"
"4.448088882700394, 7.51491132581837"
"4.444105061028069, 7.53200965075192"
"4.440100722329213, 7.539659529500462"
"4.4361221865052345, 7.5472704654845355"
"4.4280608183103665, 7.557358283743127"
"4.444933427714895, 7.530271229330153"
"4.457553430960137, 7.510096102518114"
"4.474334998172431, 7.483381437828404"
"4.491065953965947, 7.456877205096031"
"4.507747299726445, 7.4305816938709865"
"4.520238232214288, 7.381804835979062"
"4.536894451160072, 7.327066040513959"
"4.553580754791952, 7.285530117100837"
"4.566102107756979, 7.238030410966311"
"4.574485000189166, 7.186516999639339"
"4.587462028343592, 7.1428247122858775"
"4.596345451079824, 7.103441353843951"
"4.605333318271589, 7.053430937765988"
"4.618740217427206, 7.009387703311619"
"4.636574850486291, 6.969661851914289"
"4.645870900107685, 6.886976979683611"
"4.655265562746112, 6.7948447191569254"
"4.660444875265333, 6.719326960259176"
"4.665567357043384, 6.633233413249363"
"4.670861272380042, 6.558921735464359"
"4.684845294911997, 6.502186530424396"
"4.703485490239543, 6.451065033533044"
"4.717584342036861, 6.384498446666405"
"4.736543995700816, 6.333946235375983"
"4.750886655319691, 6.268418463815582"
"4.755124990406149, 6.198740695310201"
"4.759162886684504, 6.138602657318901"
"4.772388469357356, 6.080297185759431"
"4.780984427821962, 6.018387897915813"
"4.78955678161145, 5.966084928743828"
"4.765825176838038, 5.866899642821321"
"4.751416092055014, 5.747561621685541"
"4.728282420724874, 5.640131243762068"
"4.705356721905321, 5.535985519075668"
"4.682762956022294, 5.427444086086376"
"4.643947082252901, 5.33635723036447"
"4.591475510197878, 5.256282125703359"
"4.542979557956453, 5.172414771911385"
"4.498532720859283, 5.091705447196032"
"4.458167431987527, 5.006670061521849"
"4.458495959582025, 4.9132373931952085"
"4.463227058592701, 4.823555105914792"
"4.463521163559719, 4.730121214665621"
"4.463811736126097, 4.636012422155751"
"4.459770859995811, 4.544945767435324"
"4.438010678471786, 4.50186471120287"
"4.416227014585538, 4.458174290308547"
"4.403047210375838, 4.413120700756261"
"4.385516969177536, 4.363546981731602"
"4.37226878890706, 4.316803735081974"
"4.376688649627699, 4.279352234260028"
"4.376688649627686, 4.236666116505983"
"4.372373367784164, 4.198125607182828"
"4.363750991420401, 4.1551030114156795"
"4.359557860849576, 4.116437180188299"
"4.351198195006539, 4.065185154833763"
"4.351557128312593, 4.013123746372912"
"4.3519144607435685, 3.960217752189763"
"4.356534117184646, 3.910635398604729"
"4.352506486297591, 3.860260412446749"
"4.347765657972882, 3.8407739780991683"
"4.338595660488692, 3.825364220719422"
"4.329504472241249, 3.8111617037636307"
"4.320369761541075, 3.7968164902618646"
"4.315491735400121, 3.7764707708720735"
"4.3150487589215, 3.761781605000426"
"4.3147523283224585, 3.748429095552954"
"4.309979716794855, 3.728952591405296"
"4.309521672363961, 3.713798904194679"
"4.309061542756993, 3.6984880076504965"
"4.304875264309967, 3.695479610805819"
"4.300697791608839, 3.692474598278043"
"4.300857405988239, 3.694039202955395"
"4.292203281560733, 3.695600526564025"
"4.283559168302199, 3.697158579355232"
"4.279065092182256, 3.7123357257677867"
"4.2745667707411465, 3.7274370842221245"
"4.270064182000371, 3.742463190323285"
"4.270064182000365, 3.7529338312277964"
"4.265743513831254, 3.7588915036663515"
"4.262180118970939, 3.7912724254648076"
"4.2586401387111525, 3.8230394747221226"
"4.246381099889482, 3.864134568534478"
"4.234196843723318, 3.904313176632087"
"4.226327828895734, 3.947766212305787"
"4.226327828895734, 3.966746855563688"
"4.222086373072378, 3.9908565967661964"
"4.226540281491049, 4.005434054355135"
"4.230989869264278, 4.010651433227487"
"4.239673960404957, 4.019918023045264"
"4.253173756069639, 4.04567897032074"
"4.266615260894476, 4.062040430470169"
"4.27982792340351, 4.077185512058751"
"4.293004046737761, 4.11002607699664"
"4.301922878491328, 4.129708817011267"
"4.305992475143777, 4.141404133483444"
"4.314302761278148, 4.1569563521679065"
"4.322774833169103, 4.173409437823846"
"4.331256884401285, 4.18113717493252"
"4.339749038810067, 4.197481427482362"
"4.33987624425902, 4.206992758538863"
"4.340003261710365, 4.21645611419423"
"4.3443706941020865, 4.229677758489295"
"4.344494245124207, 4.2390341113095396"
"4.344617613911077, 4.248344234077674"
"4.361581019737419, 4.263441409491929"
"4.378586310807904, 4.278499125095646"
"4.391368370205045, 4.2897671071318015"
"4.40844938342528, 4.304758146482246"
"4.425575067826742, 4.319712478677177"
"4.425639006858018, 4.328750886567157"
"4.429985064747245, 4.341457231776857"
"4.434327594436195, 4.354097429805121"
"4.438666614034117, 4.36667258814807"
"4.4430021415559455, 4.379183807999995"
"4.451528969446944, 4.4018860066176355"
"4.45578070169194, 4.420838866621558"
"4.4600416734017, 4.439714704682675"
"4.4643119277159915, 4.458516350886347"
"4.4642411097024155, 4.480856443114055"
"4.464205621607749, 4.5115254869277575"
"4.464170080630663, 4.541957125826999"
"4.459770859995811, 4.575719223452838"
"4.455361561019216, 4.609241813145466"
"4.455319302375377, 4.6390209844814425"
"4.47707497945996, 4.7024574390679845"
"4.485784455270848, 4.7615909898992115"
"4.5075543357189325, 4.816256101844372"
"4.529325714009903, 4.878014459453196"
"4.546741381238944, 4.942710801817393"
"4.568533361834513, 5.010509439725782"
"4.603523483133313, 5.081479124578799"
"4.629711438718383, 5.152808865807248"
"4.651595201367147, 5.220693893207252"
"4.677939411691527, 5.285334824999799"
"4.660892022774717, 5.365221037591478"
"4.643648363485576, 5.446313077106638"
"4.626418438786344, 5.529047366132107"
"4.609088569249598, 5.605922892546788"
"4.596056544525062, 5.6882739733058365"
"4.582633303406876, 5.76230604218521"
"4.569262392153852, 5.8373699441481754"
"4.55594312829544, 5.913553518180494"
"4.547056601809881, 6.0032065637744445"
"4.529443652254851, 6.086000074392844"
"4.5293648500719295, 6.176702571821227"
"4.533622804778766, 6.263902296162476"
"4.537839705817593, 6.361292990680493"
"4.5377438830328005, 6.447870960385155"
"4.541927510393861, 6.539882122844167"
"4.57183642480915, 6.5606717427024765"
"4.593093580701487, 6.581491963428786"
"4.618583676540557, 6.5981700691556835"
"4.64391167927217, 6.613710488994383"
"4.669140289207076, 6.629241762161203"
"4.682464534928452, 6.620207894395918"
"4.700235357398579, 6.616488093481623"
"4.71376646699422, 6.607377196664597"
"4.727392822097974, 6.598226162779124"
"4.745537967396106, 6.594406657262057"
"4.799560671917001, 6.614576338289881"
"4.849892446612312, 6.629606588016949"
"4.905596318659178, 6.650462610525823"
"4.966912148071037, 6.67737617033219"
"5.019857981713622, 6.693367896334032"
"5.053204072037275, 6.703036692269906"
"5.087260335256143, 6.724404931446129"
"5.1167776557017435, 6.740155118030119"
"5.150942929294883, 6.750151592182652"
"5.190873402378321, 6.77810097773229"
"5.206862586327837, 6.78835877783335"
"5.227396024565191, 6.792656751456442"
"5.248063339501657, 6.7969793213272816"
"5.264411125252043, 6.807411908512977"
"5.280251374851547, 6.8056990872622265"
"5.254296671362306, 6.816677001399277"
"5.238587535886247, 6.829102103607211"
"5.2229615709276365, 6.841514086706187"
"5.1974648943750825, 6.8524110987814115"
"5.181513980693911, 6.863275764554697"
"5.1597301217185025, 6.8864344190398725"
"5.132837050735549, 6.901813159276262"
"5.106309285757687, 6.917067801772267"
"5.084899968035235, 6.927634203506027"
"5.054730179117321, 6.948771334093564"
"5.034696618190779, 6.94099469187156"
"5.010568855831318, 6.939340225465759"
"4.986642295297013, 6.937697544457363"
"4.967505434991914, 6.942083044351428"
"4.9485051186870646, 6.935968638915791"
"4.946555018563972, 6.879407463095285"
"4.949203469288841, 6.828809994234018"
"4.95188453187179, 6.778193066996939"
"4.9545988147396, 6.727561419915319"
"4.957346941601212, 6.676919555828728"
"4.954351621713646, 6.64716596655979"
"4.9513359720624335, 6.607354980184028"
"4.948299781670968, 6.567653660583012"
"4.940473861147205, 6.532456600097921"
"4.93260259453907, 6.497347774441373"
"4.932271232870546, 6.506116677234681"
"4.927174695269346, 6.519280418704838"
"4.922091542918961, 6.532456600097921"
"4.921769594056467, 6.541247617147329"
"4.9214481520813145, 6.550044139833599"
"4.910715456559936, 6.574094268990708"
"4.8956764742552785, 6.593702121249873"
"4.894189826125486, 6.617664576066308"
"4.883696265021185, 6.641582698143266"
"4.873288428801601, 6.6654562210567985"
"4.86323393064302, 6.680496203175787"
"4.857570893275885, 6.699889365171538"
"4.838756739001646, 6.714851595585481"
"4.828917255346456, 6.729776607396682"
"4.819141206415036, 6.744664428473611"
"4.804924759184223, 6.753803909237011"
"4.79081208636673, 6.762901505372166"
"4.77680167554139, 6.771957477976779"
"4.758460849156086, 6.775283644266673"
"4.74467245294149, 6.7842608240072195"
"4.740098074267727, 6.777248821773242"
"4.730981634374868, 6.763305616391717"
"4.726439470089785, 6.756374127336661"
"4.72175339345882, 6.7481674930157025"
"4.7085209507483485, 6.740006732783775"
"4.708810162947044, 6.703381910164344"
"4.713617606444788, 6.673651004839284"
"4.709682932347858, 6.642781876997929"
"4.714514081136286, 6.613197656540548"
"4.719370967529452, 6.583673891752943"
"4.719834265579969, 6.558416302312633"
"4.724729299727282, 6.529006079514567"
"4.729487803285486, 6.498593815272972"
"4.72997706534442, 6.473510319399024"
"4.734765783095951, 6.443291774099041"
"4.731127289293031, 6.405866478113552"
"4.722817282953703, 6.38097347963682"
"4.718961967263283, 6.351989469418161"
"4.710737251916834, 6.318940998044517"
"4.702464421293703, 6.285973409766182"
"4.702464421293703, 6.267816233158852"
"4.702609620780923, 6.2415643418199895"
"4.702755041919914, 6.215450731155306"
"4.707275302682518, 6.1935340666128145"
"4.711799567340283, 6.171725257479617"
"4.707873322430297, 6.161086962232581"
"4.70392645183007, 6.150421282063439"
"4.704517571047623, 6.135670185881436"
"4.700539207469051, 6.1249455858158015"
"4.692099698515751, 6.110128965530315"
"4.665874679655964, 6.106244384425957"
"4.643881729204991, 6.0975129820098655"
"4.612522407615291, 6.09764922894978"
"4.585480598576284, 6.093647389783938"
"4.562748459907301, 6.093765033180135"
"4.571802570283745, 6.081934758843795"
"4.576232184495889, 6.07502378969429"
"4.589802980802648, 6.06816316051618"
"4.598696110624542, 6.0565922231409255"
"4.6075344919545, 6.045127959425347"
"4.620733091154618, 6.01974404334958"
"4.638290830671484, 5.990142720821658"
"4.646697811904908, 5.961035930955024"
"4.659561926151329, 5.936875277739176"
"4.676719187285653, 5.908652237838703"
"4.694421705310944, 5.850523311265887"
"4.698665811343299, 5.805188133000009"
"4.707275302682531, 5.756269835633972"
"4.724908156750296, 5.700532044281794"
"4.729106576951604, 5.657073906771307"
"4.714625068580315, 5.566832843066543"
"4.704773954752162, 5.4681160645545575"
"4.699465549522066, 5.3756923271247965"
"4.6853870960940185, 5.292437353838613"
"4.675847740522966, 5.200148416461436"
"4.637315455948638, 5.125634653260237"
"4.607351337292538, 5.050654804048859"
"4.5728211321868155, 4.971567949288046"
"4.533720353217189, 4.895310429204846"
"4.503156057879618, 4.817620817822931"
"4.498813406288468, 4.734345254250536"
"4.490147111997748, 4.654086556356935"
"4.477204685848195, 4.569171127207893"
"4.477307757546114, 4.486370458926608"
"4.473111520159823, 4.406249848361346"
"4.468879492785182, 4.339296703940848"
"4.4646628845957785, 4.270975138776414"
"4.469006260466407, 4.200239172693379"
"4.460499437158918, 4.123808900616371"
"4.452016768751473, 4.045289712947909"
"4.4388826788576905, 3.99778376069985"
"4.421356493958194, 3.944825392439089"
"4.403694526366875, 3.900087577295828"
"4.385894244434447, 3.844247832006733"
"4.36795304172267, 3.7867362331947305"
"4.354668939535412, 3.7691448170840722"
"4.341349729310239, 3.7513935507196337"
"4.323676908923333, 3.728984213253547"
"4.310283928314909, 3.710877233627375"
"4.296854035255936, 3.6926034302183055"
"4.292203281560727, 3.6849022698324703"
"4.287541134980328, 3.6771611309303616"
"4.278359493365989, 3.6739817835266138"
"4.27366659508223, 3.666175608756383"
"4.268962081168781, 3.6583286356803235"
"4.2557547261704345, 3.6645684680017006"
"4.246883778104614, 3.675397841212284"
"4.246883778104614, 3.675397841212284"
"4.238009035726561, 3.6861831624103765"
"4.229130373724322, 3.696924676204638"
"4.2111320002383, 3.6846019971725994"
"4.193088664892332, 3.6722028495812005"
"4.166068827320986, 3.670600271947343"
"4.147914919967815, 3.6581057211444197"
"4.125079069027035, 3.650195721138747"
"4.102469295002721, 3.6548536858124976"
"4.084144891230796, 3.653222464464598"
"4.066110203050658, 3.653222464464598"
"4.043349751170806, 3.65788160072729"
"4.0252480857814215, 3.6578816007272756"
"4.025623337839734, 3.6704105393186843"
"4.021664284870066, 3.689058370360218"
"4.022041661061877, 3.701394202463284"
"4.026745606172733, 3.707533557375857"
"4.031444080110908, 3.7136539847834733"
"4.050183810238888, 3.7273652186531656"
"4.06418249058951, 3.745476070865152"
"4.078133870902116, 3.763421543479115"
"4.08342819956919, 3.792969282278868"
"4.088700476292452, 3.822074280149245"
"4.097925283489985, 3.8335946177099807"
"4.116314657418074, 3.8464051899719003"
"4.1300547678275725, 3.8534460472439456"
"4.148032284858887, 3.8547915689110077"
"4.165961807300919, 3.8561343721839982"
"4.188368945400333, 3.863119426464017"
"4.206191411764515, 3.8644491679269812"
"4.232947361574215, 3.876986104645191"
"4.255123335320925, 3.8838682628398153"
"4.281673484046322, 3.896249702471927"
"4.298942517920047, 3.990929823184011"
"4.316225611084946, 4.082357313710684"
"4.329095225817066, 4.165890998889001"
"4.346414807257875, 4.2517326482256514"
"4.354904533709616, 4.334261680884357"
"4.358641082425944, 4.464478209450961"
"4.362408221141104, 4.590523748428117"
"4.366206336379324, 4.713399661711991"
"4.365651759847511, 4.837976856143689"
"4.3696023680040765, 4.957704134101194"
"4.39657596490908, 5.0746457961681575"
"4.414628815374531, 5.198201239509753"
"4.4457699703475555, 5.318197584248609"
"4.47232049693597, 5.4355236744718125"
"4.503136282065318, 5.5581701163143435"
"4.5424444747133075, 5.613120172249959"
"4.585737717592211, 5.657088392847176"
"4.624293675501768, 5.704754453983624"
"4.666865661229255, 5.756522824936117"
"4.704735228544138, 5.804369438314976"
"4.705162074898249, 5.844766681650886"
"4.714214371237115, 5.885752372281191"
"4.710269094057431, 5.931126129368788"
"4.7105634810955745, 5.972829866569078"
"4.711006705331855, 6.015706253064309"
"4.707324998084359, 6.047622737146856"
"4.69918486251824, 6.083933998241914"
"4.691132169270508, 6.121511551398724"
"4.678690458825735, 6.1557575542947784"
"4.670500443282949, 6.185804828117947"
"4.644750331943541, 6.208992995812423"
"4.618736951471364, 6.232572260802478"
"4.587890379029549, 6.250729783181603"
"4.570279140119288, 6.2741562887358295"
"4.543484757274599, 6.2979455528864"
"4.534428531671069, 6.324094170242056"
"4.525400323383201, 6.350338669286019"
"4.520900114945758, 6.373412627564605"
"4.511909999999994, 6.399863979782355"
"4.507426966321654, 6.43170188049554"
"4.534272934332529, 6.428630482152391"
"4.560995977178139, 6.425575575803256"
"4.592022683757984, 6.426770124538335"
"4.618492572766228, 6.42373603181376"
"4.640368053766095, 6.424929016629779"
"4.640368053766097, 6.443834926093322"
"4.644851426168492, 6.458594713131499"
"4.644851426168492, 6.477669865659074"
"4.649338572562287, 6.492574925217397"
"4.658324261541318, 6.5032746444149225"
"4.667206824172739, 6.5032746444149225"
"4.67609107810951, 6.5129194044192396"
"4.684977129010387, 6.512919404419248"
"4.689353220864127, 6.517198723810509"
"4.689353220864127, 6.517198723810509"
"4.689488553181939, 6.508641400699126"
"4.6807269004785805, 6.490464500486644"
"4.685373841011836, 6.477666217998202"
"4.685506483125095, 6.469140629182162"
"4.690031954742306, 6.464879816607659"
"4.68150345584489, 6.468047799083699"
"4.681894420790062, 6.480877566571573"
"4.67330943495905, 6.493808351347798"
"4.6646863924249296, 6.497088829505341"
"4.660590241730982, 6.505829899201377"
"4.674058667483154, 6.500387236423295"
"4.678503755677214, 6.485213913867659"
"4.687385019748602, 6.474420394996088"
"4.70083076637836, 6.469040837886563"
"4.705261612730531, 6.454021651014944"
"4.700248547896275, 6.464784083196325"
"4.699669910152703, 6.479803960054953"
"4.694701297065467, 6.490504938784054"
"4.689759838553055, 6.501177361166365"
"4.689218094826882, 6.516096627427544"
"4.6888139496893135, 6.541776008207705"
"4.688411644183738, 6.567502412612546"
"4.688011165768311, 6.593275571529025"
"4.683149563233368, 6.623402939244143"
"4.682762956022283, 6.649276303330376"
"4.660892022774717, 6.664711560084704"
"4.63911018057464, 6.691439213895936"
"4.617287265721065, 6.718400224596532"
"4.599851285313399, 6.741201035105087"
"4.582312753000726, 6.7628406887525285"
"4.560438362213157, 6.77270361102093"
"4.538429910447022, 6.771004162631369"
"4.516338448895444, 6.769298936605704"
"4.498593875947899, 6.773416831853087"
"4.471866942053891, 6.777557604849953"
"4.480742551936068, 6.7789429790042774"
"4.485185198382704, 6.774467594739091"
"4.489631096595184, 6.769993486234364"
"4.489631096595178, 6.759681085141784"
"4.494080264698272, 6.755215154064202"
"4.503029283625322, 6.758684184364805"
"4.52075676587448, 6.772373505925961"
"4.542744626128559, 6.780193969153695"
"4.560182454906402, 6.793762132994063"
"4.581837339608843, 6.801471235308048"
"4.599061763691558, 6.795950173833532"
"4.611877359328465, 6.7860946596019565"
"4.6203312797055895, 6.782022228477061"
"4.633033440772634, 6.77228213797744"
"4.641402344166256, 6.768273015529042"
"4.632943532564757, 6.760938195255662"
"4.624460749528834, 6.753594277600142"
"4.6159537986027885, 6.746241259495979"
"4.607422480652812, 6.738879137819492"
"4.598866593825941, 6.731507909385419"
"4.594548507436401, 6.7072622961135515"
"4.590227387853861, 6.683138271999823"
"4.590285933508354, 6.654839192393657"
"4.585958551415968, 6.630971239645069"
"4.581628099835954, 6.607223399447022"
"4.594672109216583, 6.582443564223024"
"4.599061763691553, 6.549373593139744"
"4.599061763691558, 6.520756185581204"
"4.603454914357848, 6.488152671597323"
"4.60785157867749, 6.4557897321907"
"4.581995095624177, 6.42447525290974"
"4.577887028277283, 6.406602410213665"
"4.564910532432365, 6.379354811571413"
"4.551826313645236, 6.352070020855047"
"4.543074536159718, 6.328914971128926"
"4.556414089731018, 6.305410900905376"
"4.5563801157642825, 6.27707126477966"
"4.56523397668794, 6.258035614277466"
"4.578541103951222, 6.235028169698786"
"4.57854110395122, 6.217054490626384"
"4.574169700068064, 6.195878924135574"
"4.569788409038354, 6.174771360451949"
"4.565397183863346, 6.153731223887851"
"4.560958404451871, 6.132032963175731"
"4.56543814188982, 6.101693282404988"
"4.547759544662068, 6.0709014077467724"
"4.529917896443801, 6.04007183164974"
"4.507385182377458, 6.013840766501373"
"4.484621866419763, 5.987522692387013"
"4.461622415805099, 5.961115806375378"
"4.452289593660338, 5.920350078252965"
"4.447524535418532, 5.8752426734503285"
"4.447320556095284, 5.834841397519708"
"4.44711528006081, 5.794584325904051"
"4.437559843323879, 5.754859824203195"
"4.470441701506683, 5.664826043595545"
"4.502771564036113, 5.577981656577776"
"4.530015840579528, 5.4822261837062385"
"4.5522874311910115, 5.393551937342337"
"4.587484452652478, 5.311175610895926"
"4.57412220432677, 5.212351811875752"
"4.56077140038416, 5.121462634728388"
"4.547431647368451, 5.038024722045876"
"4.534119472542836, 4.946870455781211"
"4.516351955336088, 4.851403757428052"
"4.543003248190886, 4.747132262573006"
"4.5652339766879475, 4.636567923733962"
"4.587542176340551, 4.52213891624652"
"4.614244852792624, 4.408616064283908"
"4.636456640064108, 4.28671349810244"
"4.635888436850049, 4.187053667823932"
"4.635325396617878, 4.084433989738351"
"4.639110180574642, 3.9743508222179678"
"4.6385378984323955, 3.8647653786234244"
"4.638064917199103, 3.7498661708152703"
"4.634306333908288, 3.692731579385807"
"4.639302093007125, 3.633754931518979"
"4.635512507382741, 3.5728506760369285"
"4.640563785142941, 3.5099313805827954"
"4.645563419170286, 3.4468437340016678"
"4.623659994915256, 3.4080634636040763"
"4.592639550490749, 3.368480100998095"
"4.565892855693682, 3.335374822273863"
"4.534480879739659, 3.2942662871334996"
"4.502849732473869, 3.265169254499927"
"4.489249792699661, 3.257614934120621"
"4.475638024640672, 3.250036024468347"
"4.466533175006229, 3.2348041079632317"
"4.452893631981252, 3.227150937109549"
"4.4437579818892985, 3.211769762371201"
"4.429961472736075, 3.1993555940605063"
"4.420636823985412, 3.1922858531648615"
"4.406729812117684, 3.179701881987647"
"4.392764131107718, 3.167017962043044"
"4.383285515650927, 3.1597535138029293"
"4.36943035262175, 3.151792682542336"
"4.355682487248182, 3.1462594898323637"
"4.341805672467162, 3.138259765668561"
"4.3324504802799195, 3.1357926324117074"
"4.323226910894443, 3.1357926324117074"
"4.304606722084118, 3.1333197142529627"
"4.285764564175053, 3.128356447535804"
"4.2717749716571785, 3.133933108088449"
"4.24848482761584, 3.1258660609495905"
"4.22038489603021, 3.109652387536311"
"4.2065461551193115, 3.11777251371916"
"4.1881809550691385, 3.12027649747575"
"4.16955252427532, 3.1202764974757855"
"4.155709201036094, 3.128356447535797"
"4.141864543162306, 3.136409957323586"
"4.123814727859456, 3.168361186564809"
"4.105799205615971, 3.1998957937818666"
"4.0878168572800435, 3.2310190256058497"
"4.069866577716226, 3.261736218987455"
"4.051947275805367, 3.2920527900314696"
"4.0348154308704425, 3.3389293080801714"
"4.022214282964972, 3.3775615692059624"
"4.004831206553136, 3.42057860586279"
"3.992341943345692, 3.4577385718366003"
"3.9799060725846473, 3.494219711635772"
"3.9670950100607882, 3.539829743759661"
"3.9543176045637107, 3.584525320400342"
"3.942020355758178, 3.6300144733824062"
"3.924938331928357, 3.6791743916613555"
"3.9079048141809904, 3.7272191720672048"
"3.9320419664588817, 3.789164361513521"
"3.9516781609999976, 3.8552064919298914"
"3.975526462485764, 3.913710940540259"
"3.9992307791195385, 3.970690900309112"
"4.022794661075398, 4.026216928957496"
"4.044430854137324, 4.1300660448019"
"4.070790973785914, 4.226363238974976"
"4.092508163592267, 4.3234234398639675"
"4.114272688778994, 4.417584379062568"
"4.136086513895792, 4.509222847300718"
"4.1911323524995305, 4.567114702005057"
"4.2411093942714135, 4.627326299599311"
"4.29086763297955, 4.679204699928084"
"4.344536470722972, 4.733643100421098"
"4.397792927503876, 4.787160646189587"
"4.4198571495873304, 4.82806902251188"
"4.450575301183537, 4.868320223372681"
"4.48564704513369, 4.904856966602566"
"4.5119100000000065, 4.941447533377405"
"4.533736696571038, 4.981280447367888"
"4.555547309732831, 5.042155290030969"
"4.56857573249048, 5.103003837481374"
"4.581628099835944, 5.17077860199722"
"4.599061763691553, 5.235093271063432"
"4.620817884300653, 5.296104350101834"
"4.642760265892432, 5.3575691090976525"
"4.660333507700862, 5.430602962839939"
"4.682250189101803, 5.4933661051588665"
"4.704194691542155, 5.564394198321502"
"4.717406295429851, 5.636484723496607"
"4.696410603203762, 5.672964370271331"
"4.675219731215198, 5.702275932324575"
"4.653937692374379, 5.740367634222544"
"4.632420068398508, 5.7711969181875755"
"4.615112122071667, 5.806475139300302"
"4.624004146449214, 5.830553980538058"
"4.632976816327832, 5.846975158015731"
"4.637415313158865, 5.86735409080567"
"4.641850729952601, 5.887821171850624"
"4.646386525853095, 5.9088979804165715"
"4.641850729952603, 5.921180577494027"
"4.641750820405147, 5.9374204012820515"
"4.637222399201919, 5.949767109131384"
"4.6416510644447175, 5.9621433195069296"
"4.650499247115006, 5.970027492787121"
"4.637705800821763, 5.969528504919933"
"4.6247862943658955, 5.969024555217927"
"4.616237417475621, 5.972518027710947"
"4.598492411284285, 5.976047466945166"
"4.580583537807779, 5.979613434951395"
"4.566912282774351, 6.002322306467915"
"4.5532098259660305, 6.0252190553435545"
"4.539475647457292, 6.048306880791735"
"4.530301644415098, 6.066780189476168"
"4.516513416237141, 6.0902152881014935"
"4.49811021181914, 6.11654696056854"
"4.484342075355987, 6.147190386989785"
"4.47060505225542, 6.178007268526534"
"4.45689860806235, 6.209000011141987"
"4.447828099823645, 6.235102469459698"
"4.429510628177466, 6.272404511293531"
"4.406564371709636, 6.305800961406632"
"4.388128214371791, 6.335220587821006"
"4.360463729948553, 6.374539323418204"
"4.332733789741965, 6.414320753978294"
"4.341805672467162, 6.434914680635275"
"4.341671216112855, 6.455649449667771"
"4.341671216112861, 6.48535209890772"
"4.346215084936275, 6.510843093981868"
"4.3507619020476405, 6.526456625396236"
"4.355682487248182, 6.538637943525099"
"4.36976697231412, 6.550808122283312"
"4.383790880112173, 6.552899303967516"
"4.393137988783765, 6.560597835454084"
"4.407059138435392, 6.5727241683594215"
"4.4163323746502865, 6.580402206516737"
"4.425575067826748, 6.588070770893969"
"4.4302168896255125, 6.601381614204913"
"4.4394106693545305, 6.609036025639217"
"4.444022744217237, 6.6223544726662915"
"4.45766699202408, 6.625555394212627"
"4.466779259343282, 6.633187671088253"
"4.480356687508784, 6.636375754688138"
"4.489407347281948, 6.643990672556595"
"4.498429537817703, 6.651596122485548"
"4.489511172086905, 6.6870852774715495"
"4.49405293822701, 6.727111395506244"
"4.49412109794767, 6.771708081720509"
"4.4986141369106045, 6.811953993115287"
"4.503076414862555, 6.852301025105682"
"4.51191, 6.879254195556758"
"4.5119100000000065, 6.897247109431752"
"4.51191, 6.915259101045818"
"4.516295114669888, 6.9378006125700535"
"4.516288523026845, 6.955854789880762"
"4.516295114669888, 6.9589719202475555"
"4.516301726189633, 6.962100624990642"
"4.525104955013578, 6.954595990165436"
"4.529523169195959, 6.951619432923378"
"4.533951411029401, 6.94863810090061"
"4.547216361429208, 6.924407939594703"
"4.5605119777332455, 6.900254427822079"
"4.569392997891105, 6.880689264547945"
"4.573932943887879, 6.858143914643438"
"4.582902667324032, 6.840129710430325"
"4.604916762571046, 6.820911333296002"
"4.622388039321537, 6.806310052119095"
"4.639881322147028, 6.793212336407379"
"4.661681047027986, 6.77439731091491"
"4.683408275591284, 6.7557354660431095"
"4.696549955432639, 6.739873329961695"
"4.714165589631089, 6.719704024680779"
"4.727301661340533, 6.703996107360151"
"4.73594359880848, 6.682740270030845"
"4.749065455181647, 6.667201952062346"
"4.744574874631514, 6.661624180830776"
"4.735605809989415, 6.650503683279338"
"4.72665275200442, 6.639429702299225"
"4.722182179912823, 6.633910076912089"
"4.717715554844036, 6.6284019864036425"
"4.7134044074002786, 6.604561356758579"
"4.718025747486665, 6.591713906556771"
"4.7181811950910735, 6.573451848183038"
"4.718336877592688, 6.555244327399481"
"4.714012892979926, 6.531730501963994"
"4.70998534892194, 6.491411783670673"
"4.705796115919332, 6.450318482738155"
"4.701741730949416, 6.410543847009803"
"4.697672404128975, 6.371019289530484"
"4.698096851890319, 6.3275961825585165"
"4.7074244648463095, 6.293589650419289"
"4.708023400409231, 6.260573076258179"
"4.7175843420368615, 6.227636937286652"
"4.727206784296282, 6.1947804009623315"
"4.7367175898301745, 6.161243957121261"
"4.750886655319693, 6.114907636010296"
"4.769574914346826, 6.064160085194348"
"4.779268528694649, 6.013840766501373"
"4.793460170161793, 5.967934326194466"
"4.798802772582745, 5.92292590824495"
"4.8041757973816495, 5.878182716833086"
"4.804866215651905, 5.837642362094195"
"4.81004930483532, 5.801250718047534"
"4.810756765137797, 5.761110547923786"
"4.81597526674175, 5.72507349389332"
"4.820724962698651, 5.672286688118293"
"4.830238560756259, 5.616201959838445"
"4.844016608176637, 5.556382867145505"
"4.858067400899339, 5.49747588845808"
"4.872138818626298, 5.439134302185211"
"4.895231057020879, 5.365849425574805"
"4.918333223382575, 5.2933195062943295"
"4.937297345643481, 5.225083544674969"
"4.955957873573428, 5.1571509914255795"
"4.979126582876612, 5.085683085097502"
"5.016148648222849, 5.010579860926395"
"5.053204072037275, 4.935322613964553"
"5.085372557227994, 4.863640150847878"
"5.122486650577574, 4.77968219909337"
"5.15519477489695, 4.698258026106865"
"5.173003065794488, 4.612226589027603"
"5.1863397048661835, 4.520077828846194"
"5.204096261391774, 4.430114636601983"
"5.212403259479235, 4.346356140283275"
"5.2256807418093185, 4.255414922683947"
"5.200240203645558, 4.181926872115071"
"5.174467433967792, 4.11718405444546"
"5.154321830849339, 4.035132463386674"
"5.138678664878794, 3.956349933363569"
"5.118298553228138, 3.881269623112324"
"5.1178240056862645, 3.8313287766247868"
"5.122182630543053, 3.7744516104964454"
"5.121705500410874, 3.7225295012121755"
"5.121229121152747, 3.6696412652721833"
"5.120753490986846, 3.6157619795188047"
"5.087573945235969, 3.580594636480761"
"5.054602577175988, 3.545103811888765"
"5.021833699069742, 3.509287032714692"
"4.98926164953321, 3.4731421558762463"
"4.95688079430976, 3.4366673744343217"
"4.96621298878806, 3.4228326390321406"
"4.97556475627756, 3.4089095810947825"
"4.984936254382477, 3.394897537503219"
"4.989997824108189, 3.3737111770194197"
"4.994699852547665, 3.354388274415932"
"4.977354835908579, 3.350248877219002"
"4.959975601249873, 3.3460909523198765"
"4.942561430025032, 3.341914380586477"
"4.92947743171914, 3.3449515913704495"
"4.916686541733764, 3.3459015135828736"
"4.911690645197428, 3.3674935063382243"
"4.897374262359252, 3.378731432797437"
"4.883409651067163, 3.399980546640908"
"4.86948706497618, 3.4210263725910366"
"4.855605970929028, 3.441871182235591"
"4.828451100791535, 3.4438090629109404"
"4.810770878096745, 3.4655521681470383"
"4.797009242505128, 3.4742829587179145"
"4.7789252054403395, 3.4761720184463876"
"4.7608809788845035, 3.478056933479788"
"4.7343114558792285, 3.4878719655088872"
"4.707573855175654, 3.4878719655088872"
"4.676593181004001, 3.490906239545069"
"4.649969245462761, 3.5007048076111786"
"4.627820982694679, 3.5037456362807404"
"4.605701286753266, 3.4815145711176783"
"4.57900157598277, 3.454040921134837"
"4.5567222076985265, 3.4312372428819806"
"4.534359110805558, 3.4081611976543513"
"4.51191, 3.386850447999983"
"4.5029127007111125, 3.3725281980036748"
"4.49388720403492, 3.356025633544288"
"4.480332253495564, 3.3341924798527174"
"4.462207505341212, 3.3173679730145764"
"4.4485254047671665, 3.292950767922477"
"4.439297696939392, 3.2606837058175273"
"4.434606877129299, 3.2355847837863614"
"4.429897368717944, 3.2101810237552506"
"4.429768859282172, 3.17901318734323"
"4.420493564613936, 3.160862256779936"
"4.41595746287638, 3.182087871811966"
"4.406894733546614, 3.1844683298646643"
"4.406977000406681, 3.2000779265802244"
"4.407059138435386, 3.2155860477992064"
"4.402625019024463, 3.225613240781154"
"4.393602023137764, 3.2279188996332344"
"4.3890951185204425, 3.2485737759696818"
"4.375486089352042, 3.256177539787341"
"4.361882877926321, 3.2637565677836804"
"4.352775668723095, 3.2766168818760164"
"4.348540159342462, 3.3012835943158336"
"4.335243850404897, 3.3382048208961166"
"4.330915804151965, 3.372461366449283"
"4.326597192271942, 3.4062426307880074"
"4.317837695987027, 3.4465543387961723"
"4.304503198184205, 3.4793052214606632"
"4.30022773660648, 3.499864277484342"
"4.29170431184571, 3.517160776404932"
"4.283217266062534, 3.534271105377851"
"4.283569308157706, 3.537897830673895"
"4.297618517340799, 3.584080809691553"
"4.3071998848298945, 3.635623552490703"
"4.312196115526583, 3.690502995725197"
"4.317164899037499, 3.7439831641318335"
"4.31775556282636, 3.8019853666004693"
"4.322250331284805, 3.888709398645396"
"4.330953547795137, 3.9755321289316186"
"4.3441556711625635, 4.064828469886095"
"4.357362333937611, 4.1511860667680445"
"4.370573936807247, 4.2348368879650735"
"4.41859296651761, 4.368561820221609"
"4.467229262063579, 4.490576942225118"
"4.5209001149457615, 4.6131361863545965"
"4.570686880709977, 4.7297212050692075"
"4.621073058677309, 4.844893665430911"
"4.638782530177712, 4.936546744089432"
"4.656360132577696, 5.026738450045517"
"4.66936686519948, 5.112181802975737"
"4.6733094349590525, 5.204445502566936"
"4.681763898860698, 5.292876546935013"
"4.676593181003994, 5.392575314415324"
"4.6714663192314765, 5.492847248989718"
"4.66179444793523, 5.582261628872386"
"4.661116608195948, 5.672655764649562"
"4.660444875265333, 5.771920231223275"
"4.638632920769558, 5.847592169983657"
"4.612402326766042, 5.920417567309691"
"4.5950451434067014, 6.012491000995535"
"4.5688312941791915, 6.097827434202339"
"4.546950896235219, 6.180472598054022"
"4.551375609706567, 6.221278223716125"
"4.564630720692334, 6.263454002798387"
"4.569089171673174, 6.296303250373478"
"4.586798579716955, 6.334542899036048"
"4.591294776502638, 6.377441055510925"
"4.6047050745539915, 6.375186407651706"
"4.618168468964606, 6.382238120988167"
"4.631685657643257, 6.389329489988943"
"4.640760114158848, 6.391278218927987"
"4.654372071074058, 6.389025624465802"
"4.681503455844882, 6.401391309594788"
"4.708777255039451, 6.4138533168151115"
"4.736197611490349, 6.4264127581227015"
"4.7637687198719645, 6.439070759493964"
"4.796131214854046, 6.457186335605527"
"4.805189530688102, 6.466867537752994"
"4.809604401722203, 6.471180808247379"
"4.814016674929528, 6.475495432211666"
"4.823074751661941, 6.48521391386765"
"4.827482669408612, 6.489536689840056"
"4.817951652028293, 6.497088829505346"
"4.808453856843838, 6.504631967941199"
"4.798988995315883, 6.512166113165569"
"4.78955678161145, 6.519691272926197"
"4.780156932579917, 6.5272074547101555"
"4.7709880038422146, 6.535842962716874"
"4.7618361619001295, 6.534714665753139"
"4.75707857229672, 6.528157994433877"
"4.752332656153834, 6.531341998769716"
"4.747778659684026, 6.535645456321181"
"4.743052083439722, 6.519408869914321"
"4.7383370265466676, 6.5129194044192396"
"4.72927216306381, 6.511821319125081"
"4.72022358537793, 6.491498669687766"
"4.7066809252508275, 6.475550709442384"
"4.701741730949425, 6.505273992813837"
"4.701310744364022, 6.530801863098864"
"4.700881712096956, 6.556376378550011"
"4.700454620873889, 6.591713906556771"
"4.704339180581068, 6.621709137211944"
"4.704483887134137, 6.613132702664522"
"4.700312686198975, 6.619806903795244"
"4.700454620873889, 6.621003428972736"
"4.696132529371197, 6.616703762193655"
"4.691807665697973, 6.612405372781295"
"4.687480015223783, 6.617898395714908"
"4.691807665697976, 6.62220210553599"
"4.683020499760777, 6.62220210553599"
"4.683149563233359, 6.633233413249366"
"4.683278821696023, 6.644311092926746"
"4.6920792933444835, 6.654199128026035"
"4.6920792933444835, 6.654199128026035"
"4.696410603203762, 6.668450526011664"
"4.700739133336424, 6.672791446996159"
"4.7005967697578, 6.6814770945308535"
"4.700739133336424, 6.672791446996159"
"4.700881712096958, 6.664110876184756"
"4.705502964916683, 6.651099573007757"
"4.70564942942, 6.642431761751476"
"4.710285425978383, 6.629439667952587"
"4.714625068580315, 6.633769080412044"
"4.709985348921946, 6.636879891472727"
"4.709686179222684, 6.634446714519061"
"4.700739133336424, 6.633233413249364"
"4.7005967697578, 6.641866000433714"
"4.691672159029345, 6.650503683279338"
"4.695993806816144, 6.664711560084709"
"4.695993806816144, 6.684556814790307"
"4.704628811693339, 6.703213317852062"
"4.700029457540574, 6.706278762076394"
"4.699888162592959, 6.704995510719027"
"4.695441001305266, 6.689435916118256"
"4.690997678763234, 6.673945764857757"
"4.686558177048689, 6.6683835808816525"
"4.686558177048689, 6.6683835808816525"
"4.6819949589556025, 6.6615982478195646"
"4.677442462888248, 6.664667170441307"
"4.672900637078039, 6.667731486726653"
"4.668369430088351, 6.66097069609735"
"4.668252719470881, 6.659742940790598"
"4.672660350198226, 6.655457560292627"
"4.677071700529785, 6.651173426441541"
"4.681486788037165, 6.646890541047526"
"4.685905630328001, 6.642608905897708"
"4.685905630327997, 6.632847821059338"
"4.690061871914798, 6.616473849939622"
"4.6942092569215355, 6.600201435682171"
"4.698347824145691, 6.58402975245148"
"4.702477612101263, 6.567957977151869"
"4.706598659021433, 6.551985289427494"
"4.706743494141989, 6.524654770560073"
"4.711154887019541, 6.501636059214034"
"4.7155701027739525, 6.478732288000009"
"4.711303289666442, 6.455942810769724"
"4.71572186326626, 6.433266957551167"
"4.711600759819685, 6.411676587071694"
"4.70318931764895, 6.386050529755207"
"4.699044834106893, 6.355500826629527"
"4.699325100832383, 6.330090935995386"
"4.690863390115177, 6.304770904876401"
"4.70002945754057, 6.271430635192033"
"4.709387912767502, 6.247953115094976"
"4.714318517430759, 6.219633464201346"
"4.7236165833622, 6.18657179420902"
"4.732959534706709, 6.153644004372103"
"4.733633432016056, 6.130289498949445"
"4.733971925760308, 6.096852050594015"
"4.739030296849409, 6.068907124830157"
"4.7441166044329846, 6.049625418615009"
"4.749231099537239, 6.021746760358764"
"4.754000298102427, 5.992724199024616"
"4.754561339132978, 5.960467365740306"
"4.7549368154963245, 5.936214567623925"
"4.755313457373097, 5.903647376434147"
"4.755691270206133, 5.879579389788803"
"4.729725364165646, 5.849639479834922"
"4.712635255524991, 5.819595235572571"
"4.690701822649321, 5.776812645557951"
"4.664003433019978, 5.738334615024972"
"4.637022965950797, 5.699776006428252"
"4.6408901607601605, 5.6043348995040665"
"4.644712026085643, 5.519644008250257"
"4.648489362657505, 5.444891179741926"
"4.652222952248232, 5.364342814038949"
"4.66948863181834, 5.289269117288038"
"4.668760845816339, 5.200800820189684"
"4.6589967658862435, 5.11370000402794"
"4.653937692374371, 5.02368337928568"
"4.653291070976366, 4.937858657830368"
"4.635045790670646, 4.844836538472375"
"4.635232053596461, 4.7555890249061665"
"4.639881322147033, 4.6604588480977664"
"4.644447970103333, 4.563304565031126"
"4.644649391424473, 4.466869527407162"
"4.653613643631882, 4.367840607652829"
"4.675592029723599, 4.2629956955276995"
"4.688679644072272, 4.145177092168392"
"4.69739051337765, 4.026216928957499"
"4.714778692986572, 3.9029455185999034"
"4.723456238433428, 3.772374212626847"
"4.727954508888388, 3.713726637252776"
"4.741299434935043, 3.66456846800169"
"4.745810380126453, 3.614446037956448"
"4.754844545394343, 3.556811554269032"
"4.763895201728133, 3.5093836942451553"
"4.733295969903014, 3.487419799470267"
"4.707126368161498, 3.470115957943566"
"4.689759838553049, 3.4526252962091384"
"4.667920218558468, 3.427996865238171"
"4.645870900107686, 3.4050217014210347"
"4.645973708534933, 3.4150891961368472"
"4.641551461717297, 3.420115533058265"
"4.637030077631113, 3.4150891961368295"
"4.628087794823485, 3.4271072800014792"
"4.623659994915256, 3.432117191995385"
"4.61447993146678, 3.461732029312966"
"4.605343050024665, 3.490906239545069"
"4.596313252402591, 3.5293457078698083"
"4.5827946758764675, 3.564114567552572"
"4.573791752605009, 3.591827002541571"
"4.5560766684416505, 3.6046840999565397"
"4.538389728824669, 3.617460946740948"
"4.525144924174994, 3.6238194877911063"
"4.5119100000000065, 3.630158220021926"
"4.494282577599887, 3.6427765958087726"
"4.481072523414882, 3.649056408058641"
"4.467871046718231, 3.655316748869385"
"4.4502972657420665, 3.6677793526110136"
"4.441492262936425, 3.6785793522424832"
"4.428314173136556, 3.6847525344991148"
"4.4152161203573055, 3.7031583289439673"
"4.397706854255407, 3.715334900764642"
"4.380217193785271, 3.727437084222135"
"4.362858509141002, 3.7409639506172923"
"4.349868234414502, 3.769218493230472"
"4.332315420622384, 3.7795512055674543"
"4.319216648175441, 3.795685276165873"
"4.301651868277817, 3.8160931242935874"
"4.288386334315925, 3.840695650493032"
"4.270793368301451, 3.840695650493032"
"4.2625558416255585, 3.864765378623453"
"4.254352203141675, 3.8885047844140637"
"4.2506548835446845, 3.9076879929429786"
"4.23378159798723, 3.9211772359126833"
"4.221437759882762, 3.9399427780934566"
"4.20801885027154, 3.961965658864141"
"4.194560058421784, 3.9838484888181647"
"4.181060775302408, 4.005593420139764"
"4.172038453300362, 4.023117605407585"
"4.158204425026144, 4.052738421324179"
"4.139752972695032, 4.077027224736799"
"4.121195552971678, 4.10119623861825"
"4.097925283489981, 4.12022230096289"
"4.079125715596034, 4.144204112113851"
"4.064866781059441, 4.164103322484916"
"4.086760081491986, 4.228839759838571"
"4.108666591089833, 4.292186322846524"
"4.13058816126663, 4.36258241729014"
"4.147914919967818, 4.427022336605329"
"4.165274630375515, 4.4903068577373055"
"4.192357858782873, 4.554315041303896"
"4.223923187338873, 4.6211882209289445"
"4.259901744490636, 4.683226153282876"
"4.300056909384889, 4.7477321614439525"
"4.335710090305696, 4.807784113734645"
"4.366426990487989, 4.876928773910834"
"4.3927259208498795, 4.941877850351474"
"4.419088698332266, 5.006653368330415"
"4.441117842037133, 5.067875553308628"
"4.467603082555532, 5.13274490971866"
"4.485307239040674, 5.1906914909022746"
"4.503036047427692, 5.248897813062922"
"4.520790480380155, 5.307464690915483"
"4.538571511604655, 5.366489898321047"
"4.556380115764291, 5.426068139904777"
"4.569656002221765, 5.519906203525487"
"4.578439634000215, 5.611188915790465"
"4.582740803279966, 5.707715055840407"
"4.58702581637653, 5.806033077058667"
"4.608941387468044, 5.898157590774594"
"4.621804319911869, 5.957619764085966"
"4.634674948360231, 6.026605007015237"
"4.6563431663909345, 6.080067574806575"
"4.67350451097064, 6.138037142690916"
"4.677442462888257, 6.209379529154862"
"4.685775706150859, 6.277656002143239"
"4.694073417110603, 6.33781103283145"
"4.702194411961816, 6.416002031490304"
"4.710416178323552, 6.487014906076392"
"4.718603380129399, 6.55899351870945"
"4.73163047727592, 6.573795572438458"
"4.748906053184701, 6.5928676571860585"
"4.761961868025899, 6.607811957099744"
"4.779261808131546, 6.61742028466165"
"4.788120821388674, 6.637898747617834"
"4.779658901313528, 6.64879107563228"
"4.7711871461294075, 6.659728424275437"
"4.758277641468908, 6.6749826397599"
"4.749610339898893, 6.694588930331026"
"4.745364349255897, 6.700135804811479"
"4.737032077289495, 6.682984304024938"
"4.728677232805843, 6.6658524875651"
"4.724729299727276, 6.644465583823687"
"4.716484074589882, 6.628573939943307"
"4.712498525094409, 6.607223399447031"
"4.7044838871341295, 6.55498337198952"
"4.700881712096952, 6.508335879374329"
"4.697109477598605, 6.451346591908367"
"4.688948459708956, 6.399950510917638"
"4.676216316379292, 6.353006013973266"
"4.662937979560696, 6.348835163932245"
"4.649653186760129, 6.335409626915186"
"4.640957043556376, 6.337252702826131"
"4.632143610980799, 6.328914971128933"
"4.623317950825595, 6.320582397366299"
"4.610056245538069, 6.345144594238564"
"4.592268295531407, 6.374129382387617"
"4.569965898969105, 6.398153566013042"
"4.552132546080902, 6.427610354147305"
"4.5342729343325185, 6.457334812626792"
"4.525338132748738, 6.458386368063337"
"4.516389526450658, 6.459439820548108"
"4.507426966321655, 6.460495175201931"
"4.498450301571678, 6.4615524371639275"
"4.4894593797220965, 6.462611611591514"
"4.4894593797220965, 6.462611611591514"
"4.493942789537724, 6.467973758803277"
"4.493942789537724, 6.467973758803277"
"4.493942789537724, 6.467973758803277"
"4.498429537817703, 6.473347306302244"
"4.507426966321654, 6.4701396787177"
"4.51191, 6.46266721557792"
"4.520844961362905, 6.460557966077301"
"4.525286743559685, 6.453147459580379"
"4.52971154355088, 6.445779031776764"
"4.525256098413396, 6.450026615567269"
"4.520797254141036, 6.453234997476995"
"4.516348571008004, 6.456438640447342"
"4.516345191833025, 6.464927192199727"
"4.51191, 6.468120827238328"
"4.520770220910871, 6.4585947131314985"
"4.529630320540508, 6.449091453998738"
"4.538490412057333, 6.439610979871601"
"4.5473506081595785, 6.430153220150412"
"4.560659880885466, 6.425937103105337"
"4.578389014843684, 6.425937103105337"
"4.596120574962511, 6.425937103105337"
"4.6138554410912205, 6.425937103105337"
"4.62711544067677, 6.4207181036015335"
"4.640368053766095, 6.415509977098454"
"4.644649391424477, 6.409321581980072"
"4.648921316900456, 6.40315697062332"
"4.653183873034435, 6.3970160082648375"
"4.666382738022801, 6.401194676688012"
"4.670620537370129, 6.395068285720695"
"4.674849123613214, 6.39826418435875"
"4.679068538056361, 6.401455445758626"
"4.683278821696021, 6.404642079740377"
"4.687480015223782, 6.398534097032718"
"4.691672159029339, 6.401714466726132"
"4.695441001305261, 6.42050617934955"
"4.69918486251824, 6.439260811837978"
"4.698486810084519, 6.452816473395199"
"4.697793946728036, 6.475624999808327"
"4.697106214753919, 6.489069103058116"
"4.688610932398106, 6.471507137313092"
"4.6844870650277715, 6.45912999378306"
"4.684743261656046, 6.451892859788372"
"4.676213018185855, 6.434409211777549"
"4.676457442925246, 6.4271646231035024"
"4.676825447599218, 6.402481215038634"
"4.668369430088356, 6.376901430623109"
"4.6643033028458945, 6.347325107870585"
"4.664645976475891, 6.322827670829612"
"4.660556410176687, 6.293438768603722"
"4.66089202277471, 6.269059253243003"
"4.665683312305705, 6.240671990406995"
"4.6660322311643565, 6.2163872743070865"
"4.666382738022801, 6.192145757057695"
"4.666734843753256, 6.167947000926771"
"4.675841173848866, 6.143060049797343"
"4.684977129010387, 6.118258450812501"
"4.694142968278071, 6.093541176897906"
"4.70333895318471, 6.068907124830149"
"4.712565347778314, 6.044355112767034"
"4.717268772813234, 6.032424735622938"
"4.7175843420368615, 6.016532211342447"
"4.722306870767353, 5.996090367171426"
"4.7226310844289845, 5.980248131807888"
"4.727372874081633, 5.959899758410172"
"4.727372874081624, 5.934578304900905"
"4.736197611490355, 5.917259121870562"
"4.740605804790623, 5.904465801360104"
"4.745011234355079, 5.883422173609564"
"4.749413914972625, 5.870759635538746"
"4.758590925504417, 5.854738531140011"
"4.772187475062993, 5.826235490580882"
"4.772388469357357, 5.810336588007364"
"4.7772012390498215, 5.7906187923438335"
"4.7864372373190465, 5.75862372632555"
"4.785801267786967, 5.709423810281629"
"4.776383262274893, 5.6691693424824035"
"4.789343103622654, 5.625356984502518"
"4.7930767251689845, 5.5818743870999805"
"4.792430729707961, 5.542910023225022"
"4.796573007131809, 5.485807562690882"
"4.800706507291431, 5.4368563083617465"
"4.791574014542377, 5.377335103887067"
"4.795704536849853, 5.322031698291806"
"4.7954882482464, 5.270837120577096"
"4.793983427675876, 5.18414024200604"
"4.78819894601917, 5.09505846728341"
"4.791021284735652, 5.007042922378327"
"4.789563464362257, 4.92306189367153"
"4.788120821388674, 4.839259189611896"
"4.788531470246261, 4.751718754642484"
"4.788737253754704, 4.662869643525394"
"4.784701223015869, 4.575491831097269"
"4.780656823296568, 4.477889284498273"
"4.781058081694202, 4.380661453968202"
"4.777794408621836, 4.28948084497582"
"4.778995571804873, 4.189518281531676"
"4.780207656077906, 4.084656423657027"
"4.781430811315061, 3.983944896863271"
"4.778110329839976, 3.8737577895865165"
"4.75141609205502, 3.791935401485663"
"4.72022358537793, 3.702854374350995"
"4.68458222880391, 3.617124851829928"
"4.649025392984267, 3.528712894447388"
"4.613546039646863, 3.4375212647548246"
"4.609756452136648, 3.3908829259467304"
"4.605989860574564, 3.3407604000778086"
"4.606719126100676, 3.2815601618755927"
"4.607459788578028, 3.2202280071124854"
"4.6036609293705215, 3.162180648725826"
"4.585480598576283, 3.1277532546206537"
"4.571802570283745, 3.1009495405559306"
"4.558071605378677, 3.0738178925144837"
"4.544286980426523, 3.0463542873810496"
"4.535073193588715, 3.0127958936775627"
"4.539783397988034, 2.981872811048241"
"4.544520003507521, 2.950497540857839"
"4.549283250039082, 2.918663481277491"
"4.55407338053025, 2.8863640927065006"
"4.558890641033949, 2.8535929127717026"
"4.563526546321533, 2.865554263570395"
"4.572863156532681, 2.868503950543335"
"4.582185345086048, 2.8714465512698126"
"4.591493273500344, 2.874382088400978"
"4.6008585381240605, 2.874382088400985"
"4.605579178374426, 2.8803755606404025"
"4.60557917837442, 2.8952509853457755"
"4.605579178374424, 2.9100660197224855"
"4.6008585381240605, 2.918882207302431"
"4.596074320986494, 2.945159581951536"
"4.586600872635842, 2.965318099742049"
"4.577158544775154, 2.9852977427056118"
"4.567747051817233, 3.0051000402398884"
"4.563032378667301, 3.0304860735415744"
"4.5583290925363595, 3.0415389528608117"
"4.558255232114162, 3.060853073048584"
"4.5581448811720895, 3.0964249547624334"
"4.558035054516869, 3.131450434497026"
"4.557925748420754, 3.165937888985681"
"4.557853165064622, 3.184180242264368"
"4.566912282774358, 3.2178478116765383"
"4.57597951248568, 3.23564102057529"
"4.585018896298193, 3.2532770237575193"
"4.594030678657553, 3.270757422470819"
"4.602943902690766, 3.3030695701123776"
"4.607236377291939, 3.3296647066202425"
"4.6115057290246675, 3.368308270542059"
"4.611197026789145, 3.4011464891374743"
"4.6109667533741225, 3.431441466037068"
"4.610737545893616, 3.461280687028932"
"4.610661378995879, 3.4869003311575426"
"4.610585329442194, 3.5005434499544563"
"4.615032672274284, 3.519004803898941"
"4.619394142131851, 3.539143064124346"
"4.623745834466529, 3.559089293123119"
"4.623659994915248, 3.5722812637825285"
"4.623574287078079, 3.585389639549877"
"4.623488710651993, 3.598415120294696"
"4.627820982694686, 3.6066065766468753"
"4.632143610980799, 3.6259009056906812"
"4.645563419170293, 3.63062074153407"
"4.654590258854831, 3.628945949702775"
"4.66363251753778, 3.6272675446355436"
"4.672690346798601, 3.6367168026180643"
"4.6773521242191265, 3.6286387263303475"
"4.65933534138207, 3.674507093331407"
"4.645768249312592, 3.725675779621408"
"4.632235622356728, 3.775750861784889"
"4.614323092498651, 3.818899529381717"
"4.605343050024675, 3.871412053739469"
"4.596506813740605, 3.9596556227741075"
"4.5832286252745, 4.049243030969471"
"4.578847379687792, 4.1268296673867795"
"4.569965898969105, 4.216168061556285"
"4.556619028728214, 4.289357969185648"
"4.556211021074324, 4.350338323260386"
"4.564551316364076, 4.401535514557899"
"4.564040962303012, 4.458837495972913"
"4.572190794324262, 4.505687955096732"
"4.580147769289633, 4.559200164302517"
"4.605950405054746, 4.647312325139971"
"4.627630684001884, 4.737357278265806"
"4.649430186404511, 4.826246311214295"
"4.666980308109681, 4.910968001469849"
"4.684615068257099, 4.995308438493359"
"4.697932107054887, 5.08322563310788"
"4.711451913767642, 5.1784342576859315"
"4.729325204019055, 5.270967599232984"
"4.747288477827267, 5.364697622993142"
"4.774306733877763, 5.452783959699267"
"4.778593977945652, 5.50078759482038"
"4.78695424099482, 5.53764904523468"
"4.79102128473564, 5.5785299551631296"
"4.795079866290665, 5.619656503793471"
"4.785925537274384, 5.67235915430653"
"4.77739642228853, 5.703387703467828"
"4.764583942070972, 5.738749858127239"
"4.756212684869898, 5.770754944335917"
"4.74781876480321, 5.803102621429482"
"4.739231069302604, 5.835360213810236"
"4.739402005545135, 5.867924610038401"
"4.730962228359468, 5.909456514208726"
"4.718025747486664, 5.9554120619399455"
"4.7050648983499945, 6.002019258996396"
"4.705210699883413, 6.036280766381898"
"4.700881712096952, 6.066309267005048"
"4.700881712096958, 6.0919641584469675"
"4.705210699883413, 6.113127004118269"
"4.705210699883413, 6.139087800633405"
"4.709686179222684, 6.178740010624649"
"4.7312925994668555, 6.26094252460069"
"4.757132265055264, 6.339600576657729"
"4.770016953873645, 6.425650412077282"
"4.791440626156117, 6.502860066150292"
"4.804045636901487, 6.581294036665424"
"4.81302811742819, 6.630971239645067"
"4.822027453185221, 6.681331919983467"
"4.844099894440117, 6.7267281628398905"
"4.85741406798429, 6.78278058932499"
"4.871017351587602, 6.83077014881262"
"4.845102606252538, 6.895765358253712"
"4.823432245571529, 6.966454678881914"
"4.792706259394362, 7.036788058048014"
"4.770991376582504, 7.109996157309319"
"4.740260562426835, 7.182718841062707"
"4.734933282753557, 7.200560461252362"
"4.720923392472551, 7.218320829207569"
"4.719989158939743, 7.240638026654345"
"4.710416178323552, 7.25173952882767"
"4.705304777671863, 7.280358745194677"
"4.704027996687152, 7.2856369536066925"
"4.711410782789729, 7.2927224105030355"
"4.710253459634089, 7.29973574382224"
"4.71338545131993, 7.313076861494231"
"4.71222959734837, 7.309046768194541"
"4.7163374123837745, 7.302691115460595"
"4.720442772646625, 7.285530117100834"
"4.724698157159172, 7.270254904653369"
"4.7288015421702, 7.253217349982904"
"4.737162442176129, 7.242493398583927"
"4.755463139295141, 7.172913312546742"
"4.761385179769097, 7.109547069957497"
"4.775933558956971, 7.046162850348892"
"4.786287916636514, 6.976794318566958"
"4.796996003569782, 6.909053175135103"
"4.807205191923015, 6.8678141827393535"
"4.817296267268677, 6.835359964676421"
"4.8186778802600525, 6.802857797036946"
"4.82461268740452, 6.776085291259016"
"4.834932206422296, 6.743460242632661"
"4.825802130242347, 6.742124584756985"
"4.825563516645759, 6.730658104354555"
"4.825325266393493, 6.719240010726054"
"4.825087378654472, 6.70787004791666"
"4.820305681999868, 6.700915884140649"
"4.801733482422891, 6.705783197291657"
"4.783286636884432, 6.710626913272803"
"4.764963026901116, 6.715447199569106"
"4.746760572751909, 6.7202442220953404"
"4.728677232805847, 6.72501814521506"
"4.719834265579969, 6.723727171699316"
"4.711006705331861, 6.722438510210404"
"4.702194411961817, 6.721152154614385"
"4.6976559916537575, 6.724171946709236"
"4.688872977670765, 6.7228861592783975"
"4.688741857876829, 6.721602666737667"
"4.688610932398106, 6.720321463019142"
"4.68848020080263, 6.719042542075954"
"4.68423162738654, 6.7147547518265185"
"4.68423162738654, 6.7147547518265185"
"4.675484084532489, 6.693852390293353"
"4.666751183849738, 6.682832159716295"
"4.666636875595268, 6.6718572175190705"
"4.666408764963639, 6.659714078844337"
"4.666181326349747, 6.64764202331766"
"4.666067858121555, 6.636825483584345"
"4.66595455678652, 6.616488093481637"
"4.657281660276867, 6.596280809351931"
"4.648622976753996, 6.576202607817724"
"4.644298923224077, 6.5521071907288695"
"4.6445908511972975, 6.527261186206188"
"4.649227491230443, 6.507646704776496"
"4.641019530138912, 6.474606595031331"
"4.64567236353387, 6.445761395060537"
"4.637408651062226, 6.422065593958534"
"4.633575708725145, 6.39522107271277"
"4.629623247233599, 6.367405355904493"
"4.629976808131008, 6.343702511249644"
"4.6216386745312015, 6.320895558777484"
"4.6219704663208585, 6.297176372040462"
"4.617926682094684, 6.269364999427699"
"4.609458485087649, 6.237476293368112"
"4.614323092498653, 6.210489019929305"
"4.614716092950716, 6.178608719431102"
"4.610585329442194, 6.150823359447138"
"4.633163544344102, 6.112056997248784"
"4.6558023459875075, 6.082340013249748"
"4.6740586674831395, 6.048759564568019"
"4.692379033517994, 6.015366439817042"
"4.719820807501356, 5.9821566717022625"
"4.752377800478433, 5.954804598069589"
"4.78519982492176, 5.918945240187391"
"4.818054263250444, 5.891105493603634"
"4.851135939910981, 5.863307603265965"
"4.879969401993526, 5.831586430472027"
"4.865385149807638, 5.80956745110826"
"4.85560949240519, 5.783829711663922"
"4.841141374055218, 5.762231363821102"
"4.831449034336212, 5.736943794800606"
"4.812638117774105, 5.719971248191853"
"4.81193254257775, 5.694734268403599"
"4.80656176169502, 5.673583042610562"
"4.805874041487328, 5.648838266859564"
"4.800547953514278, 5.628126464504366"
"4.804281803250951, 5.599824465655827"
"4.799210669760239, 5.564347929206191"
"4.7985466731009065, 5.525332836770956"
"4.793292719927217, 5.4904802421129215"
"4.788279637253766, 5.463680077145607"
"4.78764546907998, 5.425840356224595"
"4.791574014542377, 5.3773351038870825"
"4.791147619969075, 5.333018906834537"
"4.79527228970893, 5.285422319281427"
"4.7991697194332685, 5.230932107141167"
"4.7941974216200345, 5.1912846197862"
"4.792918315479635, 5.119935164891295"
"4.791650770633247, 5.049294162940122"
"4.790394630763602, 4.979157045440807"
"4.789149742363454, 4.9093215469704"
"4.788120821388674, 4.832077708049319"
"4.771960056802527, 4.71337452567858"
"4.755664244625904, 4.5980930070901405"
"4.7392310693026065, 4.470105472653131"
"4.726976716629048, 4.340041847997739"
"4.718961967263277, 4.207420413860998"
"4.670260799875763, 4.087647145630548"
"4.612932838412883, 3.9429719173492828"
"4.555777334485503, 3.8002479918167573"
"4.494375427317814, 3.6433034026820224"
"4.433043687631539, 3.476841901438167"
"4.276756127966398, 3.3717422780450192"
"4.1202755981948815, 3.2654952142666396"
"3.9632130043353335, 3.160653888764017"
"3.800055330459193, 3.049743477331475"
"3.6342839057548186, 2.923677923949043"
"3.5205423668266267, 2.856372211880874"
"3.408430899885719, 2.79587866997408"
"3.2863365812182597, 2.7239359199302484"
"3.1593197178710994, 2.6494066793569786"
"3.021849061564252, 2.5822594497056173"
"3.021849061564252, 2.5822594497056173"
"3.02691076014605, 2.5887915330605793"
"3.0370319806459243, 2.585288556832886"
"3.042091514826609, 2.59182552730784"
"3.042091514826609, 2.59182552730784"
"3.271604761428689, 2.720165958579443"
"3.482334326482375, 2.8356626112300134"
"3.6767929027822888, 2.9538618623659687"
"3.875782075687109, 3.0572844277307567"
"4.0705681998668615, 3.160862256779936"
"4.562150557660511, 3.247908092870709"
"5.05420717850879, 3.3324921357870068"
"5.563132553479891, 3.4146693253795917"
"6.102326271327145, 3.492589462100039"
"6.684379410687133, 3.5635287985708644"
"7.063105981358275, 3.541785804234891"
"7.479729563596386, 3.5187457330804364"
"7.939196028632551, 3.494289627115961"
"8.42774162649296, 3.4704412892089955"
"8.960855705949808, 3.4508869333781504"
"8.979672480148093, 3.4802210528902897"
"8.998807297398484, 3.509696059593189"
"9.01826819287511, 3.539311520488063"
"9.038063471620234, 3.569067100356264"
"9.058201719848197, 3.5989625765260413"
"9.06456665341694, 3.5446221937650826"
"9.076543007422789, 3.483633344447174"
"9.08844258209778, 3.4217513326407385"
"9.100266091259945, 3.3589715871568373"
"9.112014240239791, 3.295292460088074"
"9.107531594143627, 3.2119773216675966"
"9.108351926241697, 3.139933877358736"
"9.098419479717377, 3.060419313113435"
"9.088583255305966, 2.9957818171472255"
"9.073378556442366, 2.9207835879095327"
"9.09406818993139, 2.875048273160779"
"9.11493958431375, 2.8284049409368635"
"9.135995023474415, 2.797920114385235"
"9.162576674042855, 2.7461674926645188"
"9.189619078504284, 2.6898830070607644"
"9.216502887545818, 2.713824777108762"
"9.22149133265754, 2.723870769261545"
"9.249050947771469, 2.730384608550267"
"9.271413688288945, 2.7406364330510655"
"9.299842295399323, 2.765318482360314"
"9.334626164246172, 2.826008702275317"
"9.38203553357446, 2.894056346175738"
"9.418597728350354, 2.955173219248856"
"9.456010099709173, 3.016473818598101"
"9.494301975055961, 3.0779344088518457"
"9.475728453243407, 3.091206550970739"
"9.468771905576423, 3.127246298254473"
"9.454741974780022, 3.1588586614811582"
"9.43243108514271, 3.1813188029504893"
"9.4155188019808, 3.217624494644106"
"9.407664425954884, 3.2990781002439036"
"9.353975309258509, 3.375365939097808"
"9.311350625000001, 3.4818531664994126"
"9.255195336631656, 3.685590616588968"
