"8.782712270166522, 4.390556194584422"
"8.834300795660601, 4.213777318263322"
"8.891429801202369, 4.091107194003591"
"8.906096784920454, 3.9764883176910715"
"9.005858818100542, 3.7626785170009"
"9.079928112398076, 3.5929334164386226"
"9.137529582570947, 3.4742041577542864"
"9.155808296473865, 3.352946181745221"
"9.195102071339496, 3.256441114531171"
"9.326799731379198, 3.025244655830363"
"9.448741078237372, 2.785895425939273"
"9.535471661764142, 2.586171936845581"
"9.638503243699958, 2.3977619328979074"
"9.712199153694746, 2.2241504866740627"
"9.74305766614132, 2.3746414794174697"
"9.774882257136282, 2.5250299197368733"
"9.820935852801338, 2.6628223306132526"
"9.848768738139201, 2.819862155532469"
"9.89034280536749, 2.9599534263365683"
"9.897683761152663, 2.9753415934559158"
"9.91145406642116, 3.0019374986798226"
"9.925251244722904, 3.028357660123312"
"9.939075345017025, 3.035956968296709"
"9.946510527303367, 3.051128546770535"
"9.941417312113773, 2.9555318368310424"
"9.91646620316058, 2.8588289279699666"
"9.905418452763843, 2.768959841438388"
"9.900767874791812, 2.670383001107254"
"9.902369817296211, 2.5832685454494566"
"9.866251541110849, 2.6008516080095347"
"9.843704005613574, 2.6061120926456596"
"9.795665042005801, 2.6154506553468835"
"9.76720421957676, 2.624640248289289"
"9.72058803557851, 2.633684313997648"
"9.668794785149558, 2.630963446033306"
"9.630144785122356, 2.6166742793996605"
"9.592042822186114, 2.602503620980997"
"9.54861225925625, 2.595985331188345"
"9.505767213519473, 2.5895258276054562"
"9.486968934019828, 2.575652279128157"
"9.45664400609894, 2.573345182975949"
"9.438406104994082, 2.5596755629088577"
"9.408830831164508, 2.5574840955525815"
"9.391130862554956, 2.5440135264221553"
"9.408694329550418, 2.6098508596028864"
"9.426428055533266, 2.675241979606774"
"9.444334457585146, 2.740157422187309"
"9.462415997569341, 2.804569914493179"
"9.480675183148898, 2.8684543750677847"
"9.505767213519476, 2.93573679423573"
"9.525428142622236, 2.992579325984451"
"9.545460506126657, 3.049473742664915"
"9.565874829113373, 3.106400919121814"
"9.592721662710051, 3.173270238666646"
"9.579435429335875, 3.1078059573211583"
"9.559883546763214, 3.06200562664408"
"9.540529628661984, 3.015980502177193"
"9.53357652170964, 2.9592590243144556"
"9.502683462447617, 2.89138314244412"
"9.496213950452, 2.8190704064511536"
"9.501847883352477, 2.7345620890601765"
"9.513350560501571, 2.641072226102679"
"9.5007450640841, 2.569293927073076"
"9.51218347838219, 2.492626311074595"
"9.45206921912712, 2.447624771372041"
"9.392834172165067, 2.4026757981896694"
"9.33446172669838, 2.3577913344391206"
"9.282638520901157, 2.3085341855187806"
"9.225836880985996, 2.2637596937152793"
"9.13066843612216, 2.2434977489551997"
"9.03731606193435, 2.2234076760882857"
"8.95087611012749, 2.1989505821932624"
"8.855896444092155, 2.1640422663922934"
"8.757359699892424, 2.1369649507833017"
"8.534362850497558, 2.222258275449967"
"8.310816755783023, 2.297226472230541"
"8.087482955928495, 2.380650144162111"
"7.886163916570217, 2.46390905378869"
"7.6979952971467185, 2.5372953793222095"
"7.4822575084324745, 2.521182863924672"
"7.276170899782251, 2.511683241921787"
"7.066140251488433, 2.5089919255450823"
"6.857470958471401, 2.5062513893088294"
"6.648081548813606, 2.489221188806617"
"6.483233057601188, 2.4383897332167948"
"6.321930496219219, 2.4056111140871224"
"6.169192951520441, 2.3654494502290646"
"6.013117192125868, 2.3178234620667837"
"5.866836769265728, 2.277228458460307"
"5.726339690128437, 2.15554748049977"
"5.586607099774723, 2.010256893984291"
"5.4475111599262735, 1.860404052047933"
"5.314765015726598, 1.7141204331519333"
"5.176952101476038, 1.5720941041505085"
"5.083531074242068, 1.632811506824332"
"4.99100351377238, 1.6931171354713896"
"4.899271381132603, 1.7529719798461159"
"4.803053028773898, 1.8200875288835547"
"4.712585579218037, 1.8789053244979215"
"4.664792179034195, 1.9775745940165521"
"4.6224919284073644, 2.06243745307021"
"4.580294124991755, 2.1461137893939295"
"4.53816299876351, 2.232958528638875"
"4.490934616068117, 2.325568874432328"
"4.4909534798685975, 2.3862978563337833"
"4.490972309769562, 2.4462011337237115"
"4.49099110586233, 2.505267376735901"
"4.491009868237867, 2.5634877035156975"
"4.491028596986831, 2.6208555026704374"
"4.543174091262053, 2.69839849731796"
"4.584668289806046, 2.7776603004536184"
"4.620720988628618, 2.8648607567464737"
"4.661939381555655, 2.9367802567877916"
"4.692859915496519, 2.988107380323889"
"4.692859915496522, 2.923690857515183"
"4.698120489250714, 2.8647358640536993"
"4.71393467649772, 2.8014091707699222"
"4.729604094776759, 2.7403338468111755"
"4.750176023049014, 2.6922803755421825"
"4.813102197269044, 2.5619348859243445"
"4.886902868195631, 2.408744824564806"
"4.955778747419452, 2.2427637134346057"
"5.0251267259829895, 2.071365606507918"
"5.100592835024937, 1.9026770008819653"
"5.179206841253004, 1.770967399144027"
"5.248269237253572, 1.6569930238172574"
"5.307469378949106, 1.5618974358498434"
"5.378830431865413, 1.443997304479872"
"5.45149315233288, 1.3244412556115748"
"5.5030712485811915, 1.332281210469091"
"5.554980549244972, 1.340128579544782"
"5.624010775137197, 1.3401285795447393"
"5.676698426594436, 1.3479832426009324"
"5.735008278811813, 1.369442065301456"
"5.784999560482374, 1.4943907591603534"
"5.839845757579258, 1.6093786330963624"
"5.8839465330975305, 1.716802909069422"
"5.932916827970409, 1.8347245012330973"
"5.976429194494228, 1.9373442759685986"
"5.977837292191772, 1.9124567890037483"
"5.980661775646983, 1.9026770008819511"
"5.982078177806397, 1.8775876735388408"
"5.983497364575681, 1.8523811485725261"
"5.984919344237218, 1.827059390650028"
"5.98743054261077, 1.6725331136086368"
"5.9818374606313425, 1.4898102120590337"
"5.977611381063669, 1.3186796427910963"
"5.9854594481590935, 1.1447672297031772"
"5.993454945442171, 0.96966019828524"
"5.983221039633512, 0.8830195444921287"
"5.96745033910482, 0.8042079276120973"
"5.9639562821577705, 0.7258674060324068"
"5.940957141992028, 0.6412036040085809"
"5.917779026324212, 0.5581331519336459"
"5.895670707100237, 0.5462050044660458"
"5.873535631554075, 0.5539552635353147"
"5.8569165552707005, 0.535158428967776"
"5.840282076170416, 0.5164743629981956"
"5.824988347975555, 0.5113666883784873"
"5.809647922177152, 0.48689895948074025"
"5.813691668455068, 0.4692431258455372"
"5.7982615898055965, 0.4451194623672876"
"5.784108905810584, 0.43417140506899443"
"5.768568812385631, 0.4103554129999907"
"5.757314293467016, 0.40460115044672307"
"5.733506779415791, 0.3805396418539573"
"5.723505732193244, 0.38741373408853974"
"5.706575751287538, 0.36978157425289737"
"5.695279430539194, 0.36413193864633797"
"5.685946649516975, 0.3692177358912829"
"5.676669755749492, 0.3742992913026342"
"5.660653270824955, 0.37316055420674843"
"5.663869803403454, 0.37822081720328526"
"5.654742437736943, 0.38327630575396654"
"5.684252454014381, 0.3608395453344002"
"5.7028421370288225, 0.3331338082223567"
"5.721656608571783, 0.305854657362417"
"5.733719263919891, 0.2901271792746485"
"5.758653908212238, 0.2745275922820838"
"5.7683670029668335, 0.2370251536421364"
"5.783887875168666, 0.2268624695072674"
"5.799499765153241, 0.2168077473450154"
"5.815203607393746, 0.1917195006933099"
"5.8324230839222855, 0.1629564501074583"
"5.839583875705675, 0.15410376582957497"
"5.858536426512649, 0.13614833504711044"
"5.8776880122298785, 0.11882247225013032"
"5.891131215488903, 0.10634172588387969"
"5.9031788824072, 0.09823961719951058"
"5.885218524772389, 0.11056755682649566"
"5.861514172298179, 0.11468067630748635"
"5.83799770135277, 0.11882247225013032"
"5.826373071237711, 0.14071240436042842"
"5.803186479516983, 0.14505033105074006"
"5.76003598806826, 0.1586854722090294"
"5.724441536341091, 0.17756281162780851"
"5.682156017979441, 0.19194644566131558"
"5.641523512795028, 0.20169234643563527"
"5.612689711596077, 0.21653394607308485"
"5.587507969352295, 0.23223378027856256"
"5.555580170922711, 0.24279144261394947"
"5.5305674863542205, 0.25906984059571414"
"5.498879374599246, 0.26998499236202633"
"5.461628892315472, 0.28681011220533037"
"5.4103155158985885, 0.29763017846472906"
"5.365139380411902, 0.3199832381820613"
"5.3203857357125734, 0.3427168986088276"
"5.276042096557655, 0.3658036907022648"
"5.226471738752121, 0.3771804337830247"
"5.223578481389889, 0.40010161756180196"
"5.208837616092621, 0.4046011504467515"
"5.187991737738724, 0.42123957318999317"
"5.173556210937398, 0.4256843620338202"
"5.170274103766802, 0.45463005288382874"
"5.156053918155803, 0.49711575736860425"
"5.148051141049306, 0.5470875773680035"
"5.152260135587797, 0.5719282012338454"
"5.144937658357863, 0.6169968887963222"
"5.137654558141716, 0.6422532437281774"
"5.13582755786142, 0.7014483809708452"
"5.134011274458254, 0.7613528175810131"
"5.137589122517655, 0.8143292905601953"
"5.146506938460881, 0.8600063282114832"
"5.150021687286539, 0.9346952335693999"
"5.133354900154008, 1.0537895966223658"
"5.116987889988004, 1.1722236160675692"
"5.089939643274827, 1.3108429895565763"
"5.063389031719189, 1.4473681402190337"
"5.037320544212683, 1.5602471576554677"
"5.030284305935757, 1.631267392619435"
"5.033495063076518, 1.706710327494406"
"5.031603253116085, 1.7683384310281411"
"5.029725193061903, 1.8291754017587039"
"5.033371674630339, 1.8967652947432256"
"5.0655837649362185, 1.9318775801121575"
"5.082254910016289, 1.9545531377110024"
"5.109642906492643, 1.9970861186244662"
"5.131535015890186, 2.031959550290651"
"5.14785984394366, 2.0592083503726784"
"5.14785984394366, 2.0788706317035945"
"5.153504198805294, 2.105965699194485"
"5.159156183798589, 2.132973097445067"
"5.164815831636108, 2.159890298626678"
"5.1704831750942635, 2.1867148675614274"
"5.162441958924369, 2.3112898904983012"
"5.1544702559824, 2.432090081476616"
"5.140988839070323, 2.5598419968937804"
"5.133182366878421, 2.6725869994411013"
"5.1254423011407635, 2.7814991181536612"
"5.125990347291917, 2.8444863284497757"
"5.126539380599734, 2.90654193943692"
"5.127089403750151, 2.9517001789897463"
"5.127640419438901, 3.012139023934047"
"5.128192430371569, 3.0716360164555567"
"5.106607438117317, 3.0745034257140276"
"5.085095849641924, 3.0773633271244663"
"5.063656278260869, 3.0802157477898646"
"5.042287335419736, 3.0830607147005296"
"5.020987630792316, 3.0858982547345875"
"5.019635044038505, 3.079070282234973"
"5.01828966421348, 3.072264116144119"
"5.016951433600846, 3.0654796837577933"
"5.015620295101305, 3.0587169125724785"
"5.00938151022663, 3.0428840885582886"
"5.006632598051006, 3.01922174585566"
"5.0038577361310095, 2.9951644568257407"
"5.006482904364914, 2.9612189545257266"
"5.0091363873477475, 2.926577805213519"
"5.017314029608048, 2.8978309906069555"
"5.008113512461149, 2.855036398310581"
"4.998869275991471, 2.8115116879480766"
"4.978553251205909, 2.770704975718779"
"4.958190320202858, 2.7293196763933096"
"4.937779326769034, 2.6873519449320398"
"4.9103878989932195, 2.6701136971957524"
"4.883159730788346, 2.6528813428435285"
"4.861492074989279, 2.6426204905050596"
"4.839924353150798, 2.6323714394847073"
"4.818180778013204, 2.625822050869097"
"4.813641348977268, 2.6254066851257463"
"4.814182438582878, 2.618003475334312"
"4.809616560306828, 2.6175681673952056"
"4.805031083000053, 2.6171308630590744"
"4.800425867025341, 2.616691548571076"
"4.804504160837839, 2.5531518506616493"
"4.80345599093629, 2.514466933983755"
"4.802415319148152, 2.4575244885424468"
"4.801382065151329, 2.4003099136735244"
"4.805397347777645, 2.3541651167717035"
"4.796067068593104, 2.3931400928641935"
"4.796826653936994, 2.4177653676818167"
"4.792502360077214, 2.4495576394951755"
"4.793256697714127, 2.492417626138149"
"4.794015109968331, 2.5170086693319718"
"4.793761851108585, 2.538977790787591"
"4.783286636884436, 2.556981984771241"
"4.783043295323938, 2.578702776912074"
"4.777692847660737, 2.5895088387344742"
"4.767238011464058, 2.607285459969141"
"4.7772173284778985, 2.597015089342051"
"4.787164813425006, 2.5867571680845955"
"4.797080754050206, 2.57651180833237"
"4.806965433506208, 2.566279121775814"
"4.8168191304384615, 2.556059219651594"
"4.822700945594739, 2.5554830550705887"
"4.82353419687602, 2.561934885924366"
"4.83483701091496, 2.5862501462127696"
"4.8408085622664725, 2.585740798882611"
"4.841697563485777, 2.5922784981982545"
"4.851304877471053, 2.621283716969515"
"4.865944827767868, 2.6429968276381217"
"4.875443061798957, 2.6539362040628163"
"4.88489528068922, 2.682123175086474"
"4.899332771829561, 2.70315832106332"
"4.899332771829561, 2.70315832106332"
"4.899677867188515, 2.699628457044554"
"4.889267963430916, 2.699628457044554"
"4.87951812518013, 2.6752581578687753"
"4.879846216312703, 2.6716699653253926"
"4.859928904883751, 2.678252634614239"
"4.834259114571377, 2.6815532186329776"
"4.813911650889136, 2.6743542685407675"
"4.7983580970392365, 2.698646714450099"
"4.777931248142358, 2.7088602333645966"
"4.782557921394858, 2.7263391318410015"
"4.787410889883946, 2.7401815341322973"
"4.792251813988182, 2.770955917131559"
"4.797080754050206, 2.784547769817884"
"4.796573007131802, 2.791331080816448"
"4.786429219328097, 2.7540603850227754"
"4.781352068895428, 2.7267061035077163"
"4.771187146129409, 2.671361524678588"
"4.766099329800223, 2.6433714581827488"
"4.761007913918585, 2.615169874955903"
"4.756130845692037, 2.6007533655579778"
"4.746130208205826, 2.5932669246284803"
"4.751670432487924, 2.596531243791347"
"4.752100860827686, 2.589006477562066"
"4.7471827067752885, 2.574376626396308"
"4.73629819425566, 2.5819627722015284"
"4.736097118970239, 2.585740798882597"
"4.714837841378616, 2.575449110089245"
"4.709360486141614, 2.572201757641544"
"4.698618265158318, 2.5797516449447784"
"4.693505095509182, 2.5689607055034074"
"4.688073865595589, 2.5657259396354846"
"4.698286119120133, 2.5695070432844034"
"4.682657820700507, 2.5624974460245653"
"4.682657820700507, 2.5624974460245653"
"4.698286119120133, 2.5872618803710523"
"4.703556859760236, 2.611909188630527"
"4.709008536194651, 2.632770835973915"
"4.7246944358529, 2.6572220864872804"
"4.735296413096316, 2.6710516870935663"
"4.735296413096316, 2.6710516870935663"
"4.735496052207186, 2.6674368802514508"
"4.724884388761143, 2.6535861792328888"
"4.709008536194651, 2.650299383512106"
"4.693343369205437, 2.6433714581827488"
"4.688073865595589, 2.653936204062809"
"4.698120489250714, 2.67854542732357"
"4.698286119120131, 2.70952972140271"
"4.708833031766567, 2.7232004283011264"
"4.719216993809054, 2.74033384681114"
"4.703556859760232, 2.733522748682695"
"4.688230810826575, 2.7196854526277647"
"4.688230810826575, 2.7196854526277647"
"4.68311434478521, 2.726523030153558"
"4.677993946678069, 2.7333550677086222"
"4.673013276248315, 2.702209770181817"
"4.657472539667083, 2.656879193176394"
"4.641922760127197, 2.6110124122421183"
"4.621109609836088, 2.5575592392839255"
"4.6003026973753025, 2.5034602732509796"
"4.615953798602789, 2.437529187148783"
"4.6159537986027885, 2.3820159922679025"
"4.615953798602787, 2.325890549914284"
"4.62646569352652, 2.264851451963416"
"4.631729310878784, 2.2148563084998543"
"4.636998081437459, 2.125498888660424"
"4.663148859446038, 2.0347967937032294"
"4.689337312985802, 1.9428365864252726"
"4.710245890168171, 1.8623254086175578"
"4.7313635231223525, 1.7555635802468927"
"4.74204502689578, 1.7709121784776656"
"4.742252112066903, 1.765807602988879"
"4.742459570752292, 1.7606914085406657"
"4.742667403964699, 1.7555635802468927"
"4.748031550144796, 1.7632647865792919"
"4.748244720219383, 1.7375568702574355"
"4.759223889981422, 1.7065336720102877"
"4.770246969655802, 1.675318606300472"
"4.775894897031544, 1.6569930238172788"
"4.786989988550833, 1.625473223720867"
"4.78254367204391, 1.554086405579035"
"4.778069716823374, 1.4819825565461855"
"4.7788026556544985, 1.4227071528085773"
"4.779539649341719, 1.3416635077734327"
"4.775017412556783, 1.2679818234341695"
"4.775504181193535, 1.234898223241288"
"4.770466710236979, 1.2153914408315956"
"4.765651507017346, 1.189953438522977"
"4.760814803329969, 1.1644269646958492"
"4.761278773463914, 1.1525570641782963"
"4.745299813099575, 1.1544109905592421"
"4.729284592212837, 1.1562702975097494"
"4.707690205733775, 1.1503073419327734"
"4.691602432266563, 1.1521648014704198"
"4.664417356312141, 1.1383543358302575"
"4.653381904140256, 1.1443353372147271"
"4.642369389566311, 1.150307341932745"
"4.6313795384764465, 1.1562702975097778"
"4.625893026468102, 1.1484552742979162"
"4.625786890907058, 1.1759905394411163"
"4.630825091756416, 1.2074898233489932"
"4.6251542066545674, 1.2329632958528833"
"4.619509982984275, 1.2583396731905054"
"4.608478239733979, 1.2972338804267736"
"4.60290207357414, 1.3223643350324181"
"4.624424906132196, 1.3166088356438337"
"4.656596943697437, 1.3166088356438337"
"4.694073417110601, 1.3301924529564388"
"4.72628139856631, 1.3301924529564388"
"4.747770458046278, 1.3301924529564388"
"4.770706409544447, 1.2525016042447135"
"4.793917648768149, 1.1741043625252843"
"4.8120733920535015, 1.0813560623635823"
"4.835831127438567, 1.0019913483673832"
"4.865607933681245, 0.9087091632851099"
"4.901586973019567, 0.8443968219678766"
"4.938119910243261, 0.7800374063282476"
"4.975225769534893, 0.7157945486199395"
"5.023943238055924, 0.6580111617974325"
"5.073395951441313, 0.600667783769822"
"5.110278861996326, 0.6507745139700205"
"5.141341093411381, 0.7084410311203868"
"5.1660505627966025, 0.7380297844063648"
"5.19116363069249, 0.782313407092488"
"5.216066985187327, 0.8265934294105648"
"5.239640010565109, 0.8416107485806492"
"5.262576015238825, 0.8416107485806492"
"5.291693013522883, 0.8704233703745672"
"5.30936983433249, 0.8780175666762631"
"5.327092844996384, 0.8856291750237091"
"5.327092844996384, 0.8856291750237091"
"5.333278843358688, 0.8932580203719596"
"5.3394743907488635, 0.9009039282274927"
"5.351070627050241, 0.922412032278416"
"5.357288243160495, 0.9301109279999906"
"5.363059024078131, 1.0163591900650744"
"5.368757059356197, 1.0805963207443483"
"5.3743837289954275, 1.144335337214784"
"5.380772124852309, 1.2015872432076264"
"5.39232264586572, 1.2719956593975752"
"5.404475344516636, 1.266171071192133"
"5.416665379027586, 1.2818594752976367"
"5.422774489402448, 1.289716228326938"
"5.422774489402448, 1.289716228326938"
"5.428893044482886, 1.2975811807038014"
"5.431536277647478, 1.258489236559754"
"5.428036511218412, 1.211359450517989"
"5.436869315246283, 1.1797792700818377"
"5.451986534139691, 1.1341998220409408"
"5.454733571714698, 1.0944552827329517"
"5.463766611434027, 1.019117631284658"
"5.479178785191989, 0.9515811634463489"
"5.494733232263109, 0.884166403794012"
"5.497653112002714, 0.823177071645901"
"5.51341316670668, 0.756468853313109"
"5.515410551362677, 0.7233311803417308"
"5.517416031262436, 0.6903707644920729"
"5.506519250244347, 0.6637108267834719"
"5.502057518795149, 0.6443627747953116"
"5.491137518283177, 0.618006541323453"
"5.471858321889037, 0.6576139937909602"
"5.44722905622411, 0.6842533476733479"
"5.434496852654542, 0.7110632591945034"
"5.421805542011677, 0.7171977777697691"
"5.403726911623686, 0.7306696065322313"
"5.3982967794069125, 0.7171977777698118"
"5.3982967794069125, 0.7171977777698118"
"5.392864384961083, 0.7037642608449346"
"5.387429715804965, 0.7110632591945176"
"5.387429715804965, 0.7110632591945176"
"5.377411298206345, 0.698791585507962"
"5.367364205992232, 0.6865176115475435"
"5.363599765605979, 0.6608747836824023"
"5.3534958638545, 0.6486232827464562"
"5.349686495680583, 0.6231046783046565"
"5.354335637792403, 0.6220783498393274"
"5.3534958638545, 0.6078835400660978"
"5.351821385779196, 0.6200357753410657"
"5.350986671363883, 0.6058948219372411"
"5.343868935640046, 0.6049053446479462"
"5.327494533916861, 0.585831950681424"
"5.317365676919983, 0.5737898743302736"
"5.307207303162166, 0.5419956984596297"
"5.307999411986872, 0.5360234040954452"
"5.303298919439577, 0.5173056260665874"
"5.315085474965917, 0.5368912554552594"
"5.3197740164360034, 0.5557556108448978"
"5.331561736107242, 0.5756638641083072"
"5.331561736107238, 0.595741192796865"
"5.337048906343242, 0.629214396892749"
"5.323642902358969, 0.6414387411887503"
"5.310305571844892, 0.674242837435699"
"5.290811482715071, 0.6999490352967825"
"5.277635225935543, 0.7122403670591808"
"5.264525272801425, 0.7245277967791139"
"5.245342198282889, 0.7712983395162496"
"5.238501552069101, 0.791066992138326"
"5.224197284745286, 0.836851972727473"
"5.210696084150191, 0.8765682577602689"
"5.2026429190055605, 0.9301109280000333"
"5.195306126172838, 0.9776251480950435"
"5.176067223034286, 1.031277236513958"
"5.164160269902055, 1.0805963207444051"
"5.151675477841767, 1.1360406348978813"
"5.12805433418596, 1.1697444817466334"
"5.125134457984883, 1.24284311202058"
"5.122242324694371, 1.3154167500428287"
"5.113582290354149, 1.3794724450863356"
"5.110773642969222, 1.4507135993924791"
"5.11372846090226, 1.529020273314032"
"5.1372789105040715, 1.6381657470679016"
"5.160595828667159, 1.7452357290342135"
"5.189391565648294, 1.8577233262559218"
"5.21730212755045, 1.9524967532275213"
"5.244931909193437, 2.0449854075781886"
"5.224809474046147, 2.055300660037304"
"5.210329443901188, 2.0731259729612503"
"5.190124879970101, 2.0834903157046867"
"5.164815831636101, 2.1013755531491896"
"5.139445905975217, 2.119292172039195"
"5.096051887822554, 2.162848362318755"
"5.057951980456225, 2.198596946970383"
"5.020057240700343, 2.2340373447199866"
"4.977290232853376, 2.2765133628250425"
"4.934713459192273, 2.318591937747783"
"4.929263432927163, 2.3112898904983012"
"4.918748382380791, 2.3112898904982657"
"4.9082394887179435, 2.3112898904982657"
"4.902811710797296, 2.3039844596891257"
"4.897390351892588, 2.296675697148089"
"4.876094486114179, 2.263105101287074"
"4.8548592950766425, 2.2293929519777578"
"4.833683287924356, 2.1955438416849375"
"4.823255949307774, 2.137778698401391"
"4.818180778013204, 2.0869410540245994"
"4.813911650889148, 2.0806131051961856"
"4.798872250379044, 2.09847569600435"
"4.783774635103398, 2.1163697343995764"
"4.768617990432696, 2.1342944332998997"
"4.748031550144808, 2.1447453000487613"
"4.731758380998165, 2.146333990269518"
"4.726223625773329, 2.1238639054368917"
"4.715383630922719, 2.093875669060644"
"4.699286124662858, 2.0955823356260197"
"4.683267062857613, 2.097280962826318"
"4.678142151092706, 2.104745103171254"
"4.6627435379508, 2.1076415292381654"
"4.662878403366192, 2.122580081440141"
"4.647429783530607, 2.1254988886604096"
"4.637110139802775, 2.1404452104663747"
"4.637334860176588, 2.0724756060332297"
"4.653088722422684, 2.0206485806469416"
"4.653342742872664, 1.9511234141666023"
"4.669144114779061, 1.8982772509721855"
"4.674610913907808, 1.8196241817319603"
"4.679790042347467, 1.8323525496049697"
"4.679790042347467, 1.8323525496049697"
"4.679790042347467, 1.8323525496049697"
"4.674610913907808, 1.8196241817319603"
"4.679790042347467, 1.8323525496049697"
"4.6849651357807005, 1.8653905031976024"
"4.674318080097784, 1.9310077854586183"
"4.674026299202789, 2.0007516212365104"
"4.673735565550488, 2.0695968973044643"
"4.668299382804112, 2.1254988886604096"
"4.662743537950806, 2.2044649648779924"
"4.6728695919350445, 2.2514457650057835"
"4.682961898886104, 2.297875869649097"
"4.687917199733509, 2.3509874864794327"
"4.692859915496527, 2.4034245975509094"
"4.718848388716092, 2.48359642188057"
"4.744879590249302, 2.5624974460245653"
"4.765872813058907, 2.647018792752476"
"4.792001715779904, 2.723200428301112"
"4.818180778013204, 2.798033791939112"
"4.844115515277299, 2.791293661283845"
"4.864995249912219, 2.791293661283831"
"4.885896371632473, 2.791293661283831"
"4.906820084436712, 2.791293661283831"
"4.927767577920566, 2.7912936612838237"
"4.9491321062579, 2.7196854526276937"
"4.97561685456437, 2.6397144759952127"
"5.002169104349802, 2.5581338497336574"
"5.03384181397206, 2.4860311218488604"
"5.060536093181938, 2.4015386361669684"
"5.076180440844388, 2.3757821714971925"
"5.086785354659906, 2.3571683282539766"
"5.102441385560898, 2.331220018888601"
"5.102975785335801, 2.27043691081537"
"5.10856026914049, 2.220649758514007"
"5.097398640120838, 2.3571683282539766"
"5.091305233797488, 2.4828474104410887"
"5.08019811880682, 2.61190918863052"
"5.079175311973749, 2.7575071672028315"
"5.078156203891959, 2.897438669695326"
"5.071128931761729, 3.0125764679463245"
"5.069133720529761, 3.1322786406880105"
"5.072616332065518, 3.252923438481595"
"5.0656763579185125, 3.3543240726142685"
"5.063720035246026, 3.4595989922858763"
"5.080022780514127, 3.5031818675863704"
"5.091439509908313, 3.5386232839039344"
"5.09742650764526, 3.5682426492829507"
"5.113886343369359, 3.6104751588214086"
"5.125442301140765, 3.64488802262132"
"5.11992896022301, 3.626759406789759"
"5.119928960223014, 3.6011109917079445"
"5.119928960223014, 3.575216957578533"
"5.119928960223012, 3.549074454465991"
"5.119928960223012, 3.5226806958008083"
"5.114960239490646, 3.4747929505668935"
"5.104486649236093, 3.434013676690153"
"5.08853503575226, 3.3868504480000183"
"5.072616332065529, 3.338951409805045"
"5.057214412618212, 3.2878251617245944"
"5.053686734427368, 3.123303567897164"
"5.040126634442824, 2.9297081555224764"
"5.0420237856015335, 2.7507329025245184"
"5.043934693394895, 2.561934885924323"
"5.0343128066179474, 2.3902349720581313"
"5.032547429891453, 2.177772200543039"
"5.040997624936068, 1.9996636327094848"
"5.039740262001012, 1.7633488076460395"
"5.044152719162968, 1.5258383826807602"
"5.054388135017012, 1.246653618038252"
"5.057456935055015, 1.1897535687242566"
"5.065861086880744, 1.1029319201844743"
"5.067969915781358, 1.035654559773846"
"5.058889536694749, 0.9683326497661682"
"5.060986886490946, 0.9010968158709005"
"5.057719499691103, 0.8416107485805924"
"5.048498632764138, 0.817024658141321"
"5.045153808740155, 0.7787439525610438"
"5.0417808332391845, 0.7404812755213896"
"5.038379345143177, 0.7231705832059561"
"5.038379345143182, 0.7231705832060129"
"5.0388947233207775, 0.6961086760054229"
"5.033923664375038, 0.6764818745159573"
"5.034435814889585, 0.6496971368719073"
"5.029447741789846, 0.6098853768470178"
"5.04044696498414, 0.5957411927968792"
"5.051433282708341, 0.5817035968654949"
"5.0678889235496545, 0.5807548133902003"
"5.084316447692418, 0.5798091520634756"
"5.100716389616014, 0.5788665984376422"
"5.108513958643822, 0.567774360028352"
"5.116369224866959, 0.5566602658398523"
"5.124282880223844, 0.5455258771901441"
"5.132255627984833, 0.534372833255631"
"5.140288182982614, 0.5232028543455698"
"5.147108188430067, 0.5043666945989003"
"5.147744087973512, 0.4983850969442756"
"5.1545960034030625, 0.479710724978446"
"5.161472008610401, 0.4611761210180845"
"5.1677120988233, 0.46783877769642856"
"5.173961552784352, 0.47453405546957583"
"5.186488727971106, 0.46859168340623114"
"5.186488727971096, 0.46859168340621693"
"5.180220414475094, 0.48126170243075705"
"5.174628559660584, 0.46859168340623114"
"5.162125350110305, 0.47453405546959004"
"5.14965950828566, 0.48048489781068326"
"5.14344049051384, 0.4932088058411779"
"5.14344049051384, 0.4932088058411779"
"5.137858223855915, 0.5000052154623944"
"5.126067980660433, 0.5000052154623944"
"5.114288602719758, 0.5000052154623518"
"5.101928858333077, 0.5060080333363146"
"5.0840275904538075, 0.49919378578584883"
"5.0778812614399245, 0.4924107287248205"
"5.0661676214402505, 0.49241072872474945"
"5.055005620458882, 0.48644389307762026"
"5.038237935204909, 0.4678387776964428"
"5.0387643670923925, 0.4812617024307144"
"5.0275582506693155, 0.4753002010642291"
"5.0153305246779025, 0.48126170243075705"
"5.002647314360071, 0.4932088058412347"
"4.99002447555728, 0.5051859776885834"
"4.965405895767506, 0.5232028543455414"
"4.952946861235981, 0.5352447974339469"
"4.934574687136822, 0.5603090896252922"
"4.922252707809077, 0.5724311946962075"
"4.915914727845329, 0.5916145910780273"
"4.904067237917781, 0.5977020538251168"
"4.88598764728909, 0.623104678304685"
"4.879387053010005, 0.6281778885787048"
"4.866975534050261, 0.6464860789914866"
"4.8546431734587365, 0.6648041808817737"
"4.8539814332302935, 0.6770190290123992"
"4.847534058067374, 0.6820036743391569"
"4.858449357093944, 0.7087203700598081"
"4.875143192160039, 0.7429485570987708"
"4.886031257405989, 0.7700225686983231"
"4.896534932575985, 0.8033776802646315"
"4.9073836235199275, 0.830698190137312"
"4.9352548129869085, 0.865704929858353"
"4.946074643299264, 0.8718637022207503"
"4.968549089543929, 0.8932580203720022"
"4.979797911719386, 0.9147294970718463"
"5.0023196252367015, 0.9362734855072148"
"5.006764783383121, 0.9624478949021267"
"5.016560624290161, 1.0024697862561425"
"5.020467302938592, 1.034658573443437"
"5.03017348506112, 1.052888560127471"
"5.034015238178234, 1.0848736247655921"
"5.042126857544526, 1.142490555488024"
"5.0559181810704565, 1.207489823348979"
"5.063834727976703, 1.2856427964121053"
"5.0716685631004275, 1.3630341551945122"
"5.085119769656137, 1.426128249071489"
"5.096540147916487, 1.4417705558083682"
"5.107991277612966, 1.4574353747209514"
"5.125226238286887, 1.4596847310404684"
"5.142531955272927, 1.4619401272603199"
"5.154108876326733, 1.4776717009232812"
"5.170917167980066, 1.464201585008361"
"5.187764245440794, 1.4507135993924791"
"5.199447505985365, 1.445083547477985"
"5.216371713448275, 1.4315613434898111"
"5.23333630790544, 1.418022595419238"
"5.245129397931041, 1.4123479136240888"
"5.256956627893384, 1.4066621971269626"
"5.268102935041461, 1.3851905675240204"
"5.274040564893296, 1.3715897997943216"
"5.279986891260461, 1.3579751336265389"
"5.274762117380526, 1.3658558326965533"
"5.263593660811145, 1.365855832696539"
"5.258366674002138, 1.3737434527619428"
"5.259073719948905, 1.3895389809988359"
"5.259782119694336, 1.4053607729430198"
"5.247905563264535, 1.411068845212334"
"5.236748494283173, 1.4110688452122986"
"5.225602377988089, 1.4110688452123057"
"5.213803927868824, 1.416765808686776"
"5.202039204139824, 1.4224516499366189"
"5.174872925249891, 1.5525999612354084"
"5.153309439048977, 1.6931171354713896"
"5.1377943481987085, 1.8376713816908605"
"5.1174449059178055, 1.9656170746112807"
"5.0918288014211015, 2.0823473756005697"
"5.088701606247653, 2.2814874725149963"
"5.085095849641924, 2.4576047501592484"
"5.081535185688098, 2.6254606355014047"
"5.073092738702437, 2.791660519773366"
"5.0750392899558125, 2.9492649860646623"
"5.07161174736609, 2.9935836578155346"
"5.068655361112652, 3.050130673809818"
"5.0552820147723185, 3.106177927087458"
"5.0467898962190105, 3.1555693420115887"
"5.038243091166141, 3.2045506483418222"
"5.032786356897349, 3.2280165284041686"
"5.027336466030853, 3.2512857431631126"
"5.026878032302999, 3.2683735424413314"
"5.0264204178315115, 3.285336299192384"
"5.020987630792316, 3.308098914291513"
"5.0205359641827885, 3.3247836211950528"
"5.014669294081753, 3.3354839514557106"
"5.0142243329672995, 3.3519562030308805"
"5.013780162938611, 3.3683082705420517"
"5.008381208754924, 3.376439543123201"
"4.982314015619584, 3.4530279557939245"
"4.956312387693081, 3.527538292444021"
"4.930374026199166, 3.6000313733072637"
"4.90449661056754, 3.6580581372703307"
"4.878356317269288, 3.7287965941122536"
"4.872761286746496, 3.761664355090499"
"4.867182397998283, 3.7940381857247267"
"4.856372819197067, 3.8208752378602497"
"4.845896906412055, 3.8573492164957983"
"4.845606241521869, 3.8932502212196987"
"4.845896906412054, 3.9031170862720614"
"4.851427858355957, 3.9178781751096423"
"4.85697467820022, 3.9325925651549447"
"4.862230954362025, 3.948685086798111"
"4.867493147589008, 3.964690572325363"
"4.877715047575688, 3.964690572325349"
"4.892891102465827, 3.9598341690911987"
"4.902779801713114, 3.9612394705705576"
"4.907719674636628, 3.9674854275097253"
"4.917590555588742, 3.968878075221223"
"4.927087078835608, 4.004531507710297"
"4.931641894119728, 4.04428761508775"
"4.941466981348739, 4.077446028795691"
"4.950898422532133, 4.111315916398553"
"4.95579691850911, 4.137773517066744"
"4.961083294845888, 4.193243591000925"
"4.9663759328368915, 4.2476173975281135"
"4.9663759328368915, 4.306275249299592"
"4.972075951136711, 4.348126130042644"
"4.9724777447943005, 4.394601816970605"
"4.972075951136711, 4.404813617636499"
"4.971674861110397, 4.414972815133611"
"4.976574836976421, 4.420032924882976"
"4.985953726915083, 4.440145626048446"
"4.990425074291647, 4.455098620720129"
"4.996147639705872, 4.4401456260484355"
"5.002314761598044, 4.414972815133611"
"5.01385637839336, 4.393759960683457"
"5.015178148512094, 4.362762989837149"
"5.021440104648917, 4.3365489713685825"
"5.038074598901648, 4.220724368832901"
"5.054320973458578, 4.110866483501763"
"5.065185969884684, 3.990991513553297"
"5.076579250889859, 3.875034520873033"
"5.092985872482846, 3.747930776459537"
"5.09690675385303, 3.5572365080494492"
"5.100811687654502, 3.353229607957836"
"5.10470077701801, 3.135047817252385"
"5.113491429001804, 2.895714869255684"
"5.1173382707206185, 2.647738022181784"
"5.122174605335661, 2.5280271425308385"
"5.127089403750151, 2.4031249885891555"
"5.132084603086793, 2.2729586089744345"
"5.137162205090096, 2.1375106134016377"
"5.142324278854493, 1.9968358180222197"
"5.133253770042566, 1.9015217786065293"
"5.118448565924016, 1.796849954433604"
"5.1035932404271325, 1.6905969556453755"
"5.088687207442513, 1.582956617027925"
"5.068560838458075, 1.481982556546221"
"5.059227720243403, 1.443997304479872"
"5.055553819794393, 1.4136175615285467"
"5.051857208368752, 1.3830252926007205"
"5.048137669258095, 1.352225570125043"
"5.0496475445435145, 1.3133351822770436"
"5.051674067375547, 1.2467436619970869"
"5.053716014525619, 1.1797792700818235"
"5.055773563687682, 1.1125338064639436"
"5.0637005422514765, 1.0528885601274425"
"5.065813823354116, 0.9853430094327962"
"5.067943455707726, 0.9178494991425481"
"5.070089630855557, 0.8505512927322485"
"5.072252543357937, 0.7836081201506886"
"5.068456805408577, 0.709889932509185"
"5.070628782187009, 0.6443627747952831"
"5.089220445642468, 0.639328643626115"
"5.10792798499754, 0.6139585353815278"
"5.132238649623114, 0.6018110158576775"
"5.15119564180276, 0.5967200041735481"
"5.175781759288172, 0.584568825946306"
"5.181286570116456, 0.5775502856611752"
"5.186788553903947, 0.5906428429902064"
"5.192962872481942, 0.5977020538250741"
"5.199146419579154, 0.5845688259462918"
"5.199829623320381, 0.5784981946957117"
"5.206029169558877, 0.5855302442145387"
"5.212238050657418, 0.5925895638041254"
"5.212238050657418, 0.5925895638041254"
"5.212238050657418, 0.5925895638041254"
"5.2177528543705165, 0.6057868996711164"
"5.212867966843328, 0.6692133005269199"
"5.196494392824865, 0.7330938652561656"
"5.180361870820423, 0.8183787135707661"
"5.164464740562995, 0.904070945600111"
"5.148797520351501, 0.9898222229424505"
"5.141650281320331, 1.0373456514346628"
"5.145757710743974, 1.0848736247655921"
"5.149847270861553, 1.1107314634629404"
"5.159201190494445, 1.1503073419327023"
"5.157973273552125, 1.1838225616878617"
"5.176926557574152, 1.152164801470434"
"5.196034320336748, 1.120357894783794"
"5.2213009712924165, 1.0745441131073648"
"5.246104949936758, 1.0130265978783513"
"5.271104971611996, 0.9731154712294341"
"5.290933335477186, 0.8979290689894555"
"5.322500859770681, 0.8231770716458726"
"5.336508184815109, 0.7626110273473898"
"5.356870837432638, 0.7306696065322029"
"5.382855832002519, 0.6709114594680017"
"5.390913595460369, 0.6454226973849018"
"5.381726238427481, 0.6271447738098033"
"5.389823297861739, 0.6018110158576064"
"5.392465273808494, 0.5635957797597229"
"5.39512339294381, 0.5257923168954903"
"5.389603857236374, 0.5326376340795349"
"5.389603857236374, 0.5326376340795349"
"5.3840819666324204, 0.5395122025912968"
"5.373031067477395, 0.5533481623433261"
"5.3619705876783685, 0.5473086765541666"
"5.361970587678373, 0.5473086765541666"
"5.3683644633527186, 0.5343728332556452"
"5.368364463352714, 0.5146780092601659"
"5.373898948939145, 0.5078823375088461"
"5.37943103648552, 0.5206585410222999"
"5.38118304776188, 0.5087038640319435"
"5.376513246039593, 0.5095281548542232"
"5.378265043103264, 0.5171908045151667"
"5.380024037855623, 0.5051859776886687"
"5.375327761777377, 0.4864438930776487"
"5.368875710984826, 0.4797107249784034"
"5.368006370248217, 0.466340617532623"
"5.3671388120225, 0.4531004800873859"
"5.360711773145978, 0.4465297771381387"
"5.360711773145978, 0.4465297771381387"
"5.347888622631474, 0.45238121929391184"
"5.329554752329326, 0.46485257752371467"
"5.311270751876101, 0.47740387133714535"
"5.298581010593926, 0.483320610531905"
"5.285931005685502, 0.4892452513136334"
"5.280391645668777, 0.4959753449145694"
"5.2811640608831025, 0.49003262161990335"
"5.2756166424047475, 0.49677588948031826"
"5.270066591281974, 0.5035501708498344"
"5.264513891599432, 0.5103552231555426"
"5.252655324890609, 0.5103552231555426"
"5.240078054586081, 0.5163503886198697"
"5.2282567896707075, 0.5163503886198271"
"5.216447721632038, 0.516350388619955"
"5.2046506873952145, 0.5163503886198697"
"5.203266298877017, 0.5283594766042796"
"5.196358967115316, 0.5473086765541808"
"5.194996438194364, 0.5593923247229355"
"5.188129519995897, 0.5584786086288176"
"5.186788553903947, 0.5705591950917039"
"5.18062342173872, 0.5836105884802976"
"5.18062342173872, 0.5836105884802976"
"5.174467433967778, 0.5967200041735339"
"5.173812236904784, 0.6028000715916875"
"5.167671958196399, 0.6159807712877097"
"5.163807386887428, 0.6731287709001066"
"5.148511121803615, 0.7306696065322598"
"5.139410093892365, 0.7748881476682783"
"5.135778768152557, 0.8538789141642695"
"5.126851434257865, 0.8981409486751772"
"5.134540591233044, 0.9987248158519293"
"5.147425977904774, 1.1131290366013502"
"5.154317534258407, 1.2407957492834498"
"5.155914974508608, 1.353720893258938"
"5.162671716558968, 1.4786958541920256"
"5.132128020472234, 1.5829566170279605"
"5.1070876756777706, 1.677809618786732"
"5.082886366308116, 1.7658445007543904"
"5.058944787947041, 1.8523811485724906"
"5.040318544213419, 1.929767423203515"
"5.037941306765085, 2.130357792628317"
"5.030568628182323, 2.3303828332968735"
"5.0337160496889854, 2.521652099045852"
"5.036839275608493, 2.7038586621731966"
"5.03497919462183, 2.8834518993302467"
"5.041345318678254, 2.9797864389363724"
"5.052722274019647, 3.0830607147005296"
"5.04869803606398, 3.174748522794161"
"5.054654661694563, 3.266788079547915"
"5.0556260746456445, 3.3622412038196074"
"5.05964944311941, 3.403105899010594"
"5.058672810055771, 3.4352596939234665"
"5.067646688567448, 3.4691286045160687"
"5.066659762809092, 3.5002969211384105"
"5.07062878218701, 3.525459934467918"
"5.076579250889855, 3.5024208725112977"
"5.077080886452601, 3.486920990637728"
"5.083055717678789, 3.463457837280693"
"5.084073953157482, 3.4454510780299685"
"5.090079518101407, 3.4215114481689355"
"5.105545136380549, 3.3600056977124133"
"5.126539380599727, 3.288805011627563"
"5.142025772841272, 3.2245561394506375"
"5.16248889036823, 3.1528536578049255"
"5.1829502579063105, 3.079641808422245"
"5.163654977806257, 3.1018208345785254"
"5.149279654668349, 3.1177362683405043"
"5.1348575457671295, 3.1336441646828774"
"5.115373233074408, 3.155755453518008"
"5.09634164957645, 3.1902013156168607"
"5.0892204456424714, 3.2070334975706203"
"5.071629983250489, 3.238429369212536"
"5.054170263530211, 3.2693184801445874"
"5.041815905967499, 3.2937710866268333"
"5.024144557431978, 3.311969705853155"
"5.008820304628497, 3.3601471982839257"
"5.009260181949972, 3.399546554502365"
"5.004729674278276, 3.4441888439052484"
"4.999755772380688, 3.476963467652734"
"4.994779120918661, 3.509388743060544"
"4.9939244043813815, 3.5921599393224852"
"4.982729412570854, 3.6722028495811756"
"4.97653479374974, 3.7444344953703528"
"4.970772754039486, 3.8245784132462077"
"4.9650277977619, 3.902105685777517"
"4.955140991925722, 3.93460281215685"
"4.950193341365784, 3.961882896319242"
"4.940289460560594, 3.9937241850063288"
"4.940666449172115, 4.0252275012433"
"4.9307424706221346, 4.0564011396446915"
"4.936079292548184, 4.03955425911489"
"4.9364533315371695, 4.027373299279873"
"4.941801422984087, 4.0102981024837305"
"4.941801422984087, 3.999296041632828"
"4.947155871041165, 3.9820112891890638"
"4.9521277618084385, 3.9435624299860947"
"4.962062939724268, 3.8995856911845443"
"4.96702626087347, 3.8599554274138512"
"4.967026260873476, 3.8130142025021456"
"4.977354835908589, 3.777239058932487"
"4.983145547317166, 3.74444511550643"
"4.983980038104789, 3.716422117039663"
"4.989799703565675, 3.682667025714345"
"4.995636889175945, 3.6483851889000043"
"4.990648819765456, 3.602639812319861"
"4.981081305248488, 3.533170805197038"
"4.9714858265145505, 3.4616537851625147"
"4.96688032121178, 3.396175054151904"
"4.9518171029995415, 3.3146601228859858"
"4.957636518292109, 3.2453977418634636"
"4.96850921407001, 3.1225080946344512"
"4.96891826961433, 2.9945650371578694"
"4.974784690897701, 2.8515515027381895"
"4.985718108130008, 2.7128423665637413"
"4.986571075377269, 2.565170224238848"
"4.992058370475474, 2.408744824564806"
"5.008113512461152, 2.2471102635883824"
"5.0136230420240535, 2.080613105196228"
"5.024662967482596, 1.917329302171801"
"5.030193427266978, 1.7428080491036582"
"5.031603253116078, 1.7274067147217949"
"5.038111748950826, 1.7247745068590419"
"5.039550718278852, 1.7092240441625037"
"5.046113061646503, 1.7065336720102877"
"5.052708116551045, 1.7038305381450485"
"5.052213074486953, 1.7297494276905994"
"5.051718943310892, 1.7349356396635685"
"5.056335618149182, 1.7529906686601535"
"5.050733403533447, 1.765844500754362"
"5.055838742251723, 1.7581335692050786"
"5.0721603787986895, 1.74527296382103"
"5.083408858000547, 1.74011014717437"
"5.094687042676459, 1.7349356396635756"
"5.116222744137001, 1.7142703144887506"
"5.121892113983911, 1.722008928950011"
"5.141262535083791, 1.6201199482507604"
"5.155693680139882, 1.5243535289023455"
"5.170300872847645, 1.427122272170081"
"5.179864855279676, 1.314978041098712"
"5.200057662485597, 1.2074898233490217"
"5.2172316721238925, 1.1107314634629404"
"5.240061325578079, 1.0052776068561826"
"5.263307166480981, 0.8994141955864592"
"5.286981770024308, 0.8149155591860477"
"5.305627854894193, 0.7169869525830421"
"5.314971807353398, 0.7146059945850283"
"5.324270034024835, 0.7122403670591808"
"5.334333910801827, 0.7245277967790429"
"5.33813250340155, 0.7294632926341791"
"5.3473181365209985, 0.7270622094929848"
"5.359784658914734, 0.7417229633619371"
"5.366032532585584, 0.7490853627847827"
"5.371442640899419, 0.7417229633619655"
"5.383113969096604, 0.7417229633619229"
"5.3893873569567585, 0.7490853627848111"
"5.391122391883176, 0.7160147024490016"
"5.393738004015331, 0.6770190290123992"
"5.401822949302875, 0.6515178829244661"
"5.404486270310397, 0.612952386301373"
"5.400790603531896, 0.5877467971319987"
"5.393544976269403, 0.5867877986138978"
"5.391788954305098, 0.5988632981233053"
"5.384587185808254, 0.5978871589565671"
"5.382855832002519, 0.6099536323390424"
"5.387429715804965, 0.6089605620130101"
"5.39373800401533, 0.6159905257290319"
"5.39373800401533, 0.6159905257290319"
"5.400056321716312, 0.6230459400173203"
"5.400056321716312, 0.6230459400173203"
"5.406384710254961, 0.6301265934185807"
"5.400938747154328, 0.6372322750880386"
"5.4018229493028755, 0.6515178829244519"
"5.396369415157986, 0.6586973904739182"
"5.39725008808113, 0.6731287709001919"
"5.391788954305111, 0.6803802288458911"
"5.371111933476082, 0.7122403670591808"
"5.344368876865781, 0.7577215194619811"
"5.324091650712624, 0.7897587381584401"
"5.297835796090254, 0.8354702501740263"
"5.27794384273257, 0.8675561040620465"
"5.254310164584918, 0.8949725554211341"
"5.242882726103105, 0.8949725554211341"
"5.219377921409523, 0.9224629647168712"
"5.201976269135449, 0.9362326940958781"
"5.178625439082078, 0.9638149927163937"
"5.166668645079126, 0.9699220822518271"
"5.14879752035149, 0.9898222229424647"
"5.136925701447757, 0.9959103224295518"
"5.125087338311238, 1.0019913483673264"
"5.113282127530638, 1.0080652166249138"
"5.113282127530638, 1.0080652166249138"
"5.113282127530638, 1.0080652166249138"
"5.113282127530638, 1.0080652166249138"
"5.113282127530638, 1.0080652166249138"
"5.118600928021692, 1.021856167012615"
"5.112136009661713, 1.0417073182439083"
"5.11156459893804, 1.0693064180807283"
"5.116293312289106, 1.0891324143159125"
"5.10985692157157, 1.1089344058528354"
"5.104002778481909, 1.122725601074734"
"5.098712877024165, 1.1305343217650972"
"5.098712877024165, 1.130534321765026"
"5.087578209614541, 1.130534321765026"
"5.087578209614541, 1.130534321765026"
"5.087578209614541, 1.130534321765026"
"5.081204868594851, 1.1719324345164637"
"5.0695726080917485, 1.1995170786513114"
"5.052183101238624, 1.2408558800293576"
"5.0458989365875375, 1.2821295700412918"
"5.034371740812914, 1.3095989975141578"
"5.026685252799032, 1.3680036082716782"
"5.013374891222319, 1.4394423160944854"
"5.0115143560180435, 1.5045561858331737"
"4.998845094657202, 1.5690288975408109"
"4.985842506693945, 1.6381657470679372"
"4.977256837203056, 1.8121361712277917"
"4.968791242574648, 1.9808009119408112"
"4.954980695974648, 2.1361843704002226"
"4.946790176955952, 2.292999191188983"
"4.938711548293575, 2.4434704731537593"
"4.953687688958658, 2.6003410821981916"
"4.963257653218129, 2.744661877084596"
"4.983562421834202, 2.880271141499769"
"4.9984619265607275, 3.0044934643818593"
"5.002988893674694, 3.1391420229166798"
"4.992224061272072, 3.2740121774957665"
"4.9868514843256335, 3.408669110476307"
"4.9761258603387715, 3.557816403189051"
"4.970772754039487, 3.6919523324814456"
"4.965027797761905, 3.8093335260541394"
"4.969565167709055, 3.8986499964873325"
"4.974091993052214, 3.984732044068295"
"4.978608321308596, 4.057137866023719"
"4.977792785572003, 4.133138890274818"
"4.987609674788899, 4.205658138857974"
"4.976980108353379, 4.256478444453997"
"4.966375932836899, 4.306275249299615"
"4.950898422532133, 4.3499112629732934"
"4.935080654689312, 4.3936910800285585"
"4.91931807115497, 4.436717543607454"
"4.899727216889438, 4.4443613007125276"
"4.880089292122653, 4.452012364942998"
"4.8653292796020144, 4.464647102872178"
"4.850836547440881, 4.476514318146192"
"4.836008169086998, 4.489126422791918"
"4.830226526510571, 4.477263678020956"
"4.829673935440414, 4.460437581044532"
"4.829123264169772, 4.443578723762178"
"4.8285745026892855, 4.426685239297095"
"4.828300835011452, 4.408935793804581"
"4.843872848663451, 4.365463410775089"
"4.849660099580387, 4.320283085821746"
"4.860100392787607, 4.280526494347594"
"4.860706468197501, 4.239085351438131"
"4.866253408960262, 4.192326068709395"
"4.8560726784938835, 4.1617473231344775"
"4.850541665754332, 4.137728973459556"
"4.840381732286249, 4.10653936891207"
"4.845316083430919, 4.080873950306362"
"4.845316083430916, 4.048997630447168"
"4.845896906412057, 4.024906755261458"
"4.856673485304399, 4.011412850807961"
"4.857276399273788, 3.9868111658274614"
"4.857578649919223, 3.963288342536252"
"4.8631520777697625, 3.9555988876708454"
"4.873077386717334, 3.9570138889655624"
"4.867493147589021, 3.9535578991281426"
"4.877395256223306, 3.9549727309547293"
"4.882341710872707, 3.9501062417589416"
"4.882018245642429, 3.940358046412058"
"4.882341710872707, 3.9501062417589416"
"4.8879422403592265, 3.953557899128171"
"4.888271665094018, 3.9632883425362238"
"4.883641263583803, 3.9667468555636844"
"4.87867779858802, 3.971605783196125"
"4.878356317269288, 3.9618828963192563"
"4.883315518626812, 3.957013888965548"
"4.882990345862201, 3.9472606647984065"
"4.887613393658594, 3.9438071926805662"
"4.892558015385564, 3.938924200961168"
"4.887285123467546, 3.9563843240175878"
"4.882018245642424, 3.962641561339961"
"4.887285123467546, 3.9674854275097253"
"4.882341710872703, 3.983361161633365"
"4.882341710872703, 3.9943504613506207"
"4.887285123467544, 4.011412850807961"
"4.886957428266925, 4.0343974079510865"
"4.88137301223693, 4.0631002389856725"
"4.885977777495771, 4.080873950306376"
"4.885652367171573, 4.103110859578695"
"4.8807300316676105, 4.128544649880471"
"4.8758046753258855, 4.153752935157016"
"4.870876280087999, 4.178741291466867"
"4.870876280087993, 4.199009168344315"
"4.876121679616473, 4.233591067416533"
"4.8909013068112674, 4.240112673792815"
"4.905996800328132, 4.245583718671956"
"4.921091587368972, 4.251038940372091"
"4.930911373473148, 4.261902336008287"
"4.930547069603612, 4.253058237114175"
"4.930911373473157, 4.232235437450342"
"4.926002918223016, 4.216751076867066"
"4.9210915873689665, 4.201162487929395"
"4.9214481520813145, 4.179845012924996"
"4.92672505932045, 4.163999094939118"
"4.918300876731772, 4.074673764832102"
"4.909807184719454, 3.981308610471551"
"4.906228620558659, 3.878515526142312"
"4.8976164987105255, 3.775764742326171"
"4.888932254791259, 3.6678176095311983"
"4.882909141898951, 3.4695576755758957"
"4.892270410949044, 3.236654986662156"
"4.891598043610222, 2.998955161127057"
"4.890928056939551, 2.744661877084617"
"4.889927513018568, 2.45999567142578"
"4.90227666605896, 2.3079771861344653"
"4.90436052298924, 2.1690420609492875"
"4.916565910006037, 2.030030766794077"
"4.923819956203314, 1.8744792778015125"
"4.931527581745357, 1.7299348512415236"
"4.95590727506551, 1.6259455711505737"
"4.975511472497212, 1.527523078150729"
"4.995894817194047, 1.400097170615048"
"5.02144010464893, 1.2897162283269665"
"5.047917551804451, 1.1719324345165063"
"5.067969915781358, 1.1004900246577733"
"5.093646211853814, 1.0207895771012545"
"5.113707735056005, 0.9547236490713971"
"5.134615517357777, 0.8823926354321969"
"5.160621810292162, 0.8087277674953981"
"5.190387718484764, 0.7676841011537334"
"5.220314582350561, 0.726932588267772"
"5.250406132863291, 0.6865176115475435"
"5.280666102608448, 0.646486078991515"
"5.305627854894201, 0.6139585353815278"
"5.318166842467711, 0.5877467971319277"
"5.330745017933106, 0.5617628554814758"
"5.343362718153919, 0.536023404095431"
"5.361513860917429, 0.5232507456033204"
"5.374217615785987, 0.4979106726671745"
"5.390488071575458, 0.46849743007086886"
"5.406038635856664, 0.46411232228939525"
"5.428238829282044, 0.4472385250786459"
"5.431986768421855, 0.4238924772739523"
"5.454549929965223, 0.4071366776599774"
"5.4564933137618405, 0.39558114420000834"
"5.4594236594012955, 0.36013768529123524"
"5.455722323511878, 0.3371257466908304"
"5.465339965887999, 0.30898336151422257"
"5.455926681285117, 0.29263056149673616"
"5.443542946724517, 0.29263056149670774"
"5.431174928405827, 0.2926305614966793"
"5.413120816821218, 0.29849382777015876"
"5.400784639063613, 0.2984938277700877"
"5.3941636422743064, 0.2926305614966793"
"5.380954641100123, 0.2980612534258711"
"5.367789313797545, 0.303512348390754"
"5.360345340889991, 0.3030710222889894"
"5.347259918421882, 0.3085317599889237"
"5.334217123400729, 0.3140119154925003"
"5.322883466774684, 0.29137237702765617"
"5.318043027923785, 0.27491256504933403"
"5.30750267977858, 0.2643276038140385"
"5.302629012556923, 0.24829088507209462"
"5.297742830011519, 0.23253800620045695"
"5.2887387016936795, 0.2440966811532661"
"5.273122157824014, 0.2503215444504292"
"5.263184232570104, 0.251007921144037"
"5.241620866394048, 0.24642505187922836"
"5.219179272353443, 0.2471008632876277"
"5.190228841499161, 0.2457539747700963"
"5.1616996287231505, 0.26086435338650915"
"5.133580395188369, 0.2594262540396812"
"5.099588218745545, 0.2855866641338167"
"5.072320406215338, 0.3181041091976766"
"5.079675707587495, 0.313092894020329"
"5.081404935806034, 0.2967724968069092"
"5.088828582137407, 0.29179031926359755"
"5.108287554133834, 0.2699849923619979"
"5.122790553571257, 0.23284328512501418"
"5.130410480999995, 0.228043173063881"
"5.131686710265509, 0.20243280176774192"
"5.132968256550141, 0.19263197742934324"
"5.1406707661593725, 0.1879992471137939"
"5.147756098410758, 0.1882209840428004"
"5.124622076981331, 0.17857412227189684"
"5.107857036643163, 0.18889081808880803"
"5.085203631470688, 0.18934126618435698"
"5.056031863306117, 0.18467269979458933"
"5.032629934473995, 0.17498318658614664"
"5.018257718724254, 0.1944952107032094"
"5.003507708723648, 0.21959850384449453"
"4.995197033067291, 0.23469737151776826"
"4.986966617272433, 0.24998015052538847"
"4.96734452670361, 0.2768575708145278"
"4.943036499563014, 0.2822342426503752"
"4.931127176960444, 0.28223424265038943"
"4.913074309155579, 0.29347666279851126"
"4.895057537120093, 0.30484556150436504"
"4.882815092995912, 0.3103476090868611"
"4.881690225768687, 0.3269689035583383"
"4.8745015943825765, 0.33763252202506067"
"4.867365725289181, 0.34832478115059473"
"4.860281993515392, 0.35904223285460546"
"4.853249784247585, 0.36978157425288316"
"4.86523864269702, 0.36413193864633797"
"4.877258374409478, 0.3584973277155541"
"4.889309322874523, 0.3528781521040685"
"4.901391833274488, 0.3472748285847729"
"4.913506252484492, 0.34168778014813483"
"4.907841860688883, 0.3477989001528812"
"4.908239488717952, 0.3601376852912779"
"4.90295846461431, 0.3606882512146967"
"4.90335210049169, 0.3732055944828687"
"4.903746532401308, 0.3858745715464522"
"4.9094371963770405, 0.37952126826915844"
"4.909037154118504, 0.3669278289517308"
"4.914313463528954, 0.3663647897879372"
"4.913909451318687, 0.35394896210176796"
"4.913506252484492, 0.34168778014813483"
"4.923997301203829, 0.35849732771552567"
"4.928805221236694, 0.3635785049067266"
"4.939202986480431, 0.3805396418539573"
"4.937930660236242, 0.3976252377350562"
"4.948245777846198, 0.41482502868601046"
"4.953382936898979, 0.43280763106608333"
"4.958506589283654, 0.4699913351803531"
"4.963616804103476, 0.4884605258907584"
"4.9802480291306335, 0.5070635621850386"
"4.98531837912118, 0.5257923168954477"
"4.97978694410531, 0.5326376340795349"
"4.9913181126788295, 0.5326376340794639"
"4.9913181126788295, 0.5326376340794639"
"4.9913181126788295, 0.5326376340794639"
"4.9913181126788295, 0.5326376340794639"
"5.001892108793498, 0.5446389258050033"
"5.000930203233379, 0.5566602658398665"
"5.01194126011418, 0.5626777998543275"
"5.022939023130478, 0.5887089608711022"
"5.0279270881909195, 0.6078835400661546"
"5.05037639241938, 0.6139585353815136"
"5.07281788627721, 0.620035775341023"
"5.094681857589587, 0.6525912886391154"
"5.116497478648345, 0.6648041808817595"
"5.150380082590299, 0.6915109342004229"
"5.1660505627966025, 0.7171977777697549"
"5.187078641232397, 0.7564688533130806"
"5.197227359200895, 0.7687508440567541"
"5.2073460999594525, 0.7810227849849412"
"5.2228135759516645, 0.8068596227748799"
"5.23752469544112, 0.8600063282115116"
"5.246814654812203, 0.8996166091553022"
"5.261387583259321, 0.9529979702854945"
"5.281191874829249, 0.9987248158519009"
"5.284269471175685, 1.0306114638149069"
"5.285110727969407, 1.1447672297031772"
"5.285941950459938, 1.2583396731904912"
"5.292692365649312, 1.378712497335158"
"5.298635201783212, 1.503176860740652"
"5.304505829249283, 1.6045432482546218"
"5.300832620427462, 1.7349356396635756"
"5.2971936532423785, 1.862706950812516"
"5.2878122058728945, 1.9800060675264106"
"5.274189738480587, 2.097280962826275"
"5.26570360358939, 2.223416446152811"
"5.253631683231525, 2.4003099136735386"
"5.236610395184263, 2.577564854293577"
"5.224658040872377, 2.7407867156906818"
"5.212760188450902, 2.8970497652034837"
"5.200916318588526, 3.0463790018398385"
"5.1736077556633955, 3.1801116368905014"
"5.156940559647655, 3.2937710866268297"
"5.135376244201401, 3.408783460624292"
"5.11388634336936, 3.5191935744124123"
"5.09246949603768, 3.6251949599136815"
"5.102906025794638, 3.6756863356695284"
"5.09246949603768, 3.7252342089627497"
"5.091954042675164, 3.7755531172116257"
"5.086488600524163, 3.82991559802333"
"5.076078510720404, 3.876572095581068"
"5.059750043669853, 3.8961132775603176"
"5.064207810886488, 3.9267850272184255"
"5.053363345995718, 3.9507184736869654"
"5.047478883476085, 3.969541956984326"
"5.051933265882103, 3.9991523475813047"
"5.051458259746573, 4.033096247949231"
"5.040681593698549, 4.066537634413283"
"5.035303300771572, 4.104135329804485"
"5.029931662061259, 4.141160992485972"
"5.019208230097364, 4.173093778073163"
"5.003602137260632, 4.219122722057527"
"4.992934051648703, 4.259903182106886"
"4.982291703311443, 4.30000926322489"
"4.971674861110397, 4.339473268728089"
"4.9610832948458885, 4.378327079115886"
"4.9610832948458885, 4.4343435114710825"
"4.9610832948458885, 4.4893471221676275"
"4.9610832948458885, 4.543425947888414"
"4.9610832948458885, 4.596666841809959"
"4.9610832948458885, 4.649155318014241"
"4.950898422532138, 4.700975416015025"
"4.940719724766816, 4.752209583598344"
"4.930547069603608, 4.802938576324795"
"4.9203803243020126, 4.8532413721773775"
"4.915474467179855, 4.907183452844114"
"4.925642793315452, 4.915480491821681"
"4.935816970050848, 4.923770429665739"
"4.950898422532132, 4.936340884428825"
"4.961083294845888, 4.9446108836351"
"4.965980415066895, 4.94888613208037"
"4.9708747845412375, 4.953156165823524"
"4.975766419321529, 4.957421039751056"
"4.975766419321529, 4.957421039751056"
"4.980655335344644, 4.961680808383445"
"4.985541548432261, 4.965935525876764"
"4.985541548432261, 4.965935525876764"
"4.985541548432261, 4.965935525876764"
"4.985541548432261, 4.965935525876764"
"4.985541548432261, 4.965935525876764"
"4.985541548432261, 4.965935525876764"
"4.9802480291306335, 4.986634048116178"
"4.974960822721295, 4.999079577029994"
"4.974960822721296, 5.015493598328394"
"4.964797999943379, 5.040092536369324"
"4.954641492302683, 5.064672574249412"
"4.950135793790843, 5.084899068819938"
"4.945619654311747, 5.113386012821513"
"4.935816970050853, 5.137902444961718"
"4.936186093292102, 5.154241972004973"
"4.947133528993733, 5.1705255728879465"
"4.9573469416012, 5.162275725925702"
"4.967566649847204, 5.154028337648294"
"4.977792785571996, 5.145783110020769"
"4.988025479814354, 5.137539743398396"
"4.987609674788894, 5.129426147829241"
"4.98229170331144, 5.117145702185162"
"4.982291703311451, 5.100689050462849"
"4.976980108353372, 5.088428911932478"
"4.97698010835337, 5.071979097326555"
"4.971674861110397, 5.0597336295270825"
"4.9782001951798325, 4.988875709991474"
"4.984353377424082, 4.925927208454594"
"4.995894817194046, 4.8579229795225665"
"5.002123130378505, 4.793401990067235"
"5.013780162938614, 4.723293346058272"
"5.039004935653859, 4.64112868134543"
"5.053841734139592, 4.55746744404205"
"5.074084455939225, 4.466988847784949"
"5.094321857752011, 4.373992582840103"
"5.114554800331628, 4.278081379362892"
"5.125483370419724, 4.186852173408749"
"5.136440349421705, 4.081572930500549"
"5.136994398435314, 3.971605783196125"
"5.137549438774956, 3.8564827085431617"
"5.148556208431248, 3.7479095087880445"
"5.137549438774961, 3.7252823933132255"
"5.132056857441901, 3.7077623057910323"
"5.131507085059925, 3.6972282665698835"
"5.130958293792675, 3.6866704449677172"
"5.120015549260826, 3.6636337264459655"
"5.1068047509381245, 3.610883924378083"
"5.093503174506665, 3.5566529297868996"
"5.0801096390550295, 3.50088418157911"
"5.061120992349132, 3.437766589843452"
"5.047048453320756, 3.366873888257498"
"5.045611114218586, 3.3027316078320688"
"5.044181520465111, 3.237540350367528"
"5.042759609309114, 3.171298261423434"
"5.046789896219016, 3.1102250990328884"
"5.045840934218381, 3.054553060707285"
"5.031859989605171, 2.957834815363249"
"5.007806077827921, 2.838020253555733"
"4.993644755888354, 2.7338558649181692"
"4.979408512529194, 2.626235533776004"
"4.976034064686491, 2.493146820954337"
"4.9738849926312465, 2.285676752473961"
"4.97087019448424, 2.0764900858511766"
"4.957532192652378, 1.8329073207839954"
"4.949630394953075, 1.5666455381510147"
"4.936017805223024, 1.3494900351257115"
"4.948870641801461, 1.2778101868298677"
"4.973231230874301, 1.221211957130123"
"4.991704779258447, 1.1838225616878617"
"5.00458413557008, 1.160005138311675"
"5.023375855294791, 1.1004900246577591"
"5.032532495030596, 1.1461855007029982"
"5.041626599664795, 1.1916647869653332"
"5.06272784847124, 1.2251200375128946"
"5.077989969250544, 1.2506265373103673"
"5.081636300926401, 1.2818594752976509"
"5.096243974400869, 1.355845079834566"
"5.11077364296923, 1.4293388030045264"
"5.119473436175059, 1.4943907591603534"
"5.128687687273198, 1.5744820424542283"
"5.1430111926091815, 1.6459752787390372"
"5.149934089537079, 1.6220679341125077"
"5.15171656704656, 1.5847272769024414"
"5.153509110255554, 1.5471004778397202"
"5.16051616476273, 1.501307453177617"
"5.1623434251047, 1.4631192606281402"
"5.1577313407353, 1.4224516499366686"
"5.1583390931797, 1.3952577159680075"
"5.169411589804611, 1.3737434527619854"
"5.175264020853029, 1.3601110764143272"
"5.175889724039786, 1.3328067835514048"
"5.187631438287337, 1.3270206679860195"
"5.1987566316452085, 1.305454207010527"
"5.188270416451928, 1.2996385832544775"
"5.188910614477698, 1.272214882372765"
"5.194806120631501, 1.2800913504628681"
"5.196102393378219, 1.2467436619970869"
"5.1980561360847855, 1.2290505078124738"
"5.205311887669351, 1.181681866782995"
"5.206638115434973, 1.1480410673531196"
"5.2079694709943425, 1.09267574975172"
"5.2066381154349735, 1.1047214329595931"
"5.211267467270007, 1.1029319201844459"
"5.221846067958297, 1.1089344058528354"
"5.23241462238315, 1.1149283168100652"
"5.2317274972365055, 1.1209135940354429"
"5.2363124077385566, 1.1406511342269567"
"5.24088637278877, 1.1603576528859634"
"5.239501791375215, 1.193762437321027"
"5.2381225087344685, 1.2270924898444946"
"5.253839517459371, 1.2466536180382946"
"5.265733406522687, 1.2407957492834498"
"5.270972566407964, 1.2760321109359438"
"5.282906365962647, 1.2701945952417333"
"5.294875412183636, 1.2643469596597328"
"5.294875412183645, 1.2859315764690962"
"5.300873244843272, 1.2938125835167682"
"5.307638668265476, 1.274240881850389"
"5.31366075624711, 1.282129570041306"
"5.319691860984765, 1.2900266641240279"
"5.331781269841427, 1.284173552002855"
"5.325732019739073, 1.2979320363159417"
"5.330996983470255, 1.3116801260503905"
"5.330996983470255, 1.3116801260503905"
"5.336259693459605, 1.3254171060376905"
"5.336259693459605, 1.3254171060376905"
"5.340727559809458, 1.323317613023974"
"5.333901186998386, 1.3212239819809497"
"5.332336415207533, 1.3328067835514048"
"5.331556285865393, 1.3385823049939773"
"5.330000518456103, 1.3501014748176488"
"5.329224871707261, 1.3773129590638717"
"5.328450710502576, 1.4044678840779383"
"5.321702507136313, 1.4450835474780206"
"5.309025591759447, 1.4776717009232883"
"5.302337986176761, 1.4966901857406256"
"5.285306600228342, 1.5101052186330577"
"5.274214430105086, 1.5313628962300925"
"5.263133453644276, 1.5313628962300925"
"5.257947184863687, 1.5392295487316616"
"5.252758577543942, 1.5683403783564316"
"5.256548923810721, 1.613719101532503"
"5.248608019093268, 1.6430977484825746"
"5.252385713419426, 1.6878368322143231"
"5.2503216832505615, 1.7244387776406"
"5.248269237253579, 1.7607285242418484"
"5.237765964029846, 1.910842078078531"
"5.233123193503304, 2.0638589962240204"
"5.222869429495914, 2.2043456336489697"
"5.2127601884509005, 2.3397904679649244"
"5.202792347020813, 2.4701282583758797"
"5.204030121093635, 2.586546840335515"
"5.205272377289408, 2.700353289767037"
"5.206519140170622, 2.8114596640438307"
"5.207770434480551, 2.919805143469432"
"5.2090262851449225, 3.0253535008196906"
"5.195935170772746, 3.129515427218834"
"5.187914194391745, 3.238345464504647"
"5.179961596914476, 3.3426584899295264"
"5.167150982988041, 3.434758309728089"
"5.154442568273563, 3.5233706436287235"
"5.149531451858804, 3.5807422463774508"
"5.144618014358109, 3.6369771385041396"
"5.140257584937178, 3.690296332755935"
"5.135335214702266, 3.7444239398357837"
"5.130410481000003, 3.7974982273148967"
"5.1194781873206034, 3.8807481010131717"
"5.098214687944495, 3.9501062417589665"
"5.081937151728479, 4.02359363492619"
"5.071119830090382, 4.099491792431216"
"5.060329728380015, 4.173093778073177"
"5.0495666115701034, 4.254465006989488"
"5.033928631856529, 4.328060419298286"
"5.012979069080396, 4.395441978223438"
"4.9920947932182465, 4.470366129051012"
"4.976574836976423, 4.538612681536369"
"4.955411104055228, 4.610763319934051"
"4.949375821302256, 4.6858892871373286"
"4.943368567174005, 4.759435243346303"
"4.937389121071346, 4.823336949507386"
"4.921369828355793, 4.894571212137141"
"4.9119964620251695, 4.95962208407331"
"4.8977186006842, 5.028546316006679"
"4.878497170970543, 5.101601301639294"
"4.864104600772778, 5.170987529317236"
"4.854579807926355, 5.236755288778214"
"4.859496425873934, 5.2574336221194775"
"4.869320463910834, 5.273991218116233"
"4.879132359090731, 5.290545394841874"
"4.884033797993158, 5.3112579078071"
"4.888932254791264, 5.331999171104308"
"4.899390991432146, 5.290545394841875"
"4.899727216889428, 5.25745144008229"
"4.904970281347813, 5.220292467822229"
"4.9102193553266655, 5.1831921832749845"
"4.920735645320913, 5.141954730021226"
"4.924924426513182, 5.113527457490301"
"4.933980984168099, 5.089403971659317"
"4.942995665171013, 5.057238968464418"
"4.94711170278093, 5.021031061228975"
"4.950833321871158, 4.993318006683827"
"4.956057398806546, 5.005412309239592"
"4.9616749230988795, 5.009138433592723"
"4.967308784809758, 5.021031061228969"
"4.977819048477334, 5.037132429750518"
"4.983491412141529, 5.049073961511466"
"4.989180422662409, 5.05286768256728"
"4.984719348343731, 5.064855537528135"
"4.9802480291306335, 5.076871850168702"
"4.9810633539876985, 5.084733023829932"
"4.976574836976421, 5.096809374525691"
"4.976170274587979, 5.0887550529935694"
"4.975363269317109, 5.072686976189731"
"4.979841433473558, 5.0606701417536275"
"4.979435546507892, 5.044491138237547"
"4.97943554650789, 5.028118097696602"
"4.964013153602723, 5.007753211963026"
"4.964405234932286, 4.982904954934559"
"4.954257691478173, 4.9582500214254726"
"4.944116317943993, 4.941787402124257"
"4.948618491160673, 4.92163725723684"
"4.948996826803399, 4.896549193949724"
"4.944116317943993, 4.875671203452589"
"4.9444911701142775, 4.850371613698318"
"4.944491170114273, 4.825333747985534"
"4.934713459192268, 4.7997794989525495"
"4.924924426513183, 4.782512617025109"
"4.920025622682898, 4.761154068598945"
"4.9203803243020126, 4.735191610388311"
"4.915474467179854, 4.713584537881514"
"4.910565708160941, 4.6918581240653054"
"4.910912666026444, 4.648021509550029"
"4.906340170042023, 4.607729551311088"
"4.891231490049829, 4.57644836125556"
"4.8866303065428704, 4.535195686242506"
"4.882018245642424, 4.49332672310954"
"4.88137301223693, 4.4673371164898725"
"4.8758046753258855, 4.445452720319253"
"4.880409382502082, 4.4141557167629735"
"4.8846795350998224, 4.392851444474893"
"4.879132359090741, 4.370619893257468"
"4.879450781872878, 4.322132578157655"
"4.8846795350998224, 4.268300089563322"
"4.885003247458443, 4.21780413704337"
"4.880409382502093, 4.1605734311549405"
"4.885652367171573, 4.103110859578695"
"4.890901306811263, 3.9901845667302354"
"4.901077994125218, 3.8669593232946298"
"4.911260230515097, 3.737518859185869"
"4.9214481520813145, 3.601344957215975"
"4.92672505932045, 3.4635573797624524"
"4.955921232117836, 3.19523610230684"
"4.97525588152353, 2.896856580201593"
"4.994940295332736, 2.566279121775814"
"5.014984954666022, 2.2030298956579486"
"5.046113061646507, 1.7889852481319082"
"5.047091265662719, 1.7374917233748377"
"5.064470818877387, 1.7141204331519617"
"5.081951217998624, 1.6905969556453755"
"5.100077464687644, 1.6406285887223575"
"5.101167619832655, 1.6088422657874801"
"5.122950124587393, 1.6088422657875299"
"5.139020100821424, 1.5799236069741625"
"5.149934089537084, 1.5588129031079916"
"5.160255255484616, 1.5642683913796702"
"5.182110718259081, 1.5642683913796418"
"5.184611578102567, 1.4999411410898915"
"5.17673605832837, 1.4293388030045762"
"5.174016174544786, 1.3501014748176061"
"5.176516618463818, 1.283892663471974"
"5.173774372916276, 1.2035123918461323"
"5.194076539043209, 1.116732872477968"
"5.2199392839408, 1.0434063725429752"
"5.2461049499367425, 0.9699220822517702"
"5.267214624491913, 0.8827081622121113"
"5.293981056151273, 0.8095280284144195"
"5.301690111460104, 0.783608120150717"
"5.314859772523704, 0.7503244803395006"
"5.328096381910132, 0.7171977777697833"
"5.341400630841582, 0.6842533476733479"
"5.354773217929523, 0.6515178829244377"
"5.343868935640046, 0.6454226973848307"
"5.321228297291437, 0.639328643626115"
"5.298592476506187, 0.6332359314012876"
"5.282190648153968, 0.6342791670891472"
"5.265765921527976, 0.635325823663166"
"5.23403758211324, 0.6670015675098284"
"5.214178131678947, 0.698791585507962"
"5.194485496720192, 0.7306696065321887"
"5.168909278246508, 0.7552201698755994"
"5.143580709584144, 0.7797362358708568"
"5.152061709969425, 0.7209494201571829"
"5.155190251194183, 0.6698081819077117"
"5.158349765794075, 0.6190194984342838"
"5.161540719071288, 0.5686995689876113"
"5.164763585744182, 0.518976484687542"
"5.1722394169739765, 0.49438230984914355"
"5.17355621093739, 0.46337456089685247"
"5.186639888658519, 0.45166438830938205"
"5.188669712907807, 0.43417140506900864"
"5.201864354529078, 0.4225615133646272"
"5.197668910596301, 0.417427066857627"
"5.206052384616161, 0.40649953955274043"
"5.196218968299598, 0.38921741661141596"
"5.197609849019132, 0.37776261953334256"
"5.18770916183798, 0.36068825121471093"
"5.1919738971035265, 0.36580369070229324"
"5.184284312183715, 0.38921741661141596"
"5.188535177829051, 0.3943513399986074"
"5.192766537441994, 0.41808313401845965"
"5.196978531846316, 0.4232258618784073"
"5.1844547231054365, 0.4479496821470548"
"5.18310557742002, 0.4597041773319006"
"5.170646719952957, 0.48487697470443436"
"5.15822505179326, 0.4908226494591901"
"5.14584022673667, 0.5163503886198271"
"5.139661522587093, 0.5095281548541948"
"5.121786469532335, 0.5223519014723621"
"5.115637237241285, 0.5155127946624276"
"5.103365524541138, 0.5215038015323898"
"5.091129197356136, 0.5275008911132915"
"5.09666248515529, 0.5206585410223141"
"5.108310990356181, 0.5403916949532146"
"5.107719793047041, 0.5464157894502506"
"5.118764875212754, 0.5524448486663829"
"5.1359278470900485, 0.5654409031195939"
"5.1401969540448995, 0.6108912527860895"
"5.138338291967771, 0.6088828110366364"
"5.154151380480187, 0.6342791670891472"
"5.158985426301436, 0.653668195858998"
"5.163167751111204, 0.6792561958559844"
"5.1539351436451755, 0.7441780694625635"
"5.1508188635505, 0.8170246581412641"
"5.1363810457128345, 0.8903100962473758"
"5.127441740666102, 0.9561287622882162"
"5.113282127530638, 1.0080652166249138"
"5.1092898702227405, 1.1149283168101647"
"5.105350633418231, 1.2212119571300946"
"5.10668000721145, 1.3186796427910963"
"5.102810503265511, 1.4227071528085915"
"5.098991363217999, 1.525200198664848"
"5.098449825511723, 1.551732392040961"
"5.092767839409644, 1.564967472086316"
"5.081951217998617, 1.5859753393672733"
"5.076286256588274, 1.5991638808440385"
"5.070628782187013, 1.612329981225841"
"5.081951217998613, 1.5859753393672236"
"5.093303737350791, 1.5805658487801892"
"5.104686611944992, 1.5751448622587532"
"5.110389517667651, 1.5829566170279605"
"5.1218184369898925, 1.5775311296476247"
"5.122950124587405, 1.5666455381510218"
"5.12351755620374, 1.5611854297088072"
"5.124086050353544, 1.5557137773368268"
"5.136173231495673, 1.5235006244698184"
"5.136755462803443, 1.5179695154499555"
"5.125226238286887, 1.54473583716711"
"5.124655610042298, 1.5714184910134605"
"5.124086050353549, 1.598013768555937"
"5.112611318705186, 1.6245181311572168"
"5.11205431242357, 1.6509282045253642"
"5.11221194310442, 1.855765223154627"
"5.112366889564081, 2.0527330291015673"
"5.107481573818527, 2.2484324056238663"
"5.1076735752261, 2.4275759098656877"
"5.108392627542967, 2.576449565151691"
"5.120471690767857, 2.6524181946375407"
"5.127640419438901, 2.7171852940926158"
"5.139858189336149, 2.77460506408638"
"5.1521528413053765, 2.8480880724140505"
"5.15891359508711, 2.9302386336105"
"5.1521528413053765, 2.864611520052364"
"5.145425611255419, 2.7981007918382304"
"5.133739750416252, 2.7374833664345815"
"5.127089403750156, 2.6693260639144825"
"5.120471690767857, 2.6003410821981987"
"5.1144228095131625, 2.579642510083275"
"5.108392627542967, 2.5589011189031226"
"5.107333096408645, 2.531181046923976"
"5.1068047509381245, 2.5172938828181586"
"5.100811687654508, 2.4964300934472163"
"5.097426507645258, 2.5096693169539463"
"5.094021404614182, 2.5229517559238843"
"5.085608176971607, 2.543257420311903"
"5.066622936777101, 2.528019343384557"
"5.048011013659906, 2.526734389933601"
"5.041073499790647, 2.637214117959573"
"5.034182148775655, 2.744238472796283"
"5.032322758685471, 2.8412248375827005"
"5.035442970904825, 2.960562616013128"
"5.043483281009249, 3.068869187774034"
"5.054320973458575, 3.126837888635645"
"5.065185969884685, 3.1838882394367864"
"5.071124339138003, 3.246022330908314"
"5.077080886452595, 3.3070849162806617"
"5.083055717678796, 3.367084788631246"
"5.083055717678789, 3.408783460624285"
"5.08802205249599, 3.44418884390522"
"5.087509987188085, 3.4734809075210435"
"5.091954042675169, 3.496817270775413"
"5.101856985204519, 3.5254599344678965"
"5.106277348798161, 3.521986360109892"
"5.105750887449824, 3.524067635139801"
"5.115621964461677, 3.526143724573238"
"5.1150879070219215, 3.541313514818377"
"5.109101093705507, 3.5508889611526904"
"5.104700777018019, 3.528214647309653"
"5.100290436228603, 3.505292794238347"
"5.095870028308666, 3.482119970797836"
"5.09690675385303, 3.450826546741773"
"5.097947192124337, 3.4190727374302377"
"5.108392627542966, 3.3213182510294104"
"5.113886343369362, 3.2262888972382804"
"5.1243491596135105, 3.1219844703567645"
"5.1348205291496, 3.029833956913734"
"5.139779567133355, 2.928660904282559"
"5.140900649403726, 2.8901427398752872"
"5.142025772841263, 2.8346179820775532"
"5.153692789518747, 2.7780642354649174"
"5.1604190015031906, 2.7101902416912225"
"5.172777937330778, 2.647745558884502"
"5.1914638077494395, 2.443245476773484"
"5.215374769169966, 2.23975200500324"
"5.22365853036352, 2.0545462304721624"
"5.237099020531371, 1.8347245012330688"
"5.25065253032707, 1.608035073913591"
"5.259893562995664, 1.5470427295451543"
"5.264081663350262, 1.471901016974222"
"5.273499028320213, 1.3879227555998952"
"5.283019895283911, 1.324441255611518"
"5.292646051471129, 1.260336453968435"
"5.295621393881314, 1.2153217365065103"
"5.303891229227338, 1.1838225616878617"
"5.306932637839807, 1.138354335830229"
"5.30999774669021, 1.09267574975172"
"5.31308683616686, 1.0468197353840623"
"5.31464046248017, 0.9914464029588714"
"5.316200191124282, 0.9362326940958781"
"5.317766058418579, 0.8812544309043489"
"5.319338100972869, 0.8265934294105648"
"5.320916355690389, 0.7723378950000637"
"5.322500859770681, 0.7392834623089186"
"5.324091650712621, 0.7063924705752385"
"5.319481321416667, 0.6869722268390461"
"5.3210712053969385, 0.6543848114209823"
"5.322667430158909, 0.6220295611366282"
"5.325073740182488, 0.6039191019351193"
"5.3157681642270695, 0.5858319506814098"
"5.318166842467711, 0.5479730718262772"
"5.3087931170646705, 0.5300564534139056"
"5.299372951660157, 0.5121903717719647"
"5.293082169493541, 0.5054342131323608"
"5.293082169493541, 0.5054342131323608"
"5.287575002365824, 0.5121903717719647"
"5.287575002365824, 0.5121903717719647"
"5.287575002365824, 0.5121903717719647"
"5.28912738578418, 0.5003114077221937"
"5.28360687332677, 0.48767843277849465"
"5.289905934037121, 0.4943823098491862"
"5.2906860597358785, 0.4884605258907442"
"5.291467767717661, 0.48254635481852404"
"5.291467767717661, 0.48254635481852404"
"5.30412349756261, 0.476640100170556"
"5.304920892419747, 0.45166438830936784"
"5.311270751876094, 0.43929881341217936"
"5.317630632609617, 0.4270181580502026"
"5.318443878300028, 0.4212395731900074"
"5.312884637255025, 0.4276884506135019"
"5.307322840168617, 0.43417140506900864"
"5.301758471848103, 0.44068818137954224"
"5.3025568942148675, 0.43485676840360554"
"5.2985751503691825, 0.4109965374286446"
"5.3009734698137585, 0.3754458299340939"
"5.303386612538166, 0.34066572753539504"
"5.305814717514169, 0.30674088432634505"
"5.301794187253915, 0.28477805273037404"
"5.304230516070644, 0.26885996628728037"
"5.3123638887577584, 0.24762333063931408"
"5.314018281699342, 0.23733791065200194"
"5.316512872323813, 0.22210549570145588"
"5.318184664444944, 0.21208769888875167"
"5.312462464856712, 0.20193831568548148"
"5.306737556114545, 0.20712171011476244"
"5.307564448174209, 0.20218513270380356"
"5.307564448174209, 0.20218513270380356"
"5.308393080848658, 0.19727858143144772"
"5.287128363025195, 0.2382826880567137"
"5.26035658040219, 0.2703626051834078"
"5.2338098309517065, 0.303512348390754"
"5.207483720277057, 0.33763252202516014"
"5.181373925226665, 0.3726299964282731"
"5.164752018150748, 0.3943513399985932"
"5.153952071656322, 0.42836102081429317"
"5.137789074648896, 0.45023796924449755"
"5.115773285764675, 0.46553954431662703"
"5.094112064552516, 0.4998162656101357"
"5.0935433921138085, 0.5249705893641874"
"5.087530050917913, 0.5376482572839905"
"5.086968798172418, 0.5631937891291869"
"5.086408646055113, 0.6089605620130243"
"5.091844065240366, 0.6220295611365998"
"5.090154704971223, 0.660451928330815"
"5.094440654331649, 0.7063924705752385"
"5.092752395573062, 0.7453915922880441"
"5.097010630277013, 0.7710688004434587"
"5.0953235378736, 0.8103178209693169"
"5.097868538503249, 0.8966698151614452"
"5.094525859273121, 0.9757206553250342"
"5.097047529907417, 1.0623948382384185"
"5.099543965325632, 1.1488652685539904"
"5.107794970784264, 1.242703121334472"
"5.099813040400661, 1.3437642806535024"
"5.091901594494571, 1.4439973044797938"
"5.0892204456424714, 1.5564465688475977"
"5.08090285459067, 1.659465903853608"
"5.067561956495253, 1.747836070352804"
"5.054847722725512, 1.890627480519477"
"5.042235950682844, 2.030092282660668"
"5.024662967482609, 2.153993728073054"
"5.012719211049701, 2.282048385702602"
"5.000409905012752, 2.410596966807148"
"4.994940295332736, 2.476498995132985"
"5.000409905012747, 2.5376169733878626"
"4.994940295332736, 2.6016962114260735"
"4.989477464466905, 2.6647892224227903"
"4.989477464466892, 2.716573559417128"
"4.993644755888344, 2.7846524011046654"
"4.986924289156458, 2.8545225599064565"
"4.991074515962101, 2.919563181758157"
"4.995207622557221, 2.983172357108103"
"4.99392440438138, 3.054553060707285"
"4.994351382208264, 3.128171067523219"
"5.005166809434382, 3.1854469148251177"
"5.011027547779113, 3.247822285190402"
"5.006482904364907, 3.309117026193988"
"5.017355793118262, 3.3634902674000244"
"5.021893387928994, 3.401914723897164"
"5.016008945230022, 3.453372538259142"
"5.0151150484071785, 3.498167624207248"
"5.024598108533991, 3.5421022713045076"
"5.018737326960801, 3.5906541727048342"
"5.017396719652047, 3.659921205704144"
"5.011131637511804, 3.7201073668881435"
"5.004896324648644, 3.7905825370208355"
"5.004032773521126, 3.8523494478918145"
"5.002743133298038, 3.913924984185808"
"4.998264862812512, 3.950912045858285"
"4.998264862812512, 3.9949717099149886"
"4.998264862812507, 4.027524166152933"
"4.992934051648701, 4.065612286844647"
"4.988442015914902, 4.100700802210959"
"4.998264862812514, 4.122770157620327"
"5.003602137260625, 4.137728973459556"
"5.014296192224396, 4.1571831543388065"
"5.024566648254666, 4.1674291589081705"
"5.0343860472460005, 4.17874129146686"
"5.039291859166077, 4.163999094939104"
"5.044195099309283, 4.159445781988374"
"5.048625782178524, 4.145761695781335"
"5.053519734564169, 4.1411922127691625"
"5.058411162460249, 4.136618633759937"
"5.058889536694753, 4.125119741086724"
"5.064266043882859, 4.108932874089142"
"5.064750303837402, 4.097270619228521"
"5.059848817406817, 4.080873950306366"
"5.054944811515634, 4.064357657544065"
"5.0446617293543135, 4.053703060362718"
"5.039291859166073, 4.048997630447168"
"5.033928631856515, 4.04428761508775"
"5.033928631856519, 4.0442876150877645"
"5.033928631856519, 4.0442876150877645"
"5.038830245556734, 4.060927606159151"
"5.038830245556719, 4.071538535581045"
"5.033472021193726, 4.07744602879572"
"5.033016213125425, 4.089205208523847"
"5.033016213125421, 4.099686681745752"
"5.033016213125425, 4.110125698685849"
"5.028120397159247, 4.114736776287746"
"5.033928631856529, 4.128544649880471"
"5.0343860472460005, 4.137728973459556"
"5.034844269501889, 4.14689675295735"
"5.034844269501884, 4.146896752957332"
"5.039754286947082, 4.152614948953872"
"5.039291859166077, 4.153752935156998"
"5.039291859166077, 4.153752935156998"
"5.043729290735105, 4.150327104034329"
"5.038830245556719, 4.144615263838634"
"5.0339286318565275, 4.138885896525057"
"5.02902443473732, 4.133138890274818"
"5.0241176391909015, 4.127374132818364"
"5.0196530309940535, 4.120410284028942"
"5.0196530309940535, 4.120410284028942"
"5.0196530309940535, 4.120410284028942"
"5.0196530309940535, 4.120410284028942"
"5.0196530309940535, 4.120410284028942"
"5.014296192224401, 4.126201057540264"
"5.01385637839337, 4.127374132818364"
"5.008511064005162, 4.122770157620327"
"5.0031722578537625, 4.118161969873682"
"5.002743133298038, 4.119343613645579"
"5.002314761598044, 4.120522679261363"
"5.0031722578537625, 4.118161969873686"
"5.0089459040320365, 4.121591511436094"
"5.014296192224396, 4.115790912959223"
"5.0098178846249795, 4.108774538279629"
"5.005329243556355, 4.101720685059593"
"5.000400775731966, 4.031792162656444"
"4.995469610043161, 3.959834169091195"
"4.996320776534516, 3.900612811048333"
"4.9967474900710895, 3.82964888516139"
"5.002555628160136, 3.7617273250402405"
"5.007942892239241, 3.6435978467414927"
"5.01333678187812, 3.5198998804974586"
"5.008381208754933, 3.376439543123201"
"5.013780162938611, 3.240024681663815"
"5.0142243329672995, 3.0728204106877897"
"5.025052467947862, 2.9921781826828138"
"5.041345318678258, 2.899823389377822"
"5.062674474425915, 2.8147629029638495"
"5.079096431108043, 2.7173873934634045"
"5.0895637660569255, 2.6488235031401643"
"5.101090984985346, 2.6067778942761493"
"5.107140025945553, 2.5748746638427704"
"5.113207891812786, 2.542654383725285"
"5.119294693179599, 2.510116600839389"
"5.130967509083646, 2.466238613238552"
"5.137105327111552, 2.3406769837135073"
"5.138235357781836, 2.2190522310950556"
"5.150016660530655, 2.09439897521073"
"5.15680464070869, 1.9744479361310994"
"5.157978255579337, 1.844415770767057"
"5.162716089233756, 1.7427161883016495"
"5.172652999938626, 1.630814919115302"
"5.17179098939314, 1.516524311141083"
"5.176113841929948, 1.3922466252381938"
"5.18635712752686, 1.2740110474815651"
"5.17840448350673, 1.2015872432076407"
"5.175662057959011, 1.142490555488024"
"5.17819592430739, 1.0753353232044844"
"5.169479231029603, 1.0295941541584028"
"5.166668645079129, 0.9699220822517987"
"5.167298780698964, 0.9638149927163795"
"5.151866855910741, 0.9377748669188435"
"5.1357787681525515, 0.9393217719725158"
"5.136984496017817, 0.9055649076699694"
"5.126224813310654, 0.899414195586516"
"5.101817472182366, 0.9178494991425197"
"5.08885117509069, 0.9577013216603945"
"5.082400248817368, 0.9561287622882162"
"5.064227339960592, 0.9821161481089007"
"5.0520011925930435, 0.9942827991691274"
"5.04667231498442, 1.0235261775679731"
"5.040333469903777, 1.021856167012615"
"5.022890532530635, 1.063269414259878"
"5.011300571560483, 1.0909014673262902"
"4.999741196370936, 1.0969209201276016"
"5.005517079185138, 1.083112245395796"
"5.005984884085724, 1.0770837979571297"
"5.0064535811201045, 1.0494593252317657"
"5.012724168209674, 1.0295941541584028"
"5.013200515337015, 1.0235261775679731"
"5.024837401319058, 0.9959103224295944"
"5.0423512396921755, 0.9760224976688505"
"5.0599361926378315, 0.9561287622882162"
"5.071699507243594, 0.9285820764768857"
"5.089405259417502, 0.9087091632850672"
"5.091073959253224, 0.8689875107198191"
"5.092752395573066, 0.8293256471424115"
"5.100414459424391, 0.7761693412810331"
"5.10813239123907, 0.723331180341745"
"5.10987834096272, 0.6842533476733621"
"5.134654009202793, 0.6454226973848307"
"5.1596223480929275, 0.6068875487362249"
"5.178641902001607, 0.5817035968654949"
"5.197784110193318, 0.5566602658398665"
"5.223264916143047, 0.5189764846876272"
"5.22255751650761, 0.5249423011707819"
"5.228061499776336, 0.5377619965728258"
"5.227350175726657, 0.543754921409132"
"5.226640276258037, 0.5497528801599572"
"5.225931797064107, 0.555755610844912"
"5.238339368326754, 0.5497528801599572"
"5.238339368326759, 0.530056453413863"
"5.244557284485294, 0.536891255455231"
"5.257021588536162, 0.5309139826280642"
"5.269524136808746, 0.5249423011707819"
"5.269524136808746, 0.5249423011707819"
"5.281296797356092, 0.5446389258050033"
"5.287575002365824, 0.5317743716857706"
"5.282065268800071, 0.5386356410550945"
"5.282065268800071, 0.5386356410550945"
"5.293082169493541, 0.5446389258049606"
"5.2985867853542405, 0.5377619965727973"
"5.303298919439577, 0.5566602658398523"
"5.318969620668383, 0.5817035968654523"
"5.323642902358972, 0.6008252116944277"
"5.316566119131138, 0.6403819684107503"
"5.309514505837537, 0.6803802288459337"
"5.308725022532191, 0.7072661698810663"
"5.302487901339056, 0.7207699063220758"
"5.3017068316013685, 0.7478902936904888"
"5.300149361446735, 0.7602388708593395"
"5.292404502291593, 0.7862098914509374"
"5.284702149599152, 0.8122132911393862"
"5.27704191797857, 0.8382380301671759"
"5.269423426661757, 0.8642736193925629"
"5.244301719460167, 0.9040709456001679"
"5.225417931039901, 0.9301109279999764"
"5.20665406124435, 0.9561287622881878"
"5.1880083928304, 0.9821161481088865"
"5.169479231029614, 1.0080652166249138"
"5.171637650723521, 1.0951442402946014"
"5.173774372916276, 1.181923860636516"
"5.17588972403979, 1.2681799987251452"
"5.1669445044934355, 1.3537208932589095"
"5.163278671524331, 1.4518382673885455"
"5.115541558678896, 1.7009160099914737"
"5.089573221055131, 1.9671157241604433"
"5.048773144173257, 2.2045856862166744"
"5.023737974070896, 2.4455586115918777"
"4.994075825676726, 2.661512297289974"
"4.998663348880555, 2.7440960800271625"
"4.98275682728587, 2.7880333671537088"
"4.987347911697259, 2.8512657291893504"
"4.987347911697259, 2.9004228363427274"
"4.987347911697261, 2.948924815783407"
"4.996497725598866, 3.02147593504948"
"5.0056047247662745, 3.1074309884354285"
"5.009260181949973, 3.184665967874718"
"5.007942892239241, 3.265561744531073"
"5.016951433600842, 3.3299169982966283"
"5.011571105230964, 3.434758309728089"
"5.011571105230964, 3.541313514818377"
"5.016951433600842, 3.6366539343751754"
"5.016506935557201, 3.725330283362542"
"5.011131637511813, 3.816040095717959"
"5.020098616804482, 3.9242444846120392"
"5.023669420263464, 4.022783731494126"
"5.021884404153081, 4.1228731106926375"
"5.030749137603074, 4.217542155462585"
"5.034258417689001, 4.3137577801189675"
"5.049756057202261, 4.365528255225891"
"5.065283977565369, 4.416426724016832"
"5.080842668534415, 4.466516914556335"
"5.09156917498181, 4.519996911008283"
"5.102322762162247, 4.572722427413314"
"5.096942569114649, 4.60382248939494"
"5.09156917498182, 4.63464079897523"
"5.091569174981816, 4.669228950302541"
"5.096432618090253, 4.6995196851645495"
"5.095923561309753, 4.725580408449691"
"5.095923561309753, 4.725580408449691"
"5.095923561309753, 4.725580408449691"
"5.085702653627499, 4.717080059337082"
"5.075489498895065, 4.708564319004333"
"5.075489498895065, 4.708564319004333"
"5.0652839775653735, 4.691485184114907"
"5.055085969328661, 4.674340029834779"
"5.049756057202261, 4.6617111615068385"
"5.044432713717482, 4.649054788990217"
"5.034258417689005, 4.631748760371709"
"5.024091251519842, 4.623067304458399"
"5.013931092120174, 4.614366379740895"
"5.0037778156340424, 4.605645603968533"
"4.998492969030515, 4.59283593210411"
"4.988354263254135, 4.584068351750261"
"4.983491412141529, 4.579360330776211"
"4.973757684948813, 4.578726798182672"
"4.964013153602723, 4.578092066529221"
"4.954257691478171, 4.586265984446076"
"4.9444911701142775, 4.585637957352949"
"4.939603721566144, 4.589727253704476"
"4.944491170114271, 4.585637957352947"
"4.949375821302258, 4.581547594128121"
"4.954257691478167, 4.577456132292035"
"4.954257691478167, 4.577456132292035"
"4.959136796873266, 4.564525760588705"
"4.959136796873269, 4.555665841357051"
"4.964405234932283, 4.550895494379709"
"4.964797999943389, 4.541322689298584"
"4.96967990077802, 4.528261520061717"
"4.975363269317114, 4.522742189041265"
"4.9810633539876985, 4.51719943089638"
"4.981472086938502, 4.507471836312302"
"4.981881536082419, 4.497698464097692"
"4.987609674788899, 4.492063667294424"
"4.992094793218241, 4.470366129051012"
"5.00677932510613, 4.448574820433107"
"5.01079922443359, 4.427485385360503"
"5.02542725475735, 4.405516901913035"
"5.040032135319102, 4.383441652606395"
"5.050692034916647, 4.373207182373973"
"5.045823061829183, 4.368069731243789"
"5.051631295433939, 4.362045292419811"
"5.046754024732532, 4.356874131739728"
"5.041874227698127, 4.351689134550069"
"5.041874227698127, 4.351689134550069"
"5.036991889770599, 4.3369559295742945"
"5.047220731886496, 4.327389322909671"
"5.047220731886501, 4.31778996783285"
"5.052573856144972, 4.312510948420387"
"5.047220731886494, 4.298491348472734"
"5.047220731886496, 4.288791251149966"
"5.032561205527021, 4.272703699546625"
"5.027669569247159, 4.25748199671272"
"5.022329483398682, 4.243181665001547"
"5.0129790690804015, 4.211212802351266"
"5.008511064005162, 4.18437180946551"
"5.003602137260625, 4.158315692443843"
"4.999116971319095, 4.130806398421171"
"4.984353377424091, 4.102929337643733"
"5.004464168644882, 4.018835242665155"
"5.02456664825467, 3.932032728629487"
"5.0446617293543135, 3.842333656445728"
"5.059368754262339, 3.756404201691776"
"5.0848332427086085, 3.6535300620404634"
"5.10752298946942, 3.478183800589676"
"5.124940790406116, 3.2839452477467717"
"5.143049212331614, 3.087551739590765"
"5.166871941131426, 2.8509836927535304"
"5.185360671940948, 2.606777894276192"
"5.2059045681291245, 2.389068138447577"
"5.2274128822467745, 2.1733445868390717"
"5.253698969062016, 1.9233767350265154"
"5.280380928711866, 1.6830744587150406"
"5.313367914685051, 1.4429219092182066"
"5.3001121010123065, 1.3857696322402404"
"5.286034266382385, 1.333844196384348"
"5.272601587922814, 1.2757940434928372"
"5.253137312697774, 1.231004127691051"
"5.227632362616003, 1.1781428199736297"
"5.219818149240258, 1.1268901797907915"
"5.217906614298569, 1.0615416343868844"
"5.203985483599862, 1.0235261775679874"
"5.201976269135457, 0.9577013216604513"
"5.199946404820699, 0.8917817743702301"
"5.187220180000519, 0.9040709456002247"
"5.174555627441761, 0.9163380017494944"
"5.167930140185325, 0.9148311448497282"
"5.155363757720279, 0.9270579003311354"
"5.142857409916369, 0.939261019632724"
"5.144069210701799, 0.9057266937193589"
"5.151250605961126, 0.8798051906016724"
"5.152484304274653, 0.8463514162931887"
"5.153722810346532, 0.8129879414522208"
"5.154966152518271, 0.7797362358708568"
"5.164138730199864, 0.7148354157853589"
"5.16125641265897, 0.6565341089932559"
"5.1705557505268605, 0.5928240387577404"
"5.179961596914476, 0.5300564534139056"
"5.189475870961473, 0.46849743007085465"
"5.192184858683569, 0.44511946236723077"
"5.201171300418548, 0.40971646792404215"
"5.209540406732673, 0.3988592013369612"
"5.217973621759062, 0.3880129017784384"
"5.226471738752121, 0.3771804337830247"
"5.239195445899773, 0.3714847430710364"
"5.251958849031922, 0.36580369070230745"
"5.259118303560598, 0.34832478115059473"
"5.266303845978006, 0.3310571448137978"
"5.273515650167559, 0.3140119154925287"
"5.280753891440355, 0.2972005954034245"
"5.288018746548092, 0.28063506677429473"
"5.295310393696182, 0.2643276038140385"
"5.302629012556923, 0.24829088507209462"
"5.309974784282845, 0.23253800620045695"
"5.302629012556924, 0.24829088507208041"
"5.288818780018967, 0.25871465924176107"
"5.281544903292555, 0.27491256504937667"
"5.274297704470902, 0.29137237702765617"
"5.267077006199385, 0.30808171924047656"
"5.265532282895508, 0.3190404307532049"
"5.270403570690442, 0.33611743609144185"
"5.268857143270085, 0.34727482858487235"
"5.267317070984115, 0.3584973277155399"
"5.265783314437803, 0.36978157425294"
"5.248952104859853, 0.3703473485417277"
"5.232096033995575, 0.3709150682850435"
"5.215214635533554, 0.37148474307107904"
"5.198307430152543, 0.3720563825485499"
"5.181373925226665, 0.3726299964282731"
"5.156783342033225, 0.3783468139033772"
"5.137928681402367, 0.3961992225493134"
"5.113527500946777, 0.40198127217111335"
"5.100470962685973, 0.41358304198267604"
"5.081865491581548, 0.43175842505716844"
"5.086323870332928, 0.4560020568573009"
"5.085173415782233, 0.4678387776964428"
"5.083456404976697, 0.48565910828678227"
"5.0650635093955625, 0.48487697470443436"
"5.063963814654145, 0.4967758894803893"
"5.057321606305408, 0.4959753449145978"
"5.044631599358158, 0.488460525890801"
"5.0320022919158856, 0.5003114077221937"
"5.030977434711702, 0.5121903717719931"
"5.018933744637469, 0.518139662262783"
"5.009500445154844, 0.5928240387576977"
"5.006123269786025, 0.6759058623313194"
"5.014076188497384, 0.760098595780093"
"5.010712427146035, 0.8449601577107586"
"5.006923172854414, 0.9149314579998844"
"5.011774198928971, 0.9559576829653764"
"5.016613156992049, 0.9970988960591995"
"5.021440104648919, 1.0168760247782274"
"5.031548695697556, 1.0503751471179612"
"5.041626599664788, 1.0838564219480986"
"5.053204072037273, 1.056388914990677"
"5.076452766069933, 1.0229119171590781"
"5.099828420900422, 1.0108328239075917"
"5.112136009661718, 0.9773123000586139"
"5.135730849462673, 0.9651682080471744"
"5.154129578072492, 0.9392610196327809"
"5.166668645079126, 0.9057266937194868"
"5.167930140185329, 0.8722472023035124"
"5.180557179762279, 0.8600063282114832"
"5.1818512898697975, 0.8265934294105648"
"5.193245505648776, 0.8477470124656179"
"5.193245505648776, 0.8689875107198191"
"5.204650687395216, 0.868987510719748"
"5.204650687395216, 0.868987510719748"
"5.210696084150199, 0.8765682577602689"
"5.207996150614735, 0.9224629647168712"
"5.210647685767615, 0.982116148108787"
"5.202658934568532, 1.0572243804253958"
"5.200678701237631, 1.1185427247269217"
"5.198056136084789, 1.1857267450774742"
"5.186993676476839, 1.3112594273943898"
"5.176113841929947, 1.4349803044913898"
"5.170566288370395, 1.5486287371358003"
"5.181049579220382, 1.672833868552857"
"5.1806182053550565, 1.7734281110908512"
"5.1731376078413085, 1.9421754371153455"
"5.165708153494019, 2.106417997683643"
"5.15832928157341, 2.26566149329566"
"5.1404230018598644, 2.41956698600584"
"5.128192430371572, 2.5748746638427704"
"5.123748679691543, 2.6307084507818885"
"5.113747758672254, 2.6791270715300683"
"5.109280018041544, 2.733855864918155"
"5.10480194042403, 2.7879887429494588"
"5.10031348080525, 2.841517042638955"
"5.10480194042403, 2.854726738359318"
"5.109817439439421, 2.881061722653058"
"5.114288602719773, 2.9103536002651893"
"5.113747758672268, 2.929708155522519"
"5.113207891812785, 2.948924815783407"
"5.107140025945551, 3.009162698048648"
"5.111594127794193, 3.0527027402683657"
"5.111058143166812, 3.086485104799536"
"5.115498635917172, 3.128841841012214"
"5.1144228095131625, 3.179339707633705"
"5.114422809513162, 3.252923438481613"
"5.103431956054842, 3.327202449728482"
"5.092469496037683, 3.399546554502365"
"5.081535185688096, 3.4700031874706028"
"5.081535185688089, 3.536561127718233"
"5.060235277006812, 3.577739140797725"
"5.044423824723042, 3.623636438846603"
"5.028643635149567, 3.6687239252912995"
"5.012894187675815, 3.71302042705409"
"4.991800857448526, 3.751357251301208"
"4.991378402393388, 3.765129878599325"
"4.990956694112635, 3.7788061807562023"
"4.990535730619333, 3.7923871791777373"
"4.990115509933609, 3.8058738908641416"
"4.989696030082627, 3.819267328252973"
"4.989696030082627, 3.819267328252973"
"4.989696030082639, 3.8309780077943962"
"4.984767893273081, 3.836021120742757"
"4.990115509933602, 3.8526809252078706"
"4.990115509933602, 3.8526809252078706"
"5.000400775731958, 3.864250740225785"
"5.010692946213336, 3.864250740225785"
"5.02591843731355, 3.8707837072565034"
"5.0308420961252525, 3.8657934526071145"
"5.041146477025615, 3.8772944116646606"
"5.04606657021359, 3.8723161683899896"
"5.050984093480588, 3.8673325636472704"
"5.05051076484718, 3.8573492164958267"
"5.0500382716173675, 3.8473442654291574"
"5.054944811515634, 3.842333656445728"
"5.0809355571962485, 3.812368144204516"
"5.111375983672755, 3.7904337294991066"
"5.142389581578842, 3.7666692235879218"
"5.184454723105431, 3.740963950617278"
"5.205263226636014, 3.716720973376308"
"5.190552780477709, 3.695702338891227"
"5.16107139935086, 3.6654832115850517"
"5.136440349421703, 3.642014079271366"
"5.100811687654504, 3.6201609342910963"
"5.086488600524163, 3.5832106857455095"
"5.054801066238228, 3.533083933001631"
"5.033592810527604, 3.482119970797836"
"5.0124523782292325, 3.4303049990614056"
"4.9860158377226895, 3.371853062104865"
"4.9596924696158755, 3.326474985728492"
"4.966224754489687, 3.282431845104263"
"4.972799687585115, 3.237463217443132"
"4.989799703565675, 3.1915476844975537"
"5.006923172854407, 3.1597416602220214"
"5.0237146590878545, 3.114941667521645"
"5.05964944311941, 3.065331263685259"
"5.095581688626065, 3.0151075404233794"
"5.12101539809262, 2.964272339957219"
"5.151971339389696, 2.9031797932570953"
"5.177984023990648, 2.847739270281764"
"5.168632536393339, 2.8576624409992917"
"5.159255326904204, 2.8675940661354318"
"5.144856406504514, 2.8841099354996373"
"5.130410481000002, 2.9006243973128747"
"5.115917024753846, 2.917136950598362"
"5.016406230980223, 3.0010163921008655"
"4.917290784805993, 3.083122182291838"
"4.823534196876025, 3.157224711181552"
"4.724694435852897, 3.2385145411737994"
"4.631302088519582, 3.3093083821936915"
"4.48584290613752, 3.4115791470790313"
"4.333582491982885, 3.5169509704275654"
"4.189950214401176, 3.6214529392933983"
"4.043489266360022, 3.708242592418266"
"3.882714039578917, 3.8055184761179532"
"3.7878082403824234, 3.8659919127814355"
"3.698933081033619, 3.9192445493382166"
"3.6033062399391316, 3.9628501093508106"
"3.51346705615852, 4.011543676167008"
"3.4244066422291013, 4.060071941451689"
"3.4897334286248114, 4.039112097367688"
"3.553368242902282, 4.01831148279593"
"3.610414917904759, 4.003774765398191"
"3.6660664528289217, 3.989393262250619"
"3.72527792306332, 3.9690754234282366"
"4.1032478863967015, 3.9266092097001355"
"4.468266969947194, 3.87811086745711"
"4.824609041523421, 3.829663391886676"
"5.179277357013341, 3.7812630256635593"
"5.5419542282287155, 3.7280675101261167"
"6.03975696682583, 3.6247731550497555"
"6.589906378923404, 3.519305987577752"
"7.2152730968496686, 3.3983095756884794"
"7.923076343206922, 3.265478240667317"
"8.724075597225331, 3.138557667761166"
"8.84655974955444, 3.056411250919922"
"8.97107776106217, 2.9716554873143153"
"9.09197614808971, 2.89111009355522"
"9.214924119638956, 2.8081331249999977"
"9.334203405362766, 2.7083521218467936"
"9.368554540738671, 2.542745427640277"
"9.39146580375456, 2.3632880087778076"
"9.414393837179581, 2.177555720683472"
"9.454608019107631, 2.006813357822601"
"9.500587375235812, 1.782033271142076"
"9.519378213474896, 1.7315181115518783"
"9.532695386704711, 1.7097586516976975"
"9.564002913819726, 1.6658096761391192"
"9.577908736008903, 1.5989532804017301"
"9.580245526675927, 1.5920106149708033"
"9.564748366514015, 1.542377412999997"
"9.567392449276243, 1.4687111517412887"
"9.545361075284934, 1.4250178687017012"
"9.529036694869317, 1.3717195004102791"
"9.512383109992989, 1.3172621539880538"
"9.5155195708643, 1.316442976934482"
"9.531937634028997, 1.300091533652747"
"9.535493558052906, 1.298971306894913"
"9.546179429804887, 1.2910011759461781"
"9.564002913819722, 1.2733821127440308"
"9.501954600825092, 1.3194688222226745"
"9.421959099959558, 1.4109859987107143"
"9.362883423776013, 1.4774928155648652"
"9.245658475330915, 1.5792116800033398"
"9.124890130292187, 1.6776327440677434"
"9.08874591844156, 1.7189435262387605"
"9.03461779255196, 1.7385774220272623"
"8.945526428677187, 1.7432270379004535"
"8.867290496894482, 1.7691147481357916"
"8.742123106725206, 1.8379676283437547"
"8.6687840768689, 1.7969097568060235"
"8.615831177544242, 1.7740222542656525"
"8.531151836661493, 1.7659568062837891"
"8.423038037594221, 1.755563580246914"
