"8.224432081924723, 4.595301905169059"
"8.199160030859346, 4.490793687416714"
"8.164529943137435, 4.4422759222748915"
"8.167269369201923, 4.384969482414341"
"8.20744002685933, 4.35863192173572"
"8.267632321554084, 4.340013032904709"
"8.316532124617874, 4.324872679079123"
"8.366108050689698, 4.288846777645208"
"8.369688773401666, 4.280064188607401"
"8.500521567911605, 4.173933596591549"
"8.599022158888031, 4.09223409577449"
"8.666509467324557, 4.031609637554173"
"8.744590304213967, 3.964258947929725"
"8.798791377833801, 3.899091174880386"
"8.800159959299023, 3.8190273931996153"
"8.795021480820212, 3.732612146900113"
"8.801916926609243, 3.639492414243115"
"8.785531730708467, 3.5650599178728264"
"8.80350190972865, 3.4814575089789344"
"8.811142281711954, 3.416425718675548"
"8.818908051040511, 3.348826607527723"
"8.849850916363614, 3.292020857999706"
"8.886969720153845, 3.2301145081125497"
"8.906844092908862, 3.1829112043235774"
"8.89627174257555, 3.1993555940604956"
"8.898276183867342, 3.2376502954651265"
"8.861311611281907, 3.2411592177063433"
"8.822423625451687, 3.2448577644513676"
"8.80282608370092, 3.2633983537552282"
"8.793000599395608, 3.2753996995464476"
"8.769299542496384, 3.2651252343162795"
"8.779879921501388, 3.258228361511339"
"8.797228550495518, 3.2623645760230815"
"8.78086396260723, 3.244690076038598"
"8.8110020859547, 3.143162152919846"
"8.851383273410654, 3.0527352367656135"
"8.859573320560777, 2.976534200617266"
"8.861234960196667, 2.8925959616290626"
"8.885622578207425, 2.8225219733362437"
"8.879155369846227, 2.7972851738935702"
"8.872666801703485, 2.753482318978392"
"8.866156771555104, 2.7275605402841947"
"8.859625176553436, 2.7013698087063887"
"8.83007498937425, 2.6446192057984987"
"8.705189849824444, 2.6314037069112715"
"8.568047607398482, 2.629629411737291"
"8.440755057829191, 2.6159400612882635"
"8.318391862113495, 2.6139673790965148"
"8.205730254596897, 2.6198848122563305"
"7.787410766856085, 2.6961932537745525"
"7.391164104550245, 2.7701408006950956"
"7.007300349244086, 2.8529197665488866"
"6.647100968292288, 2.91120425892872"
"6.311602869822817, 2.97845225592814"
"5.967377430110057, 3.103969355795531"
"5.6415047997694225, 3.2348807696501574"
"5.332868426804303, 3.3514998837471524"
"5.0199162366956855, 3.466463943765156"
"4.7130497089604795, 3.5770372104612846"
"4.638086339647757, 3.6875176538091345"
"4.557780810340804, 3.783719414065679"
"4.477537445195712, 3.87820820112956"
"4.403072909148709, 3.9620963816103156"
"4.32272825617152, 4.060708145940129"
"4.305179581613105, 4.07667157304331"
"4.28778885459209, 4.0939687043215365"
"4.27012946748824, 4.109807182204008"
"4.2524039171248464, 4.1374176528040145"
"4.2405494582085135, 4.147879859947242"
"4.259321253664939, 4.066035096363436"
"4.277875154545831, 3.9824185539689374"
"4.296216032990288, 3.8969099287764024"
"4.3143485972280615, 3.8094020780119635"
"4.332277398424315, 3.719801683086189"
"4.364876873948922, 3.6062801905261033"
"4.392311482401813, 3.4795950244349143"
"4.425830256860451, 3.3514998837471204"
"4.477230511299042, 3.2085500336034123"
"4.523561160017767, 3.0459820997267926"
"4.570050588620616, 2.8344533540286534"
"4.616472683415688, 2.607143959481924"
"4.656949355147816, 2.3596645711215203"
"4.685732441232254, 2.1223185790038386"
"4.71444978277574, 1.8766550623851828"
"4.7561516250427385, 1.817984017558203"
"4.8037173273005, 1.8011342511692732"
"4.845942847283837, 1.7698757700868626"
"4.894668862563339, 1.7238839810938416"
"4.943916321676452, 1.677336158175919"
"4.958136443801921, 1.6007735725253625"
"4.972990139125443, 1.4931400907660688"
"4.993881748368783, 1.3989092850912002"
"5.002780188388204, 1.30347962312986"
"5.01768684794439, 1.2224560786982153"
"5.049963179116961, 1.1938073791621093"
"5.0824825165577465, 1.1893020138396366"
"5.121185851119256, 1.175956607998998"
"5.1482760169172295, 1.155850348605071"
"5.188252813588002, 1.1112556499023754"
"5.215119723772736, 1.0733303902771496"
"5.235385606376575, 1.0266409486023917"
"5.250554324644679, 0.981842422621483"
"5.2839084014270465, 0.9594275236718062"
"5.311441994332743, 0.9456493869518425"
"5.334021804068098, 0.9093718883291046"
"5.363840281312506, 0.8575240214453714"
"5.393022519321141, 0.8126929550764572"
"5.410222310334764, 0.7373967729132289"
"5.433760103938186, 0.6780127794328052"
"5.45135103429344, 0.6273111763387504"
"5.461832498920797, 0.5918580313623352"
"5.485981910632804, 0.5342640429280294"
"5.510380022654805, 0.4996153863304471"
"5.521279367842808, 0.46532977836227474"
"5.55994136552332, 0.45286751145893334"
"5.6130487533036675, 0.4190871754809109"
"5.64639204133597, 0.41400354811540296"
"5.686579754899018, 0.401603791273871"
"5.720823642829919, 0.37552802609901903"
"5.756509105474034, 0.36649769632727214"
"5.777651432672436, 0.37803909219394427"
"5.804965855238457, 0.38247258374320836"
"5.8383548314081075, 0.40034702939789213"
"5.87771709435933, 0.41106790846467334"
"5.865149261628527, 0.40466208577360874"
"5.868327085879142, 0.39189670525844633"
"5.871520137045297, 0.37919646981016797"
"5.860473169785002, 0.34659524327931024"
"5.843052112108916, 0.34095982934805136"
"5.844529461354535, 0.2990245769363611"
"5.837952857906865, 0.25170849748178625"
"5.82309030530061, 0.21776904372704564"
"5.824381982509886, 0.1793958267038107"
"5.832400234604883, 0.13755527068944673"
"5.7909236877228025, 0.1424911954426733"
"5.749887487142397, 0.1474564435691832"
"5.717369248343374, 0.14202888420632576"
"5.683692594023696, 0.1574694025689496"
"5.643813986350191, 0.16251446082338816"
"5.612203668310958, 0.15691651913181204"
"5.58084839089541, 0.16737808525526532"
"5.557496539154947, 0.18363731762906355"
"5.513589481139622, 0.1724596678253647"
"5.475325805737408, 0.19428561662959964"
"5.4538758679412895, 0.16212479732283214"
"5.4245216826322356, 0.12654878588897134"
"5.394880443890681, 0.09367487696516719"
"5.379256228307856, 0.06387999999992644"
"5.364490298284242, 0.0341295011237861"
"5.357802812082908, 0.04832803090324944"
"5.358833853148977, 0.044625207909945175"
"5.352134836888678, 0.048301595751652826"
"5.345432236180923, 0.06387999999996907"
"5.338726025887669, 0.06798241331722465"
"5.317441580437269, 0.08499582131314298"
"5.296546044667583, 0.11719842371994105"
"5.27602816041828, 0.1365538584508954"
"5.255877103716521, 0.15655146148456822"
"5.236082464408456, 0.17711334890378794"
"5.23131713831167, 0.1720307010678681"
"5.226526556723683, 0.16696955487134346"
"5.221710508698278, 0.16193108934098177"
"5.21686878077413, 0.1569165191317552"
"5.212001156934395, 0.1519270956009393"
"5.218530795723419, 0.14663902939265938"
"5.23242759973497, 0.14663902939265938"
"5.246341364425023, 0.14663902939265938"
"5.252867096436153, 0.14142070644767557"
"5.266798205517852, 0.12630867968934467"
"5.264132258754941, 0.1567336398412067"
"5.261485259071215, 0.18907235258292587"
"5.251533673184905, 0.21714466370870866"
"5.255381475807891, 0.24623816874213844"
"5.251938450084618, 0.28878077715168615"
"5.239640010565111, 0.3387115083022536"
"5.227532765026723, 0.36971098878143493"
"5.222674236913663, 0.4081999923543975"
"5.211657384811154, 0.45459890875085307"
"5.200783286166984, 0.5017655961823948"
"5.166138302581871, 0.5294151752043348"
"5.124940790406111, 0.5718203408786451"
"5.084141965472563, 0.6147262984492698"
"5.043729290735104, 0.6580557714363238"
"5.003690411135378, 0.701737052505905"
"4.9883542632541324, 0.7360843270234909"
"4.97319621063602, 0.7703802705555631"
"4.964227908120509, 0.8197595292694047"
"4.948922173314466, 0.8843012387714992"
"4.93382208749555, 0.9487491254796936"
"4.926565546225511, 1.0013409517976157"
"4.91934969990089, 1.0539798829569662"
"4.906271448070904, 1.0912940529299533"
"4.899553777556386, 1.1132629629614286"
"4.892859354690714, 1.1351981304956524"
"4.898344046984845, 1.205040854040078"
"4.903813361345476, 1.2748654189106503"
"4.9155425511777615, 1.3293541564730305"
"4.92097636158902, 1.398909285091186"
"4.9263950728075265, 1.4681820304314925"
"4.943451522274286, 1.5669918219928078"
"4.954631110513239, 1.650025786008051"
"4.959514385851925, 1.7468268782612668"
"4.976398402211736, 1.842307482507124"
"4.993214459992057, 1.9363401353553868"
"5.02770063540478, 2.131405460118728"
"5.067772933486423, 2.3325605171572263"
"5.107678862707795, 2.5250299197368378"
"5.141757267994636, 2.69676166758353"
"5.175723492142448, 2.860617305205153"
"5.147907645493465, 2.99115497546466"
"5.120482037963967, 3.1154996660171506"
"5.093436539090417, 3.233899025514493"
"5.072285780241753, 3.355771922770014"
"5.0574569350550185, 3.477603115408801"
"5.069529584289157, 3.6204632374948886"
"5.082198147896937, 3.7544718836497353"
"5.094352134600606, 3.884116842361877"
"5.095505007864661, 4.006250227916798"
"5.096662485155291, 4.123257120301265"
"5.0761341043750114, 4.2050426519101265"
"5.055322132516723, 4.284632949714677"
"5.035308240995823, 4.360047532593541"
"5.0209478915052514, 4.4280811460747955"
"4.995523330396001, 4.493868424590895"
"4.972623144902254, 4.563778842632548"
"4.949798770223931, 4.632204714666043"
"4.9270484332020095, 4.6993376411319385"
"4.904370359009853, 4.765362767967808"
"4.887140481266266, 4.826083804573544"
"4.882114743080523, 4.866687967153602"
"4.877076025224271, 4.907191313355604"
"4.866282366108616, 4.94324733714884"
"4.861213149694289, 4.983653193241553"
"4.856130729303295, 5.024070051653862"
"4.855802034113701, 5.0333668587564535"
"4.85547396778675, 5.042643001390854"
"4.86088002142512, 5.056309884964781"
"4.849420034432436, 5.065545616557147"
"4.849098883080341, 5.074762435495824"
"4.842755792428806, 5.079738295744329"
"4.8364444222975225, 5.08469050120252"
"4.824504626406912, 5.085234146891944"
"4.829265495664416, 5.090147789711308"
"4.823036631722117, 5.095038388658775"
"4.818273617267731, 5.116925904503116"
"4.813489210562766, 5.138921909998372"
"4.814345144920598, 5.165469659202511"
"4.80952742045848, 5.1877277929558545"
"4.8046878706999365, 5.2101159361100855"
"4.794134448462574, 5.2190532946144295"
"4.777856701983785, 5.223510770118731"
"4.766984640389389, 5.232554676645021"
"4.750645661755269, 5.237046261117502"
"4.73994989696352, 5.246103117882168"
"4.728181418681377, 5.227982309285998"
"4.722123876112937, 5.2144895218797505"
"4.705039925903909, 5.192032582973849"
"4.6936425442899425, 5.183176631404265"
"4.682130711904453, 5.165469659202505"
"4.676710780864, 5.151937696159887"
"4.671437004206685, 5.129274601578171"
"4.671587882129653, 5.1201349146762904"
"4.671587882129651, 5.102138754892055"
"4.666148889804558, 5.088553288945359"
"4.666587938023419, 5.060930146242308"
"4.666882028968645, 5.042419718781318"
"4.667325269531576, 5.014501313388118"
"4.66777105440559, 4.986386739805868"
"4.668219405574639, 4.958060921610954"
"4.66777105440559, 4.931515834739612"
"4.667325269531577, 4.905056646378988"
"4.661270882345469, 4.874281262544377"
"4.655257335837945, 4.843590221588579"
"4.654851281360523, 4.817337870162753"
"4.660705384362184, 4.7746454582524915"
"4.655529323584995, 4.740779226377441"
"4.667029494468405, 4.70150994345382"
"4.678598299630274, 4.661670114492342"
"4.684573756135048, 4.6166921562857794"
"4.690578694900585, 4.54127997123812"
"4.70231092168973, 4.458265834203797"
"4.708393142587629, 4.378227241586243"
"4.7145057438583216, 4.295517540946626"
"4.709536933345679, 4.197356285533516"
"4.703602017963217, 4.042246906564834"
"4.703231348419377, 3.872105389617161"
"4.697326566674648, 3.6964545176952335"
"4.696969279108042, 3.502709215537724"
"4.702127899029956, 3.3201460870084922"
"4.708582853175876, 3.188025490829432"
"4.720648987282874, 3.041948637867577"
"4.732813203651229, 2.8880700617986363"
"4.733893720006597, 2.7411347863622524"
"4.740605804790618, 2.5793332494073056"
"4.747378845565346, 2.450512972393618"
"4.7485469370096265, 2.3250621829476614"
"4.749489799239541, 2.2002259013192713"
"4.750440215638582, 2.0497248341592"
"4.7513982774807415, 1.894660071364065"
"4.757625548371957, 1.8524421735462084"
"4.763872932968645, 1.8099000303437691"
"4.7704014148664955, 1.7613109212768165"
"4.782737095780094, 1.7267239466567474"
"4.795128500347, 1.691893157022129"
"4.812749098113759, 1.6832214125457057"
"4.830364975426433, 1.6513102499927825"
"4.842218376103994, 1.6280293919891449"
"4.847976867292793, 1.6193587804003968"
"4.859833978677997, 1.5960408980451106"
"4.8739039362950125, 1.5127081339967532"
"4.894365760636061, 1.4368146812445701"
"4.915123937975301, 1.3357900949479955"
"4.936629894009241, 1.2268579018827523"
"4.952095380958326, 1.1320703159865815"
"4.965393759543353, 1.0944666342114289"
"4.972311584651935, 1.072270986203364"
"4.985215528356255, 1.0655129947110993"
"5.004118991772373, 1.0500483335230228"
"5.023610076940731, 1.027802900544458"
"5.024155476886948, 0.9968959989727892"
"5.0306792826650755, 0.9574521079976108"
"5.031233268044952, 0.9266972974434111"
"5.031788444525761, 0.8960199144717791"
"5.037774314351471, 0.8638462196308012"
"5.07546770741183, 0.8036706317258222"
"5.108008954830419, 0.7512733809331422"
"5.147602666109986, 0.6900665895083193"
"5.188245817834565, 0.6286055993223414"
"5.223658530363517, 0.5751271749678466"
"5.247271625561611, 0.5799091335534001"
"5.264448085377984, 0.5697607040861783"
"5.287770335780909, 0.5745159543492804"
"5.304711582768528, 0.5644948445854396"
"5.327751555410243, 0.5692233929603532"
"5.349167777287976, 0.5478108721805626"
"5.389355292033933, 0.5478108721805626"
"5.417263406247322, 0.5410341656629925"
"5.451542938275113, 0.548818095168599"
"5.473503765195523, 0.5275008911132346"
"5.49270556426094, 0.4938037254513432"
"5.499523979894208, 0.4536840205942241"
"5.505279848159908, 0.3994793477155554"
"5.518676946918761, 0.3537159895059858"
"5.5386991280843985, 0.3221286060303896"
"5.509389046796624, 0.32840163009096557"
"5.487796545771134, 0.32158911403993784"
"5.4662772847357814, 0.3346975245310375"
"5.437336019806434, 0.3410156399027784"
"5.402149156935718, 0.33413144606899436"
"5.393691631701941, 0.333567575113662"
"5.370518167257851, 0.3392841805873559"
"5.362177976849361, 0.338711508302282"
"5.353872560718595, 0.3381410556520166"
"5.365569633153037, 0.35070883161587574"
"5.365569633153038, 0.3307809039944658"
"5.372891037096034, 0.31787103470834666"
"5.365569633153035, 0.31121609406827133"
"5.358261633780655, 0.30461269750730935"
"5.337365019496576, 0.2980612534258711"
"5.345025902200144, 0.2689999575538309"
"5.3528319635983195, 0.24041468221606976"
"5.368295952163548, 0.2008900782267915"
"5.377520347843896, 0.1524496279977683"
"5.386948052711569, 0.12247972638471083"
"5.354239184202843, 0.14249119544270172"
"5.337048906343247, 0.15802873953910535"
"5.312490904830295, 0.16841333450769014"
"5.287269350879097, 0.20144722070531884"
"5.262365499646705, 0.2180830681909356"
"5.267077006199388, 0.22346879984881696"
"5.257985049296559, 0.2469878972261057"
"5.256247292647031, 0.2775776564606076"
"5.269109883337615, 0.2836325101852566"
"5.274648096310608, 0.28317742966902415"
"5.274648096310614, 0.28317742966903836"
"5.267351074916522, 0.276694989185188"
"5.266474761361875, 0.2638971355597022"
"5.258335140956563, 0.2634870217539884"
"5.257472180933421, 0.2694210206088883"
"5.265600498526587, 0.2698437247148462"
"5.272878857712337, 0.2762562375347386"
"5.273762439557351, 0.28924695830775704"
"5.26822944647028, 0.28971496589961987"
"5.269992392867858, 0.29679192373427554"
"5.260067126717241, 0.3086298011954227"
"5.264728279165375, 0.31430656034153515"
"5.262989942055312, 0.32674977245746106"
"5.281217388718131, 0.3324464064356363"
"5.284902938084771, 0.34441451012584423"
"5.284016377989753, 0.3709861705196147"
"5.2759344652269675, 0.3909156429555054"
"5.274189738480595, 0.4038595540803982"
"5.259017851362712, 0.43804388477380485"
"5.251044900267369, 0.45868608642742004"
"5.24853498068504, 0.47865051137081593"
"5.239804214717183, 0.4844495281516288"
"5.231128118594185, 0.49023521252615865"
"5.228709982073466, 0.5102691642978954"
"5.220124657894369, 0.516027903873379"
"5.2209166884892495, 0.5093459301184424"
"5.22790757905466, 0.5169642603327134"
"5.234910404990895, 0.524620252434957"
"5.235721422429467, 0.5179041397493336"
"5.241925226734001, 0.5323135731028543"
"5.234910404990894, 0.5246202524350281"
"5.234910404990895, 0.524620252434957"
"5.227907579054657, 0.5169642603327134"
"5.2209166884892495, 0.5093459301184424"
"5.221710508698283, 0.5026722642839729"
"5.241107416876892, 0.5169642603326707"
"5.253491300320375, 0.5236672351105653"
"5.272893816430342, 0.5380744484995148"
"5.292309388011098, 0.5525643919058325"
"5.3046678843283726, 0.559326958348791"
"5.310842356928858, 0.5515553690513428"
"5.317013673705679, 0.54381950503101"
"5.323181855300239, 0.5361196897415255"
"5.330263476410538, 0.54381950503101"
"5.336432203313187, 0.5361196897415255"
"5.329346922140099, 0.5505501011908933"
"5.322274118012892, 0.565060021947545"
"5.322274118012897, 0.5650600219475308"
"5.321368431817566, 0.5495485686394375"
"5.321368431817566, 0.5495485686394375"
"5.3195631847315905, 0.5630014454139172"
"5.324795108861245, 0.5842853799382084"
"5.315976997761051, 0.6124723493093427"
"5.307213633711617, 0.6408108656109164"
"5.305457653725869, 0.677350366404454"
"5.295910546734449, 0.7128414850411389"
"5.279563991634328, 0.7402130753276026"
"5.270211518385093, 0.7758012789537503"
"5.267742820729286, 0.8197595292694189"
"5.251736921522369, 0.8470654184680626"
"5.244618471250012, 1.0031595264399442"
"5.243491030286646, 1.1984650533856893"
"5.254749238658508, 1.3677720245113676"
"5.253544881013898, 1.5336685615834327"
"5.245922024864597, 1.7096177022485435"
"5.222288960033252, 2.098709786368005"
"5.193454210072203, 2.4282790086170394"
"5.153309439048978, 2.7519946262573285"
"5.1193667792126405, 3.0403682793295843"
"5.098124336048624, 3.2997313662412395"
"5.056921653950669, 3.538807608775027"
"5.015958641669053, 3.758226514884111"
"4.975225769534882, 3.9600757665236017"
"4.934713459192277, 4.146638450707798"
"4.894412086199278, 4.3202691858665805"
"4.875843661365422, 4.434813248187279"
"4.857451835084499, 4.5541503115941175"
"4.839233308337885, 4.659030672745734"
"4.82089124381301, 4.760965869224755"
"4.808402928327943, 4.864292538527348"
"4.803303351111714, 4.940790220155003"
"4.798190408624167, 5.007985078861619"
"4.7930640299409255, 5.084143772109403"
"4.788186443103096, 5.160369871811301"
"4.777603557794032, 5.232641001682717"
"4.772671242134042, 5.255309992260609"
"4.767716315507179, 5.278129999999989"
"4.762738604950727, 5.301108206626449"
"4.757737935525674, 5.324251883434856"
"4.75271413028592, 5.347568391289547"
"4.745637293910868, 5.3517558813808925"
"4.733001533107168, 5.360451162181301"
"4.720537210434436, 5.369041404953988"
"4.708240586382078, 5.3775287574745505"
"4.696108033716735, 5.385915300851437"
"4.69093254393458, 5.3996631816903236"
"4.691266862092836, 5.408987922625962"
"4.69160243226656, 5.418360473584666"
"4.697489906403581, 5.432437395938149"
"4.6978386231745946, 5.441927775052239"
"4.693470765821196, 5.456853682210966"
"4.694680085860497, 5.46741213673306"
"4.690066027873123, 5.4731284782580945"
"4.679719467976623, 5.483552210576723"
"4.675138650007375, 5.499195680737423"
"4.674197215798916, 5.497900492091175"
"4.66762217539451, 5.5012411341721315"
"4.666882028968644, 5.509582114453431"
"4.666148889804549, 5.508468490243523"
"4.665278232991278, 5.5071462491139"
"4.665278232991278, 5.5071462491139"
"4.665278232991278, 5.5071462491139"
"4.659726004593208, 5.50237844676517"
"4.654179614600477, 5.497619195869207"
"4.648767574065366, 5.493073489730742"
"4.638048529283177, 5.484176953083261"
"4.6272910194390375, 5.475260687431211"
"4.622053728122123, 5.471072111737713"
"4.616792029229907, 5.466866691797969"
"4.611411199817711, 5.4624668880410905"
"4.60592605200122, 5.439237333886365"
"4.60592605200122, 5.420645010284117"
"4.6004360581183645, 5.397535256661822"
"4.600436058118369, 5.379048475769405"
"4.600436058118369, 5.3606082793340795"
"4.611411199817715, 5.323813220043999"
"4.622367085408192, 5.287241010713883"
"4.633303968940518, 5.250867878749057"
"4.638765363342804, 5.210115936110093"
"4.644222100874935, 5.169502979046824"
"4.655529323585006, 5.124126961421455"
"4.650197707763077, 5.0741847893770675"
"4.655802345987501, 5.033366858756445"
"4.655939247032219, 4.987774805577644"
"4.6615552472209805, 4.946686291306589"
"4.655939247032219, 4.887459381285982"
"4.667029494468416, 4.8230283207250455"
"4.672652077244913, 4.753009308819783"
"4.683751647526042, 4.687003616226889"
"4.689387034586323, 4.614830484816963"
"4.695553804656855, 4.519072529821065"
"4.707262527953957, 4.425413234807056"
"4.719042489861361, 4.338848863094736"
"4.725370811585048, 4.231861800113823"
"4.731956343902709, 4.118328058754251"
"4.742819714915294, 4.00220124068597"
"4.7425963943539875, 3.8793362129798865"
"4.74237350590419, 3.7371234209801436"
"4.747667010246963, 3.6093579282406694"
"4.758448349054671, 3.4694402130454236"
"4.765165671681376, 3.313258954507841"
"4.771943205319561, 3.163587355105218"
"4.784346193229283, 3.0154895146271343"
"4.802715531789893, 2.848549169389159"
"4.809462313621892, 2.6953296729646112"
"4.815657273731255, 2.6413419507543807"
"4.821872148609427, 2.5668297879211437"
"4.816860059127251, 2.4864787809892945"
"4.8171622486337204, 2.4212982499652185"
"4.823719972354007, 2.3378025478306554"
"4.836290880425959, 2.2182575535026103"
"4.848944063718591, 2.095485028926383"
"4.8734093788256, 1.9696377776555423"
"4.880572181996701, 1.8267841933709903"
"4.881690225768695, 1.6951924262859421"
"4.877446797533867, 1.6339764667185364"
"4.873165579146873, 1.5719443961792479"
"4.856528270464406, 1.4916654237106926"
"4.845948864288732, 1.4193137390148465"
"4.8473264387220105, 1.3462664810861327"
"4.854585023364773, 1.2878427130995789"
"4.861898637705599, 1.2290505078124738"
"4.869267961370662, 1.1940082090053465"
"4.876693685614476, 1.1587652869747416"
"4.884176513570212, 1.0992000082703726"
"4.866690600593207, 1.046230549241713"
"4.849128053333558, 0.9932568209276127"
"4.837835807818866, 0.924999224171259"
"4.826477831300687, 0.8570160016905106"
"4.814731027856982, 0.7962967017752618"
"4.842738019562173, 0.7347261786009653"
"4.871326438280919, 0.6729953260112325"
"4.900517717323037, 0.6112900988892704"
"4.930334386379807, 0.5498291105200792"
"4.954483375694144, 0.4965159579947027"
"4.98130169461332, 0.46786025377902263"
"5.0087856107808015, 0.4330063759671816"
"5.036442896018121, 0.39877667503738223"
"5.057302046291715, 0.35824569010644325"
"5.078262682049756, 0.31892303718301207"
"5.161997271691156, 0.2288667221338443"
"5.248079778453796, 0.15210060165438222"
"5.329750571478709, 0.09389725805378646"
"5.430144964865009, 0.040884998511415915"
"5.526636574536299, 0.006341400880046422"
"5.532640570473635, 0.0177702795386665"
"5.538548457791713, 0.04092326817583114"
"5.559027115348281, 0.05595880797405073"
"5.564638570013761, 0.07205092736812446"
"5.578039100778829, 0.0935649117900681"
"5.597801118827159, 0.08922734039435909"
"5.6177921178357, 0.0720655506732868"
"5.631321150271994, 0.05988382215734589"
"5.643608337078097, 0.052086168430548696"
"5.6642075358075985, 0.0374088546260225"
"5.6506779670212754, 0.033936733300748756"
"5.64390886065367, 0.03736534183462936"
"5.630361924119212, 0.03388815567976167"
"5.631761721532724, 0.04084660190675038"
"5.62497554709128, 0.04446227018956961"
"5.57765387008115, 0.06797506451739821"
"5.523509601059921, 0.08936808926328865"
"5.4850042534727255, 0.12679071981696666"
"5.440837439808398, 0.15691651913179783"
"5.390120563712186, 0.18292272632972129"
"5.376178758112869, 0.1829227263297497"
"5.349335662151427, 0.1942856166296707"
"5.328009910126371, 0.20561575156868628"
"5.307683720008081, 0.19428561662959964"
"5.294753362264917, 0.18882179600288396"
"5.269740035361647, 0.18932388320031635"
"5.258507975075327, 0.1731093557607153"
"5.234131721941253, 0.15210060165441064"
"5.2087550287439335, 0.1524496279977825"
"5.183256740138056, 0.1528013656315892"
"5.168509964582083, 0.15802873953907692"
"5.1472379991889206, 0.16883309955558445"
"5.132601555967515, 0.1742091219009012"
"5.118015867375648, 0.17962899295177692"
"5.103480364780923, 0.18509172404533558"
"5.102091788817933, 0.19614189270885163"
"5.107236963315991, 0.20144722070530463"
"5.10584653783289, 0.21271048519965063"
"5.104462636880961, 0.20647880704163413"
"5.103085214377128, 0.21776904372704564"
"5.116740629667514, 0.21776904372704564"
"5.130410480999993, 0.21776904372701722"
"5.151315418046294, 0.20618999976289842"
"5.1650308286739435, 0.22379499128977898"
"5.186026600239514, 0.212105423241141"
"5.21604072796292, 0.1953401345798227"
"5.246341364425017, 0.17893221789617542"
"5.276935078726609, 0.1629071495776202"
"5.315359576769257, 0.13697974009183156"
"5.33902863979236, 0.13211398829308507"
"5.376121825687699, 0.11730080354662675"
"5.413481754064277, 0.10304310535464367"
"5.443340066029945, 0.09844026124351046"
"5.4733604562777565, 0.09389725805382909"
"5.511423827923853, 0.0806093558712746"
"5.528472661012446, 0.07210973618292371"
"5.545633410479638, 0.06387999999992644"
"5.554899261476048, 0.06387999999995486"
"5.572243512051857, 0.05591744020718181"
"5.589703350351904, 0.04824845564378677"
"5.589703350351904, 0.04824845564378677"
"5.58162239632459, 0.05590355482392795"
"5.589703350351893, 0.04824845564374414"
"5.589703350351904, 0.04824845564378677"
"5.589703350351904, 0.04824845564378677"
"5.586960664994935, 0.03049330999236588"
"5.585540764206568, 0.01202115282177374"
"5.567734496524786, 0.006499840288981318"
"5.55667744171354, -0.0009302383226952315"
"5.538664934490301, -0.0054503526723266305"
"5.499173264630329, 0.0012817252975168003"
"5.458800532671983, 0.003842004119348985"
"5.434774131049517, 0.003922621111499325"
"5.404073288889285, 0.006499840288881842"
"5.380349232314259, 0.0065787732036426405"
"5.361457238284056, 0.01783929667844575"
"5.350545442681872, 0.03388815567983272"
"5.338726025887674, 0.04459283853080365"
"5.320371425882888, 0.05987682433004693"
"5.308862210494738, 0.07208022638909029"
"5.3079028961098, 0.08936808926326023"
"5.299372951660152, 0.08932100024073009"
"5.2776556238278385, 0.09837551494031516"
"5.270128966089375, 0.09378565604239952"
"5.2485116046573435, 0.10296932313040941"
"5.223564628604342, 0.11699482369571967"
"5.2128276020860564, 0.14680125650886566"
"5.209533576648525, 0.1675835348289496"
"5.198184223591794, 0.20590231673190829"
"5.194204153356893, 0.23427590609304616"
"5.2070600079722364, 0.24005436609250808"
"5.20625502480653, 0.24586549422870974"
"5.211859678008327, 0.2638971355597022"
"5.218263713968012, 0.27625623753465334"
"5.2246640545032985, 0.28878077715168615"
"5.208637081065407, 0.30710871715334065"
"5.1998822342113495, 0.33244640643572154"
"5.184070586351828, 0.35130560310095404"
"5.168385478850077, 0.37034734854168505"
"5.152825044312042, 0.3895557553513669"
"5.141532307563825, 0.44226515406428746"
"5.130410480999997, 0.4960073149841122"
"5.119455582539262, 0.5505501011908933"
"5.114784761501449, 0.5978113710011144"
"5.110838386620468, 0.6612390635815615"
"5.102180225192143, 0.6965761938562309"
"5.0935922662047, 0.7320243848242711"
"5.085073595433273, 0.7675497684677737"
"5.0646305196517485, 0.7962967017752618"
"5.049734578936835, 0.823567750101077"
"4.969404638437114, 1.112601497424052"
"4.897141868727145, 1.416522197526362"
"4.821026690102207, 1.6972819276299234"
"4.752606747633313, 1.9798557800970116"
"4.680182235823588, 2.2331603540057756"
"4.650521418884481, 2.5128890707843183"
"4.615440039658704, 2.7630866839624417"
"4.586343902533698, 3.0070319541728168"
"4.557511498049947, 3.2329217749644528"
"4.523265909365334, 3.4480239237197274"
"4.534577486034354, 3.656343263676092"
"4.551520433526844, 3.8544712223014344"
"4.562739498254121, 4.032619994248428"
"4.573915795484015, 4.198564693712299"
"4.590639054168218, 4.3493093648138075"
"4.584698263498367, 4.4731437716055495"
"4.573204027818265, 4.58675830189271"
"4.567392501116039, 4.700374384950596"
"4.561630774140795, 4.8102736778653234"
"4.555918179372646, 4.9173285218033165"
"4.556085041601143, 4.970477743897577"
"4.556253174068572, 5.023828520100105"
"4.556422591335674, 5.077470497452891"
"4.556593308186588, 5.131494562704649"
"4.556765339633154, 5.185992753333664"
"4.562106827615221, 5.20933646599896"
"4.572970389744442, 5.227886930723751"
"4.572623253619386, 5.246315235723298"
"4.572280042590199, 5.264561465056842"
"4.5773680382348765, 5.2781299999999955"
"4.571940690452769, 5.291639367759934"
"4.561025240233286, 5.309680404695577"
"4.561071295598713, 5.327803240170498"
"4.561117437423057, 5.345998257383763"
"4.555711366032635, 5.368869584420062"
"4.56676552911046, 5.378187961005548"
"4.583392729445498, 5.383014010202086"
"4.605570317840134, 5.39241707610694"
"4.627837886694187, 5.40186840688351"
"4.644598978695106, 5.406673854385859"
"4.661129105030365, 5.401986692633888"
"4.677492023765503, 5.397193443139874"
"4.682937336278423, 5.392526037741518"
"4.688378201369914, 5.387866132672336"
"4.704856991935198, 5.383213670049149"
"4.710473436743653, 5.378664203138319"
"4.710661804576561, 5.37875999648805"
"4.72172494893516, 5.369560795396644"
"4.721924222872308, 5.3604511621812865"
"4.7223239097422045, 5.351404800737166"
"4.727769971580603, 5.328417874238635"
"4.733211765014023, 5.30551373960222"
"4.7332117650140155, 5.287249658734988"
"4.744082659238663, 5.269026748057058"
"4.749286339590586, 5.255417884423218"
"4.754476165580896, 5.241862882743631"
"4.759652212201596, 5.228360228878372"
"4.764814553761481, 5.2149084200770695"
"4.764575713729415, 5.205968057857332"
"4.764337325089685, 5.197049191309893"
"4.764814553761481, 5.196896771615372"
"4.765293593148341, 5.196743777472631"
"4.765774453590758, 5.196590205626188"
"4.771679961118877, 5.19195124398574"
"4.777603557794023, 5.187300192401447"
"4.783286636884432, 5.182727324163941"
"4.788976347239671, 5.178151093291975"
"4.794672725948762, 5.173571446280915"
"4.806085637240974, 5.173472318864985"
"4.811802244458569, 5.168884812870702"
"4.811515987445969, 5.159923571499942"
"4.811230277562496, 5.150982144099586"
"4.805245377045236, 5.14664311752516"
"4.799278946308054, 5.1332937883760295"
"4.7933308711686, 5.128994009261051"
"4.793866078972177, 5.110663356709216"
"4.788976347239678, 5.087655673508738"
"4.795213064612116, 5.0645361200966885"
"4.790302958496308, 5.041296891317806"
"4.791105052147361, 5.01324039611206"
"4.796846566959303, 4.944456544318616"
"4.808065130426509, 4.880010423230271"
"4.80806513042652, 4.815046534479105"
"4.8138214963408075, 4.753857001179826"
"4.819288922677864, 4.692455748260729"
"4.814112187647163, 4.609485884484236"
"4.802874696669881, 4.520572714267219"
"4.7919117898345105, 4.4283371257635284"
"4.79218174139526, 4.3330174355293956"
"4.781452145321945, 4.221908003524529"
"4.781973745558513, 4.034584534634185"
"4.794086104185884, 3.82991559802333"
"4.811813057343684, 3.585966035873529"
"4.812105300903383, 3.3285641827681296"
"4.823787582129359, 3.063403963533851"
"4.842334050566712, 2.8265306269067523"
"4.85547396778675, 2.57933324940732"
"4.862789089517528, 2.3482639313310685"
"4.88216979938188, 2.077548620786409"
"4.895730752825857, 1.8065619908716073"
"4.921218860344673, 1.7555635802469283"
"4.940852606756026, 1.6951924262859634"
"4.966880321211774, 1.6193587804003968"
"4.986966617272435, 1.5571740134421148"
"5.0198626205321215, 1.4880258477949155"
"5.0151150484071785, 1.4368146812445275"
"5.016681465945002, 1.3940442314588708"
"5.018257718724251, 1.3509858007507063"
"5.019843900107832, 1.3076574132645646"
"5.02090691689822, 1.2465423437552374"
"5.047698894226258, 1.1961457720654494"
"5.074765603972579, 1.1454402742379273"
"5.102113434838943, 1.0944666342114147"
"5.129748932027491, 1.043270261610715"
"5.14503486955866, 0.9919015991009132"
"5.1516992131898895, 0.9764312231054504"
"5.152388311202193, 0.9455342203486481"
"5.153078906844998, 0.9147067247476741"
"5.153771005037435, 0.8839626567415024"
"5.167178660619224, 0.8770999030490856"
"5.174615962083299, 0.8548929538920191"
"5.182081613400269, 0.832708497439782"
"5.189575815774058, 0.8105527480080923"
"5.197098772182597, 0.7884321665091392"
"5.198595840058488, 0.7511975793289736"
"5.198540275441379, 0.6811167190453062"
"5.204650687395216, 0.6261482017588378"
"5.210871809199937, 0.5713285133400632"
"5.223479363350016, 0.5313928329573656"
"5.229987253994399, 0.47715617039864355"
"5.261577817768461, 0.48301920123044795"
"5.293082169493545, 0.4888686838206553"
"5.324503202571088, 0.4947043581621102"
"5.349581889204536, 0.48620710273317513"
"5.380859770999141, 0.492012701955133"
"5.41300443087226, 0.45868608642744846"
"5.445613861398245, 0.4256532092255867"
"5.472337653093019, 0.3793559424926656"
"5.505874845513238, 0.3473553375642524"
"5.533468680295904, 0.30295359342656525"
"5.555267094350593, 0.29018481027472376"
"5.570680337883368, 0.26513712469422046"
"5.599094606998731, 0.26513712469419204"
"5.614650122462839, 0.24077640733435146"
"5.636753443360918, 0.22886672213383008"
"5.661694058906121, 0.20590231673189408"
"5.693376805763816, 0.1948108248272007"
"5.72532094967034, 0.1673780852552369"
"5.757531074606251, 0.15691651913179783"
"5.796600389012768, 0.14142070644776084"
"5.814552731137374, 0.1314553109866523"
"5.840888813930496, 0.1266695230997925"
"5.845828623773271, 0.12691237863857907"
"5.870832257709368, 0.12703450218243972"
"5.882616020832129, 0.12225323802341848"
"5.902432070091409, 0.13683723556205507"
"5.922020386835896, 0.15175425588880387"
"5.947952491991694, 0.16154589978809497"
"5.968835870468962, 0.1716050174943149"
"6.004349891379722, 0.18174993686139373"
"6.015345358036596, 0.15056272244869717"
"6.011448325574526, 0.12103781799039837"
"6.016009990349038, 0.09792895706478077"
"6.012060643807314, 0.07200736912466255"
"5.99944048629886, 0.05601330135101534"
"6.002105904626469, 0.0521265456229969"
"6.011626585484938, 0.04459283853073259"
"6.021271982374978, 0.037321687157600536"
"6.031044580252026, 0.030332313229607166"
"6.040946930504455, 0.02364508926133624"
"6.004518494531919, 0.040769425362753964"
"5.968809418788734, 0.05984858624536571"
"5.927032150320107, 0.07212457083139157"
"5.886046573224212, 0.08491830629569108"
"5.845828623773271, 0.09818271504207132"
"5.839093826205432, 0.07625915821205353"
"5.832285263153878, 0.055972501932060936"
"5.832169069468788, 0.04462520790985991"
"5.823587612223177, 0.03059980103653004"
"5.823423622481904, 0.020884832432813027"
"5.79963840071615, 0.02718243169282175"
"5.775947753235864, 0.03383942233476489"
"5.75235066056333, 0.04084660190675038"
"5.737185513148551, 0.05198400297906858"
"5.713731061433188, 0.059834317303867124"
"5.670968029531101, 0.06798978853663584"
"5.635485346372052, 0.07213945903124852"
"5.600474987977155, 0.07632649200370167"
"5.565925567254386, 0.08054847383868946"
"5.546299966425364, 0.08480309225612359"
"5.546299966425364, 0.08480309225619465"
"5.539684340294812, 0.08922734039433067"
"5.526444093553231, 0.0983110093595343"
"5.513191732636136, 0.10770455438694171"
"5.4920977038216074, 0.11251615359786626"
"5.469862859115789, 0.12225323802346111"
"5.4477052432260145, 0.13224724312129865"
"5.439962261002599, 0.12715709308564271"
"5.432234432237976, 0.12214064076074749"
"5.417915556449062, 0.12214064076074749"
"5.415734979708057, 0.11709643116066104"
"5.405913317331373, 0.1218054075477113"
"5.388556189272629, 0.13655385845092383"
"5.378901325591228, 0.1571001033375552"
"5.376843744791378, 0.16758353482897803"
"5.362800115656093, 0.18411834737695187"
"5.356285825425477, 0.1898298888130654"
"5.349768158120321, 0.19560634221051032"
"5.328257401813554, 0.2070598201025291"
"5.306815224121733, 0.21871482107437146"
"5.309554691300138, 0.23567619971983333"
"5.3058215978932495, 0.2591822588098296"
"5.308539491248151, 0.276694989185188"
"5.318544809504306, 0.28182281089027583"
"5.321175681195685, 0.29950904124353883"
"5.325649736731525, 0.34441451012584423"
"5.33010071033867, 0.37034734854168505"
"5.328226231658357, 0.403859554080384"
"5.3263604158711715, 0.43804388477383327"
"5.330777655064674, 0.48709091570239593"
"5.328915029201191, 0.5005259749252957"
"5.333304372372672, 0.5284683636455014"
"5.337671409875297, 0.5566384316338997"
"5.34201631752885, 0.5850104614103913"
"5.340146467055373, 0.598709535974919"
"5.324091650712619, 0.6192842934747063"
"5.309055903792566, 0.6101613859676434"
"5.294106476793692, 0.6011096664564093"
"5.285372694585648, 0.6068001453887604"
"5.2697400353616555, 0.6271996415248822"
"5.255869635100275, 0.6340043003582849"
"5.2412424057157, 0.6705138679768368"
"5.22669676481212, 0.7072996846611375"
"5.2061673222224325, 0.7292180350756468"
"5.192537624139789, 0.7360843270234909"
"5.190313828082166, 0.7801050038821415"
"5.188104638454444, 0.8243034754667207"
"5.185909910843316, 0.8686264224270559"
"5.1830058577964655, 0.8960199144718075"
"5.186800831968638, 0.9318139042235742"
"5.19358446792971, 1.0338226243138848"
"5.193681695606466, 1.1265447568521694"
"5.194491405180433, 1.2355583721084287"
"5.201767845428273, 1.3519624769094918"
"5.19678068197228, 1.4666962155227097"
"5.198958190395233, 1.6748796678085327"
"5.20111213016744, 1.8776179968993247"
"5.208873016716511, 2.065295927989787"
"5.20465068739521, 2.2458385580544515"
"5.206040680162312, 2.4311986409407425"
"5.181761878755765, 2.691398180233655"
"5.1513892966151635, 2.9463196150723405"
"5.115037094034383, 3.1767099562083594"
"5.085024197306545, 3.397156761964993"
"5.061233729491789, 3.593179589185887"
"5.034948977044014, 3.7716776166788506"
"5.02094242784109, 3.9352491268914918"
"5.007083465901031, 4.087550049895924"
"4.993369477581569, 4.230014745791529"
"4.973950536460794, 4.35927915385057"
"4.9527484300359665, 4.428966536529318"
"4.931451712855187, 4.497472846042832"
"4.91551345263116, 4.560366163678218"
"4.894041796661723, 4.626993042958619"
"4.872470373316454, 4.692879308693174"
"4.848831724686968, 4.723293346058247"
"4.8253550278330515, 4.753341544341994"
"4.796573007131796, 4.787484861312663"
"4.773419690266726, 4.816842867884043"
"4.750418026454977, 4.845897792905525"
"4.755167798137768, 4.870283112568435"
"4.7598869237839345, 4.894431305517243"
"4.764575713729413, 4.918353874614699"
"4.769234473905204, 4.942061838609272"
"4.779464259157433, 4.960940343415411"
"4.774603054799334, 4.9826276466722526"
"4.769719874905939, 5.004386494349598"
"4.764814553761481, 5.026223244315542"
"4.759886923783937, 5.048144349687117"
"4.7549368154963245, 5.079176182609068"
"4.749511815799313, 5.08359393321359"
"4.738649318237454, 5.083409957908001"
"4.72212387611295, 5.09687174434438"
"4.711039615525841, 5.105907669862518"
"4.694332923729604, 5.110505048889134"
"4.682937336278434, 5.1198367971276575"
"4.677022391087206, 5.133702730342474"
"4.671286411325732, 5.129414501402572"
"4.665567357043378, 5.1341093653664345"
"4.659865125453621, 5.138791449035155"
"4.665567357043376, 5.152056129870838"
"4.676866438711962, 5.160812810737324"
"4.693642544289943, 5.174162286110913"
"4.705039925903909, 5.182997417706905"
"4.716484074589875, 5.191869751069466"
"4.727769971580606, 5.191788103787354"
"4.727769971580606, 5.191788103787354"
"4.7334223976010055, 5.1962813156766785"
"4.7334223976010055, 5.1962813156766785"
"4.7334223976010055, 5.1962813156766785"
"4.733001533107166, 5.196436052795899"
"4.73821908662177, 5.201071962238878"
"4.737790486681325, 5.201217175327291"
"4.742984824668854, 5.205832249827734"
"4.748165356111184, 5.210435524618858"
"4.748836670331579, 5.201217175327299"
"4.75516779813777, 5.1873860360366315"
"4.761542459664179, 5.17347231886498"
"4.7679611423974535, 5.159473871346607"
"4.774424341420988, 5.145388461738417"
"4.791105052147361, 5.131774276114195"
"4.802036928222455, 5.122806246994136"
"4.818404754365167, 5.118481195266975"
"4.829296953566803, 5.1095488649164995"
"4.840173646342273, 5.100634171477097"
"4.851035036148321, 5.0826705517174915"
"4.867638999215983, 5.060105299338632"
"4.87305791837298, 5.037551393954979"
"4.883884730575783, 5.019659389337168"
"4.894697000795373, 5.0017876317825145"
"4.900840926943488, 4.951398544646093"
"4.907004428534627, 4.900654345038966"
"4.913187628629752, 4.849474149892243"
"4.919390651283722, 4.797773551443324"
"4.931451712855186, 4.7404838677556675"
"4.9381199102432625, 4.657977508074154"
"4.938945675019404, 4.578676063822396"
"4.945663740900434, 4.4918095483121565"
"4.952416910573152, 4.40210287930954"
"4.953276633575575, 4.315073137656471"
"4.959642729747081, 4.174649161762524"
"4.9660298169668335, 4.025850376757035"
"4.972438030102261, 3.867394053361199"
"4.978867505125043, 3.698008935790803"
"4.98531837912118, 3.516473191295532"
"5.008386251402354, 3.411209031421741"
"5.037011802545504, 3.3112496654637162"
"5.05409385911318, 3.1915187860966476"
"5.071180018102913, 3.084241434467181"
"5.082198147896939, 2.9663755899034925"
"5.0943521346006175, 2.8917835273762122"
"5.10102450377606, 2.8044483633167587"
"5.119366779212648, 2.7336563530435214"
"5.148847056678882, 2.646182550905209"
"5.1735562109373925, 2.5603195751257815"
"5.186639888658519, 2.4924354514599187"
"5.2053449811078965, 2.4153583124312306"
"5.224135295503531, 2.3368319154248454"
"5.226288739402916, 2.2602239118558387"
"5.245228182589539, 2.1788159318221716"
"5.288975372297194, 2.069236298873051"
"5.315436639418905, 1.9878268523537344"
"5.3421226643133854, 1.9050311870885182"
"5.381236793725698, 1.7982281251150027"
"5.415062871835217, 1.6982185630908404"
"5.411248649611185, 1.6721146737293537"
"5.432133420561, 1.6226083436335728"
"5.446465634611904, 1.5873735704141936"
"5.460877087961582, 1.551923892113912"
"5.47536863015646, 1.5162669887942783"
"5.480463574522956, 1.4381229670825562"
"5.460354187549421, 1.3351888176148776"
"5.453744670796326, 1.224697067473727"
"5.4401851892866375, 1.1285642902577848"
"5.426489465889002, 1.031951882426057"
"5.418589801455816, 0.9982196975951041"
"5.423527583678595, 0.9882707879357184"
"5.421525496001333, 0.9695924463297274"
"5.412491517811692, 0.9421548472886769"
"5.410420559715963, 0.9232053350182099"
"5.451643528867404, 0.9421548472886769"
"5.486650068562744, 0.9455342203486481"
"5.527465347217627, 0.9642675965699681"
"5.575186751158193, 0.9914464029588288"
"5.609676296746288, 0.9945966974393627"
"5.6420493982791555, 0.9369075171111803"
"5.680890387417505, 0.8943766990505964"
"5.714235272737663, 0.8364920837688175"
"5.748065843111473, 0.778665353308611"
"5.788512252559199, 0.7360843270235193"
"5.788512252559199, 0.7360843270235193"
"5.79608697986669, 0.7210159909623854"
"5.803676581209384, 0.705994897440533"
"5.803676581209387, 0.6829282518433786"
"5.803676581209387, 0.6600263345818291"
"5.81128111520289, 0.6452476269919742"
"5.805149159740095, 0.6305285455296001"
"5.805149159740095, 0.6305285455296001"
"5.812763973259474, 0.6384644201614265"
"5.814250278638881, 0.6316829127747781"
"5.785288307190039, 0.6384644201615117"
"5.762605919876662, 0.6600263345817723"
"5.733949726782782, 0.6668252503640986"
"5.70544915128454, 0.6736246899724705"
"5.6757929319884415, 0.7102216234481205"
"5.668414222475996, 0.7021085423985625"
"5.654978998968888, 0.7021085423985198"
"5.647632625962144, 0.6940234709133222"
"5.63298148532412, 0.7008223485742633"
"5.63298148532412, 0.6779384611906778"
"5.612419727457748, 0.6440683580750033"
"5.597801118827157, 0.6023757914447998"
"5.576919576199835, 0.5686995689875971"
"5.563228134013896, 0.5208295043730686"
"5.541998168018159, 0.48759403931441625"
"5.550293468279317, 0.46282811690487335"
"5.558725441804866, 0.4380438847738475"
"5.567297527328801, 0.4132682725207104"
"5.576013280534754, 0.38853107581743984"
"5.584876379079349, 0.3638652336748862"
"5.5926582587816736, 0.35493534617971534"
"5.600359174116415, 0.3461721377021263"
"5.607980404516754, 0.3375728103057156"
"5.615523201859762, 0.3291346149310783"
"5.622988791231362, 0.32085485057301355"
"5.642672450034107, 0.2501829979102439"
"5.663077656344435, 0.1833981986795976"
"5.68424523013751, 0.12202847153162111"
"5.706219144138402, 0.06798241331719623"
"5.729046834319203, 0.023645089261293606"
"5.701632695172698, 0.04080807773445372"
"5.683018091366902, 0.05206587577019661"
"5.656672052945531, 0.07208022638906186"
"5.63089186378432, 0.09361979319918134"
"5.6056587282166355, 0.11649248784711119"
"5.59125831920334, 0.11649248784711119"
"5.569064466273411, 0.12618930559975183"
"5.561263848873013, 0.13613282681731675"
"5.546949703474601, 0.13613282681731675"
"5.526127512349075, 0.1412701108417167"
"5.5297887277275315, 0.12642850560540353"
"5.533476851704428, 0.11205582559124139"
"5.52275755644763, 0.09818271504202869"
"5.518595441006831, 0.09373016420458669"
"5.52104645424842, 0.08487976125624641"
"5.518595441006841, 0.10762154842878147"
"5.523983379605534, 0.12202847153163532"
"5.53719218485157, 0.12691237863853644"
"5.550389055185425, 0.1318490066066147"
"5.5635741320411665, 0.13683723556204086"
"5.578039100778817, 0.12180540754773972"
"5.584629302406963, 0.11689359916809394"
"5.5912166363142095, 0.11205582559119875"
"5.597801118827159, 0.10729261927424716"
"5.604382766067859, 0.10260451421849837"
"5.612295478069866, 0.10729261927426137"
"5.620224334257694, 0.11205582559119875"
"5.620224334257697, 0.11205582559124139"
"5.628169408155891, 0.11689359916809394"
"5.628169408155891, 0.11689359916809394"
"5.62546037167192, 0.12654878588901397"
"5.606979568306557, 0.14142070644777505"
"5.596494437463258, 0.16212479732288898"
"5.593890627876506, 0.17267539404446097"
"5.591299477667337, 0.2003372708343676"
"5.588720893870454, 0.21150507277175734"
"5.593915132820303, 0.2288667221338585"
"5.5926260702150685, 0.25286830914036784"
"5.5900572754227085, 0.26472217791953767"
"5.58750084562469, 0.27669498918515956"
"5.583689188868849, 0.31430656034153515"
"5.5875646063944036, 0.3398590849273546"
"5.591419903644644, 0.34558398497773624"
"5.58126565968943, 0.37162746837231"
"5.585114357092937, 0.39807671480896545"
"5.573805045909005, 0.4103554130000191"
"5.562597267927137, 0.422644433334213"
"5.550293468279316, 0.4628281169048307"
"5.545536777080141, 0.48935149786889554"
"5.527251192032017, 0.5160279038734217"
"5.511423827923858, 0.5515553690513428"
"5.48841267069168, 0.5796464215044352"
"5.4800539700667255, 0.6011096664563951"
"5.4645093219060445, 0.6375183403604865"
"5.456241671389981, 0.6592736856141528"
"5.374090631713798, 0.7829996573129279"
"5.301088044149532, 0.9163947408883644"
"5.21653441782968, 1.0568165628624229"
"5.134989317339551, 1.165410758124068"
"5.061299411047398, 1.2878427130995789"
"5.008286086051518, 1.4343370568171352"
"4.956312387693081, 1.5779899175680328"
"4.911449601892597, 1.7038096951209312"
"4.867009429614288, 1.8546342813255379"
"4.817768431942916, 1.9869209652511657"
"4.777098714881265, 2.216488772911113"
"4.736530653424035, 2.4372111362135627"
"4.696054472196389, 2.648192186783305"
"4.661341872139108, 2.85997475523056"
"4.626722336244406, 3.0599832855255897"
"4.632406874923311, 3.2223028308535966"
"4.632288263565993, 3.369899872718893"
"4.637962190662897, 3.5164151401977755"
"4.632169885577644, 3.641270837934176"
"4.626383810088697, 3.760447152256205"
"4.637099944379587, 3.8643521970685875"
"4.6532867799336675, 3.9700478063470754"
"4.66357654721589, 4.065074929503641"
"4.668219405574641, 4.1605489429346605"
"4.678280714217926, 4.257528840222097"
"4.68904947664399, 4.376352710858519"
"4.700137650150911, 4.498460847360414"
"4.705590817007417, 4.6116575092266245"
"4.727564835222675, 4.726454170858972"
"4.744303480809427, 4.833127475217186"
"4.750418026454974, 4.882685668713057"
"4.75632933857229, 4.923367934487276"
"4.762498458325262, 4.963702622319669"
"4.757502041308907, 5.013240396112069"
"4.757974284011166, 5.049301006828124"
"4.751331185934265, 5.07301955877144"
"4.744746388197529, 5.096528176791143"
"4.7436422743329665, 5.124417402829302"
"4.742548596209405, 5.143081703496394"
"4.73588173185904, 5.175036119701501"
"4.735881731859044, 5.210815087094566"
"4.73588173185904, 5.246672402184077"
"4.74683409153232, 5.282631170009091"
"4.757790418107319, 5.309680404695571"
"4.77435607418735, 5.341368134881024"
"4.781234523182545, 5.36451318522094"
"4.788186443103089, 5.387970767679934"
"4.7783644427523395, 5.416336226866321"
"4.768452207050673, 5.44509647921739"
"4.76418922162932, 5.4696258846275105"
"4.746986527154579, 5.455174515776784"
"4.729843031348561, 5.450207200421099"
"4.723938004363415, 5.4358706954928"
"4.718248488396755, 5.421746077313794"
"4.706702090673346, 5.412138657216996"
"4.722725122528009, 5.388496952711583"
"4.733211765014011, 5.36052964582501"
"4.738219086621769, 5.337421661929366"
"4.748612474846275, 5.319021032826243"
"4.753560092348419, 5.2962398716048575"
"4.770941440313318, 5.273592477026165"
"4.788449242640008, 5.250842067838563"
"4.806085637240974, 5.227982309285997"
"4.823852805107372, 5.205006539495397"
"4.847211205887679, 5.177388057473425"
"4.85299361325784, 5.127144002595228"
"4.869693595110765, 5.077087462463069"
"4.886391430467183, 5.027052857844842"
"4.9030877144582625, 4.976969036405535"
"4.908907736177586, 4.935604948818005"
"4.918999026653443, 4.872335641701916"
"4.923629952758592, 4.804047679116543"
"4.9282400994028706, 4.735304878314924"
"4.932829618028302, 4.665921069632905"
"4.948130978878639, 4.59638832051232"
"4.937398658460765, 4.586045686338883"
"4.9212746102877425, 4.580158874036879"
"4.899357401057341, 4.56972981772088"
"4.888932254791258, 4.55852632274944"
"4.86729886523923, 4.537386359245598"
"4.851359897945172, 4.560168238900594"
"4.846567366217259, 4.57310639764383"
"4.8472112058876835, 4.591306260318113"
"4.830824907922208, 4.614696098214637"
"4.820178218548942, 4.642537453940786"
"4.802036928222454, 4.659829517003455"
"4.778364442752338, 4.681958468865295"
"4.755167798137766, 4.7032046798717815"
"4.743203559114092, 4.714830006251875"
"4.725736024142494, 4.731258880040643"
"4.71009777126547, 4.74286406464274"
"4.705406837445906, 4.74519633574368"
"4.683915441886173, 4.752496641028831"
"4.656627680536153, 4.76479038762724"
"4.6459994353143355, 4.772190607664065"
"4.651658061557426, 4.7103913103671555"
"4.646257247472633, 4.647063653759131"
"4.663284451412425, 4.582543792927829"
"4.6803669382810185, 4.516665981459969"
"4.686241818085873, 4.449258372638132"
"4.687088003257024, 4.263217766914092"
"4.693363569225067, 4.081490202236431"
"4.688459133189992, 3.8699683064201054"
"4.689152785175164, 3.645522395529799"
"4.690027559159389, 3.380329815603389"
"4.701724279294807, 3.115499666017147"
"4.707776335606848, 2.8155973609305818"
"4.7313013069172, 2.497098058680564"
"4.743334998928677, 2.153993728073054"
"4.749253379012032, 1.809254553571968"
"4.767816415260595, 1.7498705568750736"
"4.786835656222868, 1.6607517732563295"
"4.799736819815241, 1.61396360664601"
"4.818829198100944, 1.5284838457265408"
"4.844242768371995, 1.4505941585522137"
"4.875763142043869, 1.363023246604854"
"4.907625309964116, 1.3223753089024797"
"4.933980984168099, 1.2421279490414605"
"4.954299719234338, 1.1765608106310594"
"4.981233130180913, 1.1192861873374795"
"5.014962750297574, 1.046230549241713"
"5.048588002018734, 0.9556996872108101"
"5.082614143498659, 0.8654341038745343"
"5.123726267162388, 0.7840779078235869"
"5.158658181567013, 0.6952975428122983"
"5.204650687395212, 0.6271996415248964"
"5.2518341671215625, 0.5593269583487483"
"5.300264992633229, 0.49201270195516145"
"5.350002946917133, 0.4256532092256293"
"5.401111458818484, 0.3607188939988788"
"5.416054986024349, 0.3858123059816876"
"5.424521682632233, 0.3973794521082823"
"5.432901672970511, 0.4089157130726164"
"5.441196320212379, 0.4204179042852161"
"5.455621138744645, 0.4456575738286688"
"5.519642092556593, 0.36273691063748004"
"5.58750084562469, 0.27669498918515956"
"5.658324274445386, 0.19587359292340523"
"5.739026336528659, 0.1176102886063859"
"5.816589359344409, 0.044429352650567466"
"5.808350129017537, 0.052025080529773504"
"5.805343600853573, 0.07212457083141999"
"5.794099780096607, 0.10304310535464367"
"5.776425065673666, 0.12679071981693824"
"5.7671569730834165, 0.15710010333754099"
"5.750961376496534, 0.1623192530647941"
"5.757531074606251, 0.15691651913179783"
"5.749453355561306, 0.1515820787498967"
"5.749453355561306, 0.16758353482900645"
"5.7413924765531466, 0.16212479732284635"
"5.76562570611441, 0.16231925306470885"
"5.759050694068694, 0.16778977998559697"
"5.7752802863679165, 0.16251446082338816"
"5.7915783077871765, 0.15728439646962045"
"5.799753162308308, 0.16271042488736498"
"5.779154539055224, 0.1833981986795834"
"5.773445841683732, 0.22185679310103978"
"5.761440402977611, 0.24980530226071096"
"5.7418637908633485, 0.2719611217818425"
"5.730397418467254, 0.30071780548641414"
"5.753091928790782, 0.28377044403795537"
"5.769769699256771, 0.2548423310537089"
"5.791628102104777, 0.2622662019050068"
"5.81535752191686, 0.2454942685500896"
"5.845999040936368, 0.24077640733432304"
"5.833065443315213, 0.27069409323385685"
"5.820253685801025, 0.3014658277327271"
"5.80267099154112, 0.29438699155501524"
"5.790102867246275, 0.3256592224739876"
"5.771261762822663, 0.34441451012585844"
"5.769345199383594, 0.33244640643559364"
"5.767413935968905, 0.3205164418984481"
"5.763965588868934, 0.31482869424276316"
"5.754022008217698, 0.2963071645029487"
"5.752013367217515, 0.284548042985719"
"5.738698264854568, 0.3205164418984765"
"5.725670682465834, 0.35702341419468553"
"5.720633226782933, 0.4010441622953351"
"5.7156924597057035, 0.44565757382865456"
"5.703289732064416, 0.4832577358507706"
"5.734425800806097, 0.4448715718827714"
"5.766192398831855, 0.40677673458752395"
"5.798610107926629, 0.36907707767872466"
"5.831700380850208, 0.3318890842911344"
"5.865485585037663, 0.29534332649635076"
"5.833172374621499, 0.3272982419823194"
"5.815553633272595, 0.3398590849273546"
"5.790102867246275, 0.3658648075266768"
"5.758475259705551, 0.39947934771549853"
"5.727104285663918, 0.43378231263572786"
"5.716458921090385, 0.4396137528590174"
"5.699547843945002, 0.45286751145894755"
"5.682744299996032, 0.4661700454433486"
"5.680013523824127, 0.4578624083512608"
"5.677295659954454, 0.4711343032358286"
"5.72063322678293, 0.4430529245304484"
"5.750182576758045, 0.4154002059271562"
"5.794066613102339, 0.38820629135717866"
"5.811319290014696, 0.3754357384400606"
"5.847783370716343, 0.3421025311724577"
"5.86854106630514, 0.33700676002113994"
"5.889537223134846, 0.33188908429109176"
"5.912465866941133, 0.3205164418984481"
"5.946991549502874, 0.30195981006410477"
"5.968835870468958, 0.29679192373427554"
"5.962301178444173, 0.28408937790523225"
"5.970619203160745, 0.2906565018569438"
"5.970619203160751, 0.2906565018569296"
"5.977159467223705, 0.3034534164470273"
"5.970619203160755, 0.2906565018569722"
"5.98189847992503, 0.3029535934265084"
"5.984826231986922, 0.30862980119545114"
"5.9877384837816034, 0.3143065603414641"
"5.994230866210318, 0.28831641215933246"
"6.005393598613169, 0.3004836273949252"
"5.9924308894322476, 0.31378646135132726"
"5.9877384837816034, 0.3143065603414641"
"5.979459356928938, 0.3076137671543506"
"5.95647577736429, 0.34043623383224997"
"5.964714251537325, 0.3272982419823194"
"5.974132157981543, 0.32620343659191064"
"5.968844193474051, 0.3449981133427116"
"5.958912542397261, 0.3646063798796746"
"5.955441039521263, 0.3570234141946145"
"5.922995565142711, 0.3697109887814207"
"5.890819678636013, 0.38247258374316573"
"5.858909163960671, 0.37479114132817415"
"5.833589466969411, 0.38049939370216634"
"5.822628683601774, 0.3862013911824249"
"5.803940638914671, 0.40536428983615735"
"5.776214354808898, 0.4239232990468622"
"5.748848007284075, 0.4636236667519853"
"5.7232199652109985, 0.4972828878211999"
"5.69035937412524, 0.5455794024125993"
"5.671450813088921, 0.5723016916325747"
"5.635716285877382, 0.6158717103831464"
"5.6063303300955205, 0.6520322435938652"
"5.577164831941193, 0.688485963947798"
"5.548216086687299, 0.7251942449163522"
"5.513438399674373, 0.7703802705556058"
"5.490954182342302, 0.7992307223430544"
"5.47464710166964, 0.8197595292694189"
"5.452485896526104, 0.8486200705929292"
"5.436458715522386, 0.8690771212907009"
"5.414611259864067, 0.8979066023925952"
"5.399029063738067, 1.0453800436864071"
"5.3905372474638185, 1.2007654525236973"
"5.381292786256382, 1.36065970528972"
"5.366527132196053, 1.525902812167267"
"5.35772360639576, 1.6782773838654421"
"5.321880089793841, 1.996219351549037"
"5.274668402887082, 2.2973927535296284"
"5.234528241666544, 2.5674387091347484"
"5.189475870961485, 2.826530626906738"
"5.14507166002114, 3.066579191926209"
"5.105953261408923, 3.32973211116418"
"5.066761344632074, 3.5726532969570144"
"5.027489459712645, 3.7967965904757612"
"4.993690904883593, 3.998680422465796"
"4.965405895767506, 4.192872712085293"
"4.951643809738781, 4.310501660978947"
"4.938026525812939, 4.422280734206625"
"4.930453634706601, 4.523610190620001"
"4.92294960562149, 4.621125227761569"
"4.904220904870225, 4.715432011268794"
"4.9038424434171946, 4.782076256947478"
"4.903464713989369, 4.847812122228948"
"4.897275073341886, 4.91758433115252"
"4.89110517538392, 4.986665422108965"
"4.890741278583948, 5.050607456209097"
"4.8853129923691405, 5.08229873154213"
"4.879881048317779, 5.114012797775564"
"4.874445422317326, 5.145767369218335"
"4.869006090066905, 5.1775799071801805"
"4.863563027076104, 5.209467616502933"
"4.844650635911964, 5.241690931758854"
"4.825986572212979, 5.273596758833929"
"4.807565131485209, 5.305205054666507"
"4.783794191605563, 5.341013268733904"
"4.765887259492535, 5.3720565356580225"
"4.762211930318641, 5.4044976441716726"
"4.758485297467814, 5.437554024528538"
"4.754706271727816, 5.471257256084323"
"4.756562980999059, 5.501024763415571"
"4.758448349054662, 5.531413186162465"
"4.752946177985725, 5.536328949101741"
"4.758448349054673, 5.540995796530636"
"4.758448349054673, 5.540995796530636"
"4.758448349054673, 5.540995796530636"
"4.7527141302859155, 5.545662318585158"
"4.746085311804627, 5.5301776883121"
"4.728594439121676, 5.515099873053219"
"4.716678627448835, 5.504761275399555"
"4.710285425978377, 5.48973958147058"
"4.703947500688099, 5.474884183161397"
"4.715132498253713, 5.447254185614532"
"4.715324485001915, 5.419695352104569"
"4.721129392154865, 5.39685358288121"
"4.726951761533967, 5.374021962748913"
"4.732791700736911, 5.351195755523779"
"4.738649318237453, 5.319215343375836"
"4.7558633918851125, 5.2964121746944555"
"4.772920247581979, 5.264419473126705"
"4.7845851930390255, 5.236968024347648"
"4.796299973095934, 5.209467616502919"
"4.801758745277881, 5.168468774505284"
"4.80693073517566, 5.118632965758938"
"4.801203979915886, 5.0778520703989045"
"4.800927394426067, 5.032668381204644"
"4.80636679696273, 4.991907142145559"
"4.800651338358603, 4.932841391248546"
"4.7949426368927215, 4.873505292445415"
"4.794403330297693, 4.80056116783779"
"4.783028411062786, 4.726454170858963"
"4.771679961118877, 4.660862559116"
"4.778110329839968, 4.596122555099534"
"4.784585193039034, 4.5297891179322995"
"4.785633036341066, 4.4663294664212"
"4.797946094735914, 4.411460695661113"
"4.804564862647904, 4.339643856950367"
"4.799611421794355, 4.211018860477331"
"4.794634979570829, 4.063296250222436"
"4.784080527839432, 3.9112923325278217"
"4.773468651617039, 3.748713890606197"
"4.762798713653944, 3.5743012213431875"
"4.773724637323091, 3.399715085956611"
"4.784612378692034, 3.23098063210222"
"4.806849264384985, 3.053246423143925"
"4.817347215664659, 2.8699036552965893"
"4.833612714521421, 2.66675328801481"
"4.846257246075454, 2.5933445732606017"
"4.859007863698115, 2.5180955487861283"
"4.871866182378459, 2.440992187774498"
"4.890796369414831, 2.3494508476650466"
"4.9039091774795125, 2.2683424217961417"
"4.9452428365785055, 2.187020452975034"
"4.980715737551361, 2.117675313912933"
"5.0163385385526595, 2.047438555619344"
"5.052117365184252, 1.9763470273891102"
"5.094260102806095, 1.8905672462679277"
"5.083590355591929, 1.8796361030204594"
"5.085325760178097, 1.8631318396333967"
"5.092735392709196, 1.792586575296916"
"5.1058602723655735, 1.7584218024804912"
"5.112753467274322, 1.7154112752130146"
"5.138000484774643, 1.6344675105453774"
"5.139283770945948, 1.5760668173125865"
"5.134857545767122, 1.5726905055788691"
"5.136139994152109, 1.51369790768441"
"5.143817319317056, 1.4630105871683625"
"5.132326816693005, 1.4804111686130668"
"5.132968256550143, 1.4505941585521782"
"5.133611034033769, 1.4206924155008025"
"5.122716784408034, 1.4081393563627813"
"5.1053845148524015, 1.4105743652920353"
"5.141977470086012, 1.3868019656324364"
"5.190935536419294, 1.3868019656324364"
"5.2393362266008605, 1.3931185927280936"
"5.287845315689552, 1.3994218393119056"
"5.330709024147032, 1.390712106931332"
"5.338203789353638, 1.369365469685846"
"5.339072099103619, 1.33924168898848"
"5.340814266420672, 1.3026414929125565"
"5.349250052271131, 1.2746068356306637"
"5.3635573731348645, 1.2616523267024178"
"5.369921280594358, 1.1918774844470619"
"5.383223622711295, 1.1059060767643558"
"5.396753716121086, 1.019140345099629"
"5.403534127659624, 0.9232565152080525"
"5.410420559715969, 0.8273594328967988"
"5.432610114007691, 0.7982629787004356"
"5.447843924100763, 0.7844547108379629"
"5.463167284422429, 0.7706317232071882"
"5.47858121548011, 0.7567957413947966"
"5.494086749746909, 0.7429485570987282"
"5.519686756342531, 0.6798567103059696"
"5.552584787981829, 0.6260494234555551"
"5.579443171907846, 0.5810994635603066"
"5.599025644157942, 0.52939145483451"
"5.62600736467822, 0.4863600560016579"
"5.661638785283937, 0.4182166715947062"
"5.676906217731594, 0.343833162746364"
"5.707175338820067, 0.25286830914039626"
"5.746846580676443, 0.1742091219009012"
"5.779949780325181, 0.09883387015035794"
"5.745720966222292, 0.1275276966233463"
"5.735096769720557, 0.14745644356914056"
"5.708570965108645, 0.1900843750453305"
"5.6826082532663085, 0.21745624455196833"
"5.665004032751481, 0.2517084974818147"
"5.65447112139881, 0.2758191942887578"
"5.642672450034096, 0.30660563039774047"
"5.638679248454503, 0.32511711827824286"
"5.63471458732788, 0.3639808139158589"
"5.623143190341385, 0.3966848721183851"
"5.609196228547852, 0.3966848721183993"
"5.5826130221005785, 0.39023438902792407"
"5.556048146823045, 0.38380074137474196"
"5.535837987291629, 0.3909156429555338"
"5.515649189238987, 0.3980767148090081"
"5.506996655407287, 0.39737945210823966"
"5.504693491504339, 0.41035541299993383"
"5.502401111038795, 0.42339230277728745"
"5.487548427239473, 0.4299323060483715"
"5.479030103752273, 0.4291711270800249"
"5.464280436749587, 0.45704186844355377"
"5.449585822817752, 0.4636588313224195"
"5.434945756061792, 0.47028709738212626"
"5.426602170228157, 0.46944310406162515"
"5.405827251323073, 0.483575730585045"
"5.406845468654781, 0.45541013542444375"
"5.400601139693609, 0.4628281169048165"
"5.408888964262704, 0.4636588313224621"
"5.40991425902463, 0.45704186844363903"
"5.416176555774317, 0.4711343032359139"
"5.408888964262706, 0.48532664622928223"
"5.408888964262704, 0.48532664622932487"
"5.394353824959009, 0.492012701955133"
"5.38710615159167, 0.5063332951278028"
"5.380859770999141, 0.492012701955133"
"5.400601139693609, 0.5063332951278312"
"5.413086830565516, 0.5130598184456829"
"5.432841691667735, 0.5275008911132488"
"5.4453120580370715, 0.5342640429280578"
"5.465081769565412, 0.548818095168599"
"5.485981910632805, 0.5342640429280436"
"5.514339054103201, 0.5275008911132915"
"5.5354104916058695, 0.5130598184457256"
"5.564020338589135, 0.5063332951278028"
"5.577767771708821, 0.484449528151643"
"5.5852681994750775, 0.49201270195514724"
"5.592783106024915, 0.4996153863304045"
"5.592783106024915, 0.4996153863304045"
"5.592783106024912, 0.4996153863304045"
"5.600312554819846, 0.5072572347125544"
"5.599055364427876, 0.49201270195514724"
"5.597801118827157, 0.4987082444204418"
"5.6040637210602595, 0.5130598184457398"
"5.610323770011522, 0.527500891113263"
"5.616581279235002, 0.5420281706956871"
"5.60779583424158, 0.5634535123300992"
"5.591573699289876, 0.5770994807223389"
"5.590336905080978, 0.5839296484614778"
"5.581662880853818, 0.582852858980317"
"5.573025460719645, 0.6044446964288426"
"5.569407708960293, 0.6249895140202284"
"5.553494326935402, 0.6617229034743985"
"5.530378253383516, 0.6905493713358197"
"5.526943944525655, 0.7112423833999486"
"5.504100880185292, 0.7401880692878535"
"5.4124915178116915, 0.9180885821228486"
"5.3426881933012975, 1.0635748493509567"
"5.262623526100299, 1.2071887886368842"
"5.17937243413604, 1.3804719798099825"
"5.110734896761967, 1.5024710126616085"
"5.0791912648329, 1.6690089579564713"
"5.04733368519242, 1.860996106240293"
"5.021955973404739, 2.0340250550568015"
"4.996773219835168, 2.2019443338624427"
"4.971781411422164, 2.3642941428952824"
"4.98870654044277, 2.5444027031385232"
"5.006095085384803, 2.693909976248925"
"5.022973192518942, 2.8602298780499567"
"5.034208067723657, 3.008468136178969"
"5.0510350388693785, 3.160299281703846"
"5.064513111529245, 3.5798599444397183"
"5.077807056811576, 3.938776813455327"
"5.0909208643578765, 4.249451853534634"
"5.109878340962713, 4.529030908397113"
"5.122612252435726, 4.779579173063441"
"5.100414459424391, 4.844225223372586"
"5.084178979010843, 4.903619649770068"
"5.061955386508698, 4.967527291713141"
"5.039724745912822, 5.022124775845299"
"5.0174858716084945, 5.085834613055079"
"4.992440874351514, 5.123101697123488"
"4.962278795219581, 5.15545040884777"
"4.937804394713847, 5.192113768469786"
"4.907863930128252, 5.224023531452531"
"4.883957976438383, 5.2601522420040485"
"4.869296633917424, 5.282652356533224"
"4.848458415246927, 5.309949105706796"
"4.8277836049087615, 5.3284178742386406"
"4.812664314064624, 5.361003709962744"
"4.7919117898345105, 5.380120544586021"
"4.77964233217388, 5.398340512886701"
"4.7674719571051885, 5.416469068470123"
"4.755399220908291, 5.434509163777519"
"4.737790486681308, 5.44773928314205"
"4.7313339660203475, 5.470151701489104"
"4.7255347379548605, 5.47450911775962"
"4.730715103051584, 5.488126117930939"
"4.736092219202429, 5.501950594304142"
"4.7468340915323175, 5.5203395346200725"
"4.746613673337271, 5.529424402148935"
"4.769234473905207, 5.539506222429271"
"4.7809801929274816, 5.540260135994461"
"4.798190408624167, 5.545603479762412"
"4.810092878004858, 5.546379519748169"
"4.821773777318678, 5.546899396479275"
"4.816651623677616, 5.5236215995560976"
"4.816942414962817, 5.514411769468717"
"4.811515987445967, 5.500378169250618"
"4.806085637240974, 5.4863664436847275"
"4.806366796962719, 5.477165085055007"
"4.79982633150457, 5.471814832201236"
"4.79900603502668, 5.452630601464999"
"4.792797695228871, 5.43831477642799"
"4.792001715779897, 5.419426344463166"
"4.791210243336696, 5.400697870565366"
"4.791210243336696, 5.400697870565364"
"4.780472973241825, 5.409979897119356"
"4.780726343401883, 5.410104953631264"
"4.769963263894401, 5.419426344463166"
"4.759184121449087, 5.428778555166611"
"4.7540172611702625, 5.442865663241736"
"4.754246495809007, 5.4522969365187866"
"4.748836670331573, 5.466324388329"
"4.749061291507944, 5.475828159917953"
"4.749286339590582, 5.485365464976482"
"4.743642274332963, 5.489943014125596"
"4.738004583273536, 5.49451991623815"
"4.726951761533973, 5.503888938054544"
"4.721327534651307, 5.50846849024353"
"4.715709549927455, 5.513047520142288"
"4.715709549927455, 5.531847354847959"
"4.715709549927455, 5.550713984147652"
"4.715516835215113, 5.55990053923016"
"4.715516835215113, 5.57885279921563"
"4.715516835215113, 5.597877506363998"
"4.721327534651312, 5.603118696294623"
"4.727155731309458, 5.608380482230508"
"4.738649318237454, 5.618633257377926"
"4.744524723393476, 5.623951883101063"
"4.755863391885105, 5.624291014982619"
"4.750190825450198, 5.600064885905354"
"4.7388650488416255, 5.580610433078395"
"4.7332117650140155, 5.556653051056326"
"4.727564835222678, 5.532829717937045"
"4.7164840745898635, 5.513955256770501"
"4.716678627448835, 5.476589904076801"
"4.716678627448835, 5.439237333886371"
"4.716678627448835, 5.402105204983272"
"4.716873551095213, 5.365255694873431"
"4.717068846591067, 5.328513786189919"
"4.711229060692181, 5.2781299999999955"
"4.711229060692181, 5.2235107701187244"
"4.705590817007417, 5.1736703859221125"
"4.6997802567751075, 5.124126961421455"
"4.693987079036461, 5.0747624354958365"
"4.694854163321729, 5.001261884083952"
"4.695729552653578, 4.926763108836262"
"4.6966133670269095, 4.85099949536313"
"4.691960355302176, 4.768693289957955"
"4.692834806254366, 4.689351938408253"
"4.698406762557712, 4.506446612076406"
"4.7039741279185066, 4.312977879693484"
"4.709536933345679, 4.105318382965088"
"4.726406172482646, 3.8925454278722356"
"4.731956343902704, 3.646838501835429"
"4.755291527581898, 3.4364373239486135"
"4.7732131668266415, 3.214671712308668"
"4.796852043529378, 2.9671315003106002"
"4.814761406411418, 2.691688064370588"
"4.838691366574071, 2.402945697227821"
"4.85088657843117, 2.3322058000672357"
"4.874721993060546, 2.2391692347895926"
"4.887058196408894, 2.165659300672239"
"4.899451167906864, 2.0909644943209003"
"4.917945404353157, 2.0014928045969"
"4.9244099599948825, 1.9381684725943273"
"4.924823449222972, 1.888101053907235"
"4.931316902811552, 1.8235717942347662"
"4.937832213298769, 1.7584103995959879"
"4.938261080730981, 1.7070087611380558"
"4.957510734608958, 1.6521493354182581"
"4.976918502402068, 1.5966861351686532"
"4.99648720904754, 1.5406447167947945"
"5.016219738095604, 1.4840544133651647"
"5.036119032955878, 1.4269486801351832"
"5.045723881903669, 1.326469057688655"
"5.055463929622759, 1.2246970674737554"
"5.065342152488645, 1.1219196106156772"
"5.0753616165956466, 1.0184863139291878"
"5.0855254811859485, 0.9148199170440421"
"5.1157487363626135, 0.8601749079951588"
"5.1526115750829335, 0.7967842761700581"
"5.190182660817112, 0.7332853247974214"
"5.228487706776935, 0.6698526895829531"
"5.267553593115887, 0.6066887426958658"
"5.274804604622058, 0.6548378853254349"
"5.275847037318572, 0.7112423833999912"
"5.276875050059388, 0.7677744742104409"
"5.277888940082736, 0.8243034754667349"
"5.278888996510838, 0.8807146550862655"
"5.299372951660157, 0.8585927143859635"
"5.313086836166862, 0.8517456049734733"
"5.3406555809840075, 0.838034920996364"
"5.3734932950774, 0.7992307223430544"
"5.413481754064281, 0.7689625179375241"
"5.441763748513907, 0.7223499181426121"
"5.485113073657139, 0.6455554305965308"
"5.514839046153758, 0.5760357718895222"
"5.538948197269258, 0.5149379016454105"
"5.557265478368592, 0.46201252372077306"
"5.560934814763087, 0.42058195980247604"
"5.549415521191886, 0.3864880389519385"
"5.54545992268991, 0.3600969781792003"
"5.542697767709534, 0.34795041050607267"
"5.5386991280843985, 0.3221286060303896"
"5.528223335271072, 0.28408937790523225"
"5.525369137107368, 0.2536491146715747"
"5.5147846515094034, 0.21808306819102086"
"5.504139173883131, 0.18411834737696608"
"5.493432105211496, 0.15192709560102458"
"5.520314921693567, 0.15244962799772566"
"5.547558541288445, 0.1529782609070196"
"5.58183072636624, 0.1481218498822301"
"5.609861051941637, 0.14862775334485434"
"5.636880412970413, 0.13843545500746757"
"5.65526213240063, 0.14812184988231536"
"5.673339611155074, 0.15784156998616083"
"5.684566652690586, 0.1731093557607153"
"5.702115348567905, 0.1829227263297497"
"5.728726235277257, 0.2100244612491906"
"5.734575898792636, 0.20504594956047129"
"5.7390008118779265, 0.18857220794546947"
"5.751490067104405, 0.17801575086302535"
"5.76409823369846, 0.16758353482899224"
"5.768692048892843, 0.1519270956009393"
"5.749453355561306, 0.16758353482900645"
"5.73186705733219, 0.19507496408581915"
"5.706425089107718, 0.21776904372701722"
"5.6812016551665865, 0.24113954946599847"
"5.656193291284064, 0.26513712469419204"
"5.653462907985511, 0.2771354589125963"
"5.657190187983449, 0.30195981006421846"
"5.654471121398801, 0.3143065603414641"
"5.650417022744092, 0.33300589932096614"
"5.6541202003332565, 0.3588603896400002"
"5.663223494998245, 0.3594774812113002"
"5.658177091537418, 0.3600969781792287"
"5.66732227432415, 0.3607188939988788"
"5.663632043016094, 0.3549353461797722"
"5.658554657440083, 0.3555486118480218"
"5.635174876562143, 0.35493534617971534"
"5.613238541521049, 0.3479504105060869"
"5.590105326294541, 0.34735533756429504"
"5.581163280140169, 0.34676258427917617"
"5.565868117205563, 0.3330058993209235"
"5.553075856135605, 0.32674977245743264"
"5.546675579231178, 0.3137864613513699"
"5.540272516850273, 0.3205164418984765"
"5.527457970813845, 0.3143065603414641"
"5.521046454248431, 0.3210517299378495"
"5.527457970813845, 0.33413144606907963"
"5.533866652830142, 0.34735533756429504"
"5.533866652830142, 0.34735533756429504"
"5.540272516850273, 0.3607188939988788"
"5.540272516850273, 0.3607188939988788"
"5.526264426505122, 0.3404362338321931"
"5.51867694691876, 0.3335675751137046"
"5.504709017151951, 0.31378646135132726"
"5.489616087348443, 0.3199832381820613"
"5.48209133235251, 0.31326838587597194"
"5.496002314358299, 0.3330058993209235"
"5.511104146575731, 0.34676258427917617"
"5.525073723952496, 0.3671330533538679"
"5.547894140293449, 0.36777089241087424"
"5.563182179632941, 0.38202055591040107"
"5.591380260415747, 0.38202055591040107"
"5.6106347619990515, 0.381350502506848"
"5.637600203881145, 0.3878474091666959"
"5.656821545489134, 0.3871664017968044"
"5.683799268712123, 0.3936671522525046"
"5.682414035324394, 0.40018474787213165"
"5.682414035324394, 0.40018474787213165"
"5.688805822274503, 0.39297527152257317"
"5.695195100356862, 0.3858123059816876"
"5.693798403537275, 0.37162746837229577"
"5.693798403537275, 0.37162746837229577"
"5.688805822274507, 0.37227125585467036"
"5.690198468603773, 0.3864880389519385"
"5.683799268712123, 0.3936671522525046"
"5.66458646824268, 0.3943617266555748"
"5.645350594241812, 0.3950590097331599"
"5.624772929365582, 0.3813505025068764"
"5.597801118827159, 0.37487158065599147"
"5.572101357947885, 0.36197003650315196"
"5.565669563648392, 0.36905407233336973"
"5.550340018113926, 0.3755280260990901"
"5.541483693533078, 0.39575901659466695"
"5.5186769469187595, 0.39505900973311725"
"5.509933753425948, 0.41548268183757386"
"5.5012281083316426, 0.43612819098831324"
"5.481671987167074, 0.46956347850574787"
"5.462372484452635, 0.5032786071807323"
"5.450660465961922, 0.5450327617713242"
"5.431793298179487, 0.5792388653926253"
"5.406971063698915, 0.5987095359749475"
"5.39876487262611, 0.6204343559178511"
"5.384413737031436, 0.6273111763388215"
"5.376284995615357, 0.6491597704477812"
"5.368189241033913, 0.6711012708751412"
"5.360126235242461, 0.6931268705989737"
"5.353533998659099, 0.7415658307350412"
"5.360083735465899, 0.7898938828946456"
"5.366540215082903, 0.8144188635678091"
"5.3660079638408735, 0.853878914164298"
"5.3664046656910624, 0.8862446704002593"
"5.349132996827029, 0.9672608327261543"
"5.3186227682975105, 1.0549693943212617"
"5.289394834121724, 1.159559375741111"
"5.260543444769034, 1.2398699215794977"
"5.231310142795746, 1.3259236214611434"
"5.17821295791236, 1.5519238921139973"
"5.132308509453123, 1.781363366703978"
"5.074592005913921, 1.9865364511245147"
"5.024000414878268, 2.1919840275460345"
"4.974178068049945, 2.3883307934490787"
"4.956459885517958, 2.5222419191928154"
"4.932752560362609, 2.663915916572549"
"4.915123937975303, 2.789464271278952"
"4.903520216607296, 2.9182430508854935"
"4.897529810934717, 3.0529169937584584"
"4.861404576989881, 3.1843966707037374"
"4.837087104513029, 3.3096626436468917"
"4.812985466366047, 3.4441556943594165"
"4.777743535313945, 3.571607641572765"
"4.737283630721377, 3.6845811701041136"
"4.731318053959223, 3.788544444930629"
"4.719842632291739, 3.8810245837917634"
"4.708393142587622, 3.970113321213347"
"4.702494297211121, 4.050806372048012"
"4.696613367026913, 4.128813259201127"
"4.662703624117438, 4.232659456912302"
"4.640223765264002, 4.3312400287260004"
"4.612172497596585, 4.421605736925358"
"4.578617409794185, 4.514475118650989"
"4.556337721183442, 4.603797443816882"
"4.545198830582267, 4.681369552413615"
"4.522985252759727, 4.7579435630035345"
"4.50638013473623, 4.8375216121409395"
"4.506385378852098, 4.902096927124383"
"4.484337726056334, 4.975441813260801"
"4.489842083677681, 5.006961858137924"
"4.489821164971595, 5.0428658592348405"
"4.495320018782946, 5.074184789377076"
"4.484232929586749, 5.119237166647558"
"4.484206605876601, 5.155334120504321"
"4.4842329295867485, 5.164509396059448"
"4.484285427212137, 5.164724201406137"
"4.478838348076647, 5.169502979046846"
"4.478900813164129, 5.169707481188491"
"4.489966768560665, 5.170012793294441"
"4.489987412520094, 5.1790887727204575"
"4.500948994087449, 5.18806698356072"
"4.506432132100442, 5.201577823689188"
"4.517387778117458, 5.210562520331441"
"4.528343172435181, 5.219552143006308"
"4.544884781887209, 5.223870717041525"
"4.550508121704111, 5.228219178570511"
"4.5617252610522945, 5.2280298628723445"
"4.572970389744436, 5.237007179949267"
"4.567657989967226, 5.241412392406268"
"4.561963057071892, 5.236928794099785"
"4.56733970652321, 5.241621693902776"
"4.567129529161865, 5.241759907465588"
"4.556001452608463, 5.241828622509158"
"4.56134945199051, 5.246465036166434"
"4.550326308239774, 5.255524761125168"
"4.539324306660177, 5.255546015870717"
"4.533831148244486, 5.260067747721966"
"4.533789982043997, 5.260101640566613"
"4.522839800584332, 5.2601185393338685"
"4.533789982043991, 5.269112189634109"
"4.533810545799094, 5.2781299999999955"
"4.539324306660177, 5.291702983418038"
"4.550362533771045, 5.300804518139305"
"4.550435190187207, 5.319059747741863"
"4.555918179372647, 5.323597003097961"
"4.561442871630674, 5.337309262989261"
"4.561442871630674, 5.337309262989261"
"4.555918179372647, 5.341847569139026"
"4.561396117718457, 5.3372532232142404"
"4.561442871630674, 5.346448826951956"
"4.5669729392518335, 5.351057053691784"
"4.567025037108659, 5.360294642778606"
"4.572565781011619, 5.374113257843968"
"4.578111980768087, 5.387970767679931"
"4.567129529161864, 5.388075602586435"
"4.556085041601144, 5.378855972693197"
"4.561583664979847, 5.383414092086305"
"4.561583664979846, 5.383414092086314"
"4.550581329887222, 5.383514590292359"
"4.545009687589988, 5.351195755523779"
"4.54500968758999, 5.33287292938227"
"4.533976457923181, 5.305461804214902"
"4.511909999999994, 5.278129999999989"
"4.506406256228731, 5.255460756154145"
"4.511909999999994, 5.232769877712915"
"4.517424071722646, 5.201071962238878"
"4.5174292958205555, 5.173867704012541"
"4.522964237307377, 5.142060086854109"
"4.5285149188527365, 5.110187531402833"
"4.528530710346291, 5.055678302792057"
"4.523006348270425, 5.005412309239571"
"4.517460849470294, 4.9460522992129725"
"4.523016926190746, 4.886332183269802"
"4.523027524297808, 4.830541732286187"
"4.5175034865318775, 4.6811180984385885"
"4.511910000000002, 4.514301592549279"
"4.506245717582711, 4.3471379438160636"
"4.500498089758188, 4.1659514376285856"
"4.488950614456755, 3.9644169515436083"
"4.523377679005952, 3.7701914796415927"
"4.5577357042612165, 3.575370450592416"
"4.586343902533698, 3.356823437509579"
"4.614830188729315, 3.1241018489717227"
"4.643372497281816, 2.870654726339353"
"4.660754152287214, 2.744479922234106"
"4.6723738055108575, 2.625562668739498"
"4.701349844005329, 2.4908230870564125"
"4.718909731745314, 2.372317831471669"
"4.742189947342546, 2.242499930376617"
"4.753734047877548, 2.242499930376617"
"4.77683608071936, 2.2424999303765674"
"4.78839445143918, 2.2424999303765674"
"4.8115269872039645, 2.2424999303765674"
"4.829048320824577, 2.2295153816217947"
"4.846600607465841, 2.152461431601111"
"4.8585494270355465, 2.0609220552456264"
"4.876167011173513, 1.9816410755025302"
"4.888180381823139, 1.8875796175279405"
"4.905865670401411, 1.806360319304325"
"4.909037154118501, 1.6926584473739865"
"4.906129977019672, 1.5674215744970539"
"4.9093535386249325, 1.448111497342616"
"4.906402665421581, 1.3415761010827367"
"4.903406666606611, 1.233406816515867"
"4.874416406922716, 1.1744610910256483"
"4.851528375339092, 1.123936553105949"
"4.822196638438853, 1.0645179472147248"
"4.7989654330976785, 0.9896420614303878"
"4.769274854052462, 0.9301109279999764"
"4.776118033500429, 0.924999224171259"
"4.776677531313948, 0.9113480574543473"
"4.783574787114186, 0.90617740569445"
"4.790510465012634, 0.9009836622799554"
"4.803873240321361, 0.8803481306443928"
"4.802630590759541, 0.9078486931237961"
"4.820118771737484, 0.9678114594687202"
"4.824817279167266, 0.9864645642959147"
"4.823501435998065, 1.0135806343710527"
"4.828143165380868, 1.0558862043356925"
"4.8463046912183945, 1.071227119115008"
"4.85223898277043, 1.0625956434762571"
"4.858168768337319, 1.1019213179377374"
"4.876312148248708, 1.1172719006402616"
"4.888537752289718, 1.1172719006402616"
"4.905859620365066, 1.1699471225815472"
"4.916803641521449, 1.2137612717310304"
"4.934420163109505, 1.2116048277178209"
"4.9452428365785055, 1.255156503411044"
"4.974423581635815, 1.283317487426956"
"4.980248029130629, 1.274606835630678"
"5.004527363411951, 1.2984874966286952"
"5.021968124140095, 1.3439176885572834"
"5.03411780946735, 1.3439176885572692"
"5.0335769180400955, 1.3741286581193037"
"5.052081217213127, 1.382871640962577"
"5.058447930588395, 1.3677720245112965"
"5.071209685450255, 1.3614021040492759"
"5.08400953544709, 1.3550189229276839"
"5.0968478713449645, 1.3486225084927383"
"5.088210939398285, 1.2618377401883123"
"5.079471873960218, 1.1741492083059484"
"5.07062878218701, 1.0857562696468932"
"5.061093362157071, 1.0278029005444722"
"5.052042581659667, 0.9386842366780854"
"5.047188144337717, 0.9335480549858062"
"5.042309541121432, 0.9283884523097043"
"5.03740657844366, 0.923205335018153"
"5.039115910477761, 0.9024443404998124"
"5.040261692208585, 0.8885683844440564"
"5.0495008646547115, 0.9301109279999764"
"5.0520425816596735, 0.986883776849325"
"5.061093362157071, 1.0278029005444722"
"5.070036365091151, 1.0683816441224394"
"5.072985155476786, 1.1172719006402616"
"5.068266674705193, 1.0885363950172007"
"5.063525167637759, 1.059717797494656"
"5.052246798390589, 1.046230549241713"
"5.047446332145872, 1.0172808950366345"
"5.042622233195548, 0.9882707879357611"
"5.03665266901284, 0.972854289334137"
"5.043188682918365, 0.9574521079976108"
"5.037212889519882, 0.9420658851640553"
"5.031233268044952, 0.9266972974434111"
"5.024702047102963, 0.9420658851640553"
"5.004642340683869, 0.9950733434925496"
"4.985215528356248, 1.0172808950366203"
"4.977771362773371, 1.0462305492417556"
"4.964437055250404, 1.0837890829016175"
"4.945242836578506, 1.1059060767643132"
"4.95255996408823, 1.0770612040235363"
"4.9534920911642555, 1.063574849350914"
"4.954897731326019, 1.0432702616107008"
"4.95583982840028, 1.0296850028057634"
"4.96974969914732, 0.985069560009606"
"4.976245739166112, 0.9695924463296848"
"4.982751295988572, 0.9541301154850999"
"4.9892664225387575, 0.9386842366780286"
"4.995791171872777, 0.9232565152080383"
"4.995791171872777, 0.9232565152080383"
"5.002851701175318, 0.900983662279927"
"5.0099380225317045, 0.8787211960632675"
"5.017050317883179, 0.8564748747876081"
"5.0241887707974495, 0.8342506881352847"
"5.03135356648494, 0.8120548652290864"
"5.050664780017938, 0.8204632366350779"
"5.070023066870837, 0.8288954878157568"
"5.096120509617332, 0.8219876735387572"
"5.115599693053025, 0.8304369620079513"
"5.135129136454897, 0.838909897337885"
"5.14725288450553, 0.8458306014500323"
"5.159362479873211, 0.8527458101595897"
"5.158658181567013, 0.859655342831374"
"5.170740964997353, 0.8665590223441626"
"5.182810000406148, 0.8734566750352286"
"5.182810000406148, 0.8734566750352286"
"5.188839421014311, 0.8649546392889533"
"5.200888182905786, 0.8718409850711311"
"5.200888182905786, 0.8718409850711311"
"5.200888182905786, 0.8718409850711311"
"5.201637382109457, 0.8649546392889533"
"5.195608273632617, 0.8734566750352286"
"5.196352704466177, 0.8665590223442763"
"5.190313828082173, 0.8511642271625561"
"5.190313828082173, 0.8511642271625561"
"5.184271574678966, 0.8357983006778795"
"5.1661243204775555, 0.8135622901686475"
"5.154008836847811, 0.8066567880219537"
"5.147945828830752, 0.8150750489024858"
"5.142567273976169, 0.7928329136804422"
"5.1162573960662066, 0.7997469284863001"
"5.102822187863146, 0.8066567880219537"
"5.0766906479947185, 0.8135622901685764"
"5.057309165673546, 0.8051610710340782"
"5.03135356648494, 0.8120548652290864"
"5.019235664251505, 0.805161071034135"
"5.013170716955402, 0.8135622901686048"
"5.0071017337554915, 0.8219876735387857"
"5.001028685483212, 0.8066567880219537"
"4.9888702757112595, 0.7997469284863286"
"4.994429096228418, 0.7982629787004214"
"4.999972086041596, 0.7967842761700155"
"4.999445504959913, 0.7801050038821131"
"4.998920064651198, 0.7869756154053817"
"4.997872591491147, 0.8007054829747347"
"5.004436842622727, 0.809055912591063"
"5.004967511973547, 0.8021854442638272"
"5.005499331990332, 0.7953107951466762"
"5.012088474724389, 0.8036706317257938"
"5.0252966045476555, 0.7967842761700581"
"5.024742086095829, 0.8036706317257938"
"5.030792652741529, 0.8189441632608663"
"5.042881982748142, 0.8495881761827633"
"5.042881982748142, 0.8495881761827633"
"5.042881982748138, 0.8495881761828201"
"5.048341997072352, 0.8718409850711168"
"5.047188144337721, 0.8855951054970888"
"5.052622699374941, 0.9078486931237961"
"5.051463714811565, 0.9215576061930193"
"5.056290409877361, 0.9506285619767141"
"5.043188682918369, 0.9814595398769939"
"5.036093648940248, 1.003699997310875"
"5.016566517655485, 1.025927098277208"
"5.009548426859391, 1.0722709862034208"
"5.009021139166805, 1.079018775662476"
"5.014430435974351, 1.1011927667664878"
"5.02036204280742, 1.1166312258325206"
"5.019824730026796, 1.0992000082703726"
"5.025204101086051, 1.0972137868058809"
"5.0058808504333125, 1.1433785298722654"
"5.016095272689781, 1.1940082090053465"
"5.008129883357254, 1.2530791940485528"
"5.012420470555934, 1.3357900949480381"
"5.010861988372939, 1.4028178318077664"
"5.021440104648921, 1.445575939649565"
"5.0109853209121455, 1.674222865046822"
"5.006420073119789, 1.9092693143878776"
"5.0019380086988985, 2.1338853910170243"
"5.003136889689307, 2.3390229375810563"
"4.998765739944332, 2.5406447628938196"
"4.981172943856051, 2.744793555912679"
"4.9691640565293245, 2.931601319752332"
"4.951643809738778, 3.1157248940902527"
"4.934158919161888, 3.2898592865961938"
"4.922252707809068, 3.4480239237197274"
"4.891507907262852, 3.6843877875379043"
"4.861137871443621, 3.8992100837109973"
"4.836603412130032, 4.090262324338958"
"4.80693073517566, 4.271050985529616"
"4.777603557794037, 4.438885749026706"
"4.744303480809429, 4.529021419857507"
"4.7164840745898635, 4.61232133745683"
"4.688713201339287, 4.693763449556913"
"4.655529323584995, 4.778072975217286"
"4.622367085408191, 4.861118630329267"
"4.594862351846125, 4.919994192944097"
"4.561772639313823, 4.98309237366931"
"4.528562383613263, 5.04617554517106"
"4.500792105798958, 5.104924738942261"
"4.472938481272811, 5.163860064209489"
"4.467518673691054, 5.196048107164468"
"4.462134577835991, 5.228077326338474"
"4.445819998707768, 5.259982455433529"
"4.440546582262668, 5.291715778514398"
"4.429871699015293, 5.327849985700762"
"4.4297173426500525, 5.34612638375899"
"4.429562404231603, 5.36451318522094"
"4.44588242781651, 5.387657460069449"
"4.445757451419395, 5.406305956675416"
"4.451128029283556, 5.420508564460628"
"4.456681289118513, 5.415807405151313"
"4.467770940874554, 5.41567583224082"
"4.467770940874554, 5.40642835477591"
"4.484337726056333, 5.401750347082242"
"4.495382772976053, 5.401632512582643"
"4.506416635857362, 5.392091434185391"
"4.511910000000002, 5.378093253886734"
"4.522839800584339, 5.368698412509715"
"4.522809127918695, 5.359367890157459"
"4.533647109990867, 5.341072136175145"
"4.533708111754769, 5.359367890157459"
"4.53376945687028, 5.377810205936814"
"4.533831148244488, 5.396403445425041"
"4.528389659025871, 5.410481552264874"
"4.522932863244143, 5.434060536243786"
"4.5119100000000065, 5.443496922396913"
"4.500865875529623, 5.45296554981219"
"4.495320018782955, 5.467229971016085"
"4.495288462635982, 5.486366443684721"
"4.484180232044665, 5.495985997607551"
"4.462087275293969, 5.504980417329459"
"4.4400726710021665, 5.513955256770502"
"4.412661254755756, 5.518087882572891"
"4.385364600901265, 5.522204134287184"
"4.363607103002761, 5.531115559281563"
"4.352754237130922, 5.530872568044317"
"4.336506558416864, 5.535193717380283"
"4.3256954754846415, 5.534947279384916"
"4.314900655252307, 5.534701315208072"
"4.293153338317062, 5.543810132976909"
"4.281312659538033, 5.554240200157649"
"4.280438731506194, 5.564770505558443"
"4.27977891924948, 5.5751141207600385"
"4.2734394287965864, 5.590475780710659"
"4.278224607693932, 5.596355898351253"
"4.289812788062776, 5.58613902751361"
"4.29569136578344, 5.571353398260529"
"4.290235933562033, 5.556923762425999"
"4.296102661602955, 5.542292084007946"
"4.301951365195587, 5.5277426311708755"
"4.324282926345293, 5.480592591433598"
"4.340951966669946, 5.438621117397301"
"4.368769771131074, 5.396853582881202"
"4.385364600901265, 5.355525270149325"
"4.401937119086881, 5.314451717164567"
"4.40748933248193, 5.273601032568281"
"4.413035683780638, 5.23294058057291"
"4.413035683780629, 5.196896771615378"
"4.424110952862272, 5.1520561298708465"
"4.435090931253907, 5.11616939434256"
"4.44034424536506, 5.084143772109403"
"4.451185632171314, 5.047491823739458"
"4.4620872752939675, 5.010594179317035"
"4.467476348532106, 4.977831720612944"
"4.478490519650792, 4.931182835641611"
"4.489609775778799, 4.847812122228948"
"4.506327140765782, 4.767734997978817"
"4.51749812111288, 4.681712091843279"
"4.528690293126458, 4.5937817319190355"
"4.53429441636352, 4.508969015533525"
"4.534272934332518, 4.386799405551772"
"4.523070119753579, 4.249727525228991"
"4.523059440318939, 4.116110315162867"
"4.517476761976575, 3.970177832774187"
"4.517471447680579, 3.8214290036285306"
"4.53429441636352, 3.710185322476285"
"4.5625920858332, 3.592540400604591"
"4.585547671958788, 3.4616802902782347"
"4.614527950372176, 3.3293934901042057"
"4.638086339647762, 3.182284272334037"
"4.655094637379153, 3.024573061080396"
"4.666408764963636, 2.8852895925506417"
"4.683511979717216, 2.7294300628809225"
"4.694788845395755, 2.5596940096474725"
"4.7118649763281635, 2.3915613121777923"
"4.7237294038347235, 2.320781884417819"
"4.730002877010997, 2.214733391934516"
"4.730218212377343, 2.1245188273935085"
"4.736308515544148, 2.0411456715442142"
"4.742418049085511, 1.9565212979838051"
"4.749253379012036, 1.8766550623851828"
"4.755907691095339, 1.8009530952475785"
"4.762861649016176, 1.7183773337839199"
"4.7641270307474395, 1.6430977484825533"
"4.759367802817897, 1.5579807838372943"
"4.766178442511296, 1.50143726439412"
"4.7791297058044595, 1.4530842332947316"
"4.792193240264303, 1.4042706894557426"
"4.811230277562501, 1.3462664810861469"
"4.8304198659429884, 1.2878427130996357"
"4.818982063951588, 1.2508602855369446"
"4.8078097099528145, 1.2071887886368984"
"4.796276760386266, 1.169947122581533"
"4.784701223015866, 1.1326230532615256"
"4.77335570130819, 1.0885363950172575"
"4.792982917997033, 1.046230549241713"
"4.812493852856225, 1.0104950009651077"
"4.832504877666742, 0.9678114594686775"
"4.859141499694914, 0.9095257530360215"
"4.885695722394867, 0.85806232882112"
"4.910365399248024, 0.8649546392889391"
"4.935015808961728, 0.8718409850711879"
"4.959648808469032, 0.8787211960632106"
"4.984266203960184, 0.8855951054970745"
"5.002325597178807, 0.9078486931237961"
"5.008337342066675, 0.9232565152080809"
"5.008337342066675, 0.9232565152080809"
"5.014345108261847, 0.9386842366780286"
"5.013807557972224, 0.9695924463296848"
"5.013807557972224, 0.9695924463296848"
"5.026348817339633, 0.9455342203486481"
"5.0448953531112295, 0.9369578342695064"
"5.044895353111225, 0.9130245060864155"
"5.050886094768469, 0.9045118633456042"
"5.062856228676392, 0.9113480574544184"
"5.057456935055024, 0.9130245060864155"
"5.05204258165967, 0.9147067247476315"
"5.059216184331847, 0.9163947408883644"
"5.06039537296288, 0.9026497026955127"
"5.061579685082659, 0.8888770342740173"
"5.056129903605403, 0.842695924730748"
"5.050664780017945, 0.7967842761700581"
"5.045184231861555, 0.7511975793289736"
"5.039688175906221, 0.7059948974405472"
"5.040836463511251, 0.6692798755401412"
"5.071242727815028, 0.6147262984492698"
"5.095409817125422, 0.5749760241648119"
"5.126944564696571, 0.5207451041220565"
"5.152825044312033, 0.45286751145893334"
"5.1713863307744745, 0.40671863581243883"
"5.1736551839629605, 0.40816486360279214"
"5.1830989120579165, 0.39575901659465273"
"5.179010886361798, 0.38336855033584527"
"5.188555502312892, 0.3709978083403911"
"5.198184223591795, 0.3586513561848079"
"5.191838381419275, 0.3690540723333413"
"5.1856097944896, 0.379355942492694"
"5.185789582178577, 0.40315164763256917"
"5.172007589894429, 0.4545989087508673"
"5.166138302581867, 0.4644456490355253"
"5.159545850757137, 0.4269049484763485"
"5.15282504431204, 0.38955575535133846"
"5.145972068027678, 0.3525061102286031"
"5.146140072235863, 0.3029535934265226"
"5.132577655864921, 0.25483189377551696"
"5.118858425806693, 0.23638462228318247"
"5.091463421287303, 0.23638462228315404"
"5.084290048549267, 0.2302231372579655"
"5.0699793314391925, 0.23602971478565848"
"5.055716197273497, 0.2418701171425255"
"5.032602006902319, 0.278021591644773"
"5.023192962622565, 0.2958243023202982"
"4.994129024957045, 0.3205164418984481"
"4.972276759895449, 0.33244640643559364"
"4.956981252984119, 0.3576333693474112"
"4.9359815761038455, 0.38380074137471354"
"4.915123937975309, 0.4103554129999054"
"4.894405804107125, 0.4372634566942679"
"4.867125956587132, 0.45704186844363903"
"4.84671572447028, 0.484449528151643"
"4.844504106488656, 0.5246202524350281"
"4.842321589414333, 0.565060021947545"
"4.840167601285592, 0.6056879598708633"
"4.844524833924539, 0.6544285356917783"
"4.842382963819152, 0.6952975428123551"
"4.849193975133209, 0.6965761938562736"
"4.8560290653512785, 0.69785944708552"
"4.856400130747873, 0.714158480570589"
"4.8567719994670195, 0.7305689327546077"
"4.857144674126949, 0.7470885881490688"
"4.85065082118535, 0.762296100068852"
"4.84416592462606, 0.777544950669153"
"4.84416592462606, 0.777544950669153"
"4.83804158506392, 0.762296100068852"
"4.83804158506392, 0.762296100068852"
"4.83839400180973, 0.7319246878618912"
"4.8387471829338615, 0.7017370525059192"
"4.8391011309317316, 0.6717523438541235"
"4.845606241521877, 0.6568422900819115"
"4.845968279126064, 0.6271996415248822"
"4.845968279126064, 0.6271996415248822"
"4.845968279126064, 0.6271996415248822"
"4.845968279126064, 0.6271996415248822"
"4.845968279126064, 0.6271996415248822"
"4.845968279126064, 0.6271996415248822"
"4.859020228978866, 0.6203971906064254"
"4.87210866478634, 0.6135972544597337"
"4.8852340306348765, 0.6068001453887604"
"4.8983967730024505, 0.6000061812312794"
"4.911597340758611, 0.5932156854482713"
"4.931010839570386, 0.6011096664564519"
"4.957124844428042, 0.5943063299919515"
"4.969966986431949, 0.5943063299919515"
"4.988987394719585, 0.609036837091864"
"5.008555627780544, 0.5943063299919515"
"5.027036410457425, 0.5932156854482713"
"5.038758018236269, 0.6068001453887604"
"5.0638881357858025, 0.6135972544597337"
"5.082886366308105, 0.6056879598708633"
"5.101243965622446, 0.6271996415248822"
"5.126341161794828, 0.6340043003582849"
"5.145334469180521, 0.6488112300855988"
"5.170431146041424, 0.6556332189765897"
"5.195525659902104, 0.6624561946328384"
"5.220619467623389, 0.6692798755401412"
"5.245713980648185, 0.6761039851583064"
"5.276875050059391, 0.6748621005723834"
"5.301969097000901, 0.6816740626899644"
"5.327068120123735, 0.6884859639478407"
"5.352173347199129, 0.6952975428123409"
"5.363323506260521, 0.7089187103972421"
"5.381412099032608, 0.730680691526473"
"5.405490752156853, 0.7443112251701365"
"5.423520735437797, 0.7661419976032846"
"5.434515564723311, 0.7797694575350533"
"5.480936631750463, 0.9640171713293313"
"5.532333455532831, 1.139783449520337"
"5.571158008984055, 1.3067744897654308"
"5.608121579140336, 1.476510459887784"
"5.651207147505436, 1.649849779078174"
"5.64672283196279, 1.947353094466564"
"5.6365387418638315, 2.221835928698553"
"5.625155351343917, 2.509829303496666"
"5.6149220759709095, 2.777677347630089"
"5.617246380584872, 3.011403586218819"
"5.54904533748448, 3.218283353449994"
"5.463107998224713, 3.4038865204932094"
"5.385344658511844, 3.567972306802851"
"5.31450512281256, 3.715366214188805"
"5.233081021830807, 3.8794672024139736"
"5.100442161114884, 3.9653661767205186"
"4.9820791172758625, 4.059455962796214"
"4.865944827767868, 4.149186132812492"
"4.751790396541365, 4.2349494658387385"
"4.639368981028234, 4.306477613840276"
"4.556168948150139, 4.345025479800283"
"4.478744205897237, 4.377298507900884"
"4.395940777932689, 4.414725649729794"
"4.313218985003487, 4.451585659827899"
"4.230481093988764, 4.487908725678587"
"4.2079982069833894, 4.516880165107924"
"4.1800324766707035, 4.550920717845354"
"4.157742332410199, 4.589852164836492"
"4.135060857520306, 4.6181260100659465"
"4.106889966083078, 4.651332398970231"
"4.118469184855625, 4.661470697564562"
"4.130017080520568, 4.671565282598868"
"4.146933608948576, 4.6765964328132785"
"4.1695437240135504, 4.686626943628445"
"4.19207977666871, 4.696615720908245"
"4.2088628107740265, 4.720328099481836"
"4.225614618387991, 4.743900266210604"
"4.231014440661154, 4.766847496503043"
"4.236678744403359, 4.790188032299703"
"4.242080766224043, 4.812966552852881"
"4.213979459093912, 4.844421908924938"
"4.191471363872817, 4.880578058827819"
"4.174944337143014, 4.903528378082575"
"4.152336359896231, 4.939508837005146"
"4.13542047607172, 4.971061061081592"
"4.091477617547179, 4.962606851385008"
"4.041729325917741, 4.949509249939997"
"3.9914163581546784, 4.945148498349138"
"3.936092451381386, 4.92772972281738"
"3.880059019685863, 4.919034171922776"
"3.7451544511496735, 4.903884516866382"
"3.613028124936747, 4.8933317790069015"
"3.4716820944522215, 4.887459381285979"
"3.3316468586567236, 4.885954982486961"
"3.1883433905007017, 4.875583880823935"
"2.925425053316534, 4.878852607228277"
"2.638249279188166, 4.877298174646276"
"2.338426039372191, 4.870859406708565"
"2.0191299163030187, 4.864358876505216"
"1.6810435931919052, 4.857795529795121"
"1.5221372019639823, 4.807567053530349"
"1.35243178517144, 4.761438580474243"
"1.1863061716629844, 4.709169777992662"
"1.0179918054551322, 4.655664423659582"
"0.8489135987853942, 4.600796405084669"
"0.8285094822261456, 4.621861971007942"
"0.8145541473119025, 4.637605211370699"
"0.7937271968626902, 4.659006171565242"
"0.7840315321234925, 4.686062138057075"
"0.7695563338368956, 4.70234140370456"
"0.7742286390532271, 4.7132863954259925"
"0.7835537835208157, 4.714494755332574"
"0.7928527084090291, 4.715697803901005"
"0.779391648700674, 4.71629734765258"
"0.7706243227998542, 4.727712984658906"
"0.759301570589237, 4.701812632903035"
"0.7566862043041809, 4.684792140224534"
"0.75872352532825, 4.65786762092308"
"0.7540583599532695, 4.636279990283436"
"0.7560960300736923, 4.608882559225442"
"0.7487649191332366, 4.536603923765664"
"0.7279353141755465, 4.463135364753221"
"0.7023417508401479, 4.397883634476104"
"0.6948101912122979, 4.318929056001078"
"0.6872340963062769, 4.23706632823032"
"0.7142157878384623, 4.160356764690658"
"0.741446859801286, 4.080986046756006"
"0.7689187018870385, 3.998732959260252"
"0.7966228367591199, 3.9133728154356184"
"0.8105594011815711, 3.840996575973488"
"0.8312739437779797, 3.8518342761407496"
"0.8522865397297821, 3.8627543517589764"
"0.8856259630927923, 3.8675200143583837"
"0.9121590472215289, 3.8805039477774343"
"0.9537094091103882, 3.877181042926235"
"0.9639078102436258, 3.9091622362999168"
"0.9768568340721231, 3.931208408370459"
"0.9775493405560667, 3.9597216059337157"
"0.9858920083410965, 3.9803404840248184"
"0.9866807788819116, 4.0092792865631495"
"1.0068430649171773, 3.9979795722271625"
"1.0250200163408039, 3.996490322510528"
"1.0522340145233002, 3.986273915771438"
"1.0806596163209221, 3.9755681129107643"
"1.1103717858847801, 3.9643367768356654"
"1.2077489554074248, 3.9916302525638194"
"1.3161026663893196, 4.039798372632866"
"1.4338633629078252, 4.107470467171602"
"1.576025562629173, 4.187541967795173"
"1.750351091282372, 4.283883394355872"
"1.7515344989802273, 4.3841027218508035"
