"1.2192048520256122, 3.534023248653771"
"1.1364687488971654, 3.6462507736917438"
"1.072493236161982, 3.729941794429866"
"0.8523778577731278, 3.778834811807254"
"0.7006932261801282, 3.8279717714032095"
"0.5836129626552875, 3.8662086024595297"
"0.4989959551880929, 3.8772059125907745"
"0.43108800636825606, 3.8862417819687707"
"0.3346594235818898, 3.7889029963399032"
"0.26311872935533387, 3.725210005575512"
"0.21115001983162074, 3.6597000137104203"
"0.15878426725109307, 3.608909927964284"
"0.10290277990441155, 3.5638016750483423"
"0.15750315141360716, 3.5259478331628777"
"0.20826253524457172, 3.472354642126298"
"0.26241809958587936, 3.423556329796483"
"0.31157491160710293, 3.389321901186058"
"0.37850852188186934, 3.3481498834792163"
"0.37235741864262195, 3.323816929308787"
"0.36624910265100397, 3.299372777174913"
"0.35131134271794195, 3.2809669408272235"
"0.3453326990735164, 3.256329245788095"
"0.3345134937591254, 3.2404181672120664"
"0.3113857443297192, 3.1477289829421586"
"0.2845419609440185, 3.048222894835618"
"0.25323506362948933, 2.9376049552444528"
"0.22690764731488855, 2.829011334874231"
"0.20087807307392325, 2.7157369586399795"
"0.1824994256119865, 2.58689805706841"
"0.16794203084561588, 2.45709721854341"
"0.15779027539996093, 2.330365310429265"
"0.14346085417084709, 2.1915794367666024"
"0.12929697979554078, 2.0484214479902505"
"0.1322008297567976, 2.0294647668204675"
"0.1392679370029697, 1.9975728753684265"
"0.14637731106648033, 1.96566417522493"
"0.15352722964375687, 1.9337439044720526"
"0.1607160145989539, 1.9018174064563667"
"0.16003760964724023, 1.941034227349995"
"0.15511137275543518, 1.992854226195412"
"0.15023401415236748, 2.044125244567539"
"0.14540542558032854, 2.094834950812462"
"0.14062549836980764, 2.144972717853861"
"0.14700036115943504, 2.211408251148164"
"0.14922472864954983, 2.2887090778443664"
"0.1633246302588276, 2.345097447486509"
"0.17756575088072424, 2.400478568638576"
"0.18833215379289214, 2.469521712720386"
"0.2042990560198632, 2.5108130735444476"
"0.21681945336008823, 2.5293170071967523"
"0.21681945336010244, 2.566100427236506"
"0.21681945336010244, 2.602582410653035"
"0.22050007040390085, 2.6244975100752868"
"0.26108494275212735, 2.692987781570281"
"0.3113857443297192, 2.770279126489825"
"0.3630259486503178, 2.84546533142678"
"0.41578250804628425, 2.918584158542494"
"0.4694544961540714, 2.9896777761891755"
"0.7413167655876762, 3.1114988333514084"
"1.0141143234243373, 3.2082963357009824"
"1.295580539719353, 3.3101454107676673"
"1.560261832361416, 3.400168852034909"
"1.8112301285424905, 3.484836509786767"
"2.188948477791218, 3.4712746968234924"
"2.5315376408891375, 3.4724456203123673"
"2.83199745646127, 3.464701654039011"
"3.1091807494566, 3.462176784755993"
"3.3624112499476997, 3.4597494680866525"
"3.50065536859848, 3.376042200591396"
"3.6398468563009807, 3.2976006402760696"
"3.7746385170568146, 3.203141003078823"
"3.902114752504202, 3.1139374090637126"
"4.026966794451208, 3.022909395614576"
"4.0902458301962366, 2.9904674152200172"
"4.148102589403637, 2.950271451347774"
"4.209456358081962, 2.9311135389500365"
"4.2740085179351945, 2.904215022662079"
"4.333601175481906, 2.872100092706752"
"4.341789286732544, 2.9220486172727576"
"4.345886909242301, 2.9661752255945686"
"4.349986928331136, 3.009785514861484"
"4.349986928331136, 3.047763896737436"
"4.362408221141102, 3.0903913391781543"
"4.413407297490611, 3.3037875740494087"
"4.467263506216215, 3.503214241098334"
"4.51191, 3.6771240663397897"
"4.56351695301265, 3.844679724234151"
"4.606198372533653, 3.9988052974321597"
"4.605944653890271, 4.11070362937512"
"4.601753358275276, 4.221684115802397"
"4.605378750476124, 4.327600702698636"
"4.601214318246066, 4.42906555167651"
"4.597074984051165, 4.526664414134247"
"4.6006817092167145, 4.593967020584625"
"4.608148466131294, 4.656142735538703"
"4.619453213415769, 4.720152475806051"
"4.630629588050072, 4.776912628664631"
"4.645607258530258, 4.829432427739558"
"4.660802952208519, 4.842451128984274"
"4.675983467770114, 4.855428299597204"
"4.679638884227477, 4.871660731483592"
"4.691031997557104, 4.887570241596681"
"4.698543598661507, 4.906706170406709"
"4.7061739198814, 4.894125033209047"
"4.709924866678523, 4.884806887889516"
"4.717689747640268, 4.871929160625269"
"4.725326662546203, 4.859290387078115"
"4.73296532663973, 4.846629933786389"
"4.7254665305979975, 4.820935410379848"
"4.729644928310428, 4.791416845505829"
"4.725887238173031, 4.762342129188777"
"4.7221275096895186, 4.739564571815386"
"4.722265678843572, 4.713222115478757"
"4.733983616415766, 4.696319435238992"
"4.737895669842458, 4.679727349677123"
"4.749650223034708, 4.6626395958977"
"4.757664169846221, 4.641909022385608"
"4.7617624257553475, 4.6245847335297565"
"4.757826512902588, 4.6147795172497155"
"4.753893727587662, 4.60495558390272"
"4.7499640574976025, 4.595112429331802"
"4.746037490340778, 4.585249549644795"
"4.742114013846942, 4.57536644124723"
"4.74634683612456, 4.5298447225273115"
"4.746812392672645, 4.4797770309407525"
"4.751069042626546, 4.4325628841243905"
"4.755340405106622, 4.384442942186977"
"4.759626567615984, 4.3353521266469635"
"4.767901747331434, 4.2810919406462205"
"4.7800224980441754, 4.229754129184322"
"4.788375163940454, 4.172879366857234"
"4.796764068829205, 4.114507192937275"
"4.809215851809738, 4.049914724723418"
"4.799077016718369, 3.9260800841229333"
"4.788825540616506, 3.7944000771420114"
"4.778459385548342, 3.654017979407758"
"4.7720793760049265, 3.508451576146637"
"4.757374615291808, 3.3547640523762503"
"4.746325475655124, 3.291919284008916"
"4.7351804236050015, 3.2271509371095455"
"4.723938004363418, 3.160393773957356"
"4.708424735574274, 3.086582254142243"
"4.696969279108044, 3.0155507612741914"
"4.70925770417586, 2.9851351977497913"
"4.721541639240381, 2.954473197070925"
"4.729779865006976, 2.915846091152929"
"4.742222505626386, 2.882057051601585"
"4.750469010353993, 2.842636106158146"
"4.750976112968433, 2.794750859947335"
"4.751485379117253, 2.7460569076897556"
"4.756060609532599, 2.7048559249754476"
"4.756582801767762, 2.654662415711094"
"4.761185840900101, 2.6122042157943497"
"4.766900945723204, 2.5652406276040836"
"4.768375605777914, 2.5260550666020833"
"4.769867449389039, 2.486070629197293"
"4.77118714612941, 2.4485438483348005"
"4.7727120300812675, 2.4069910524876903"
"4.759031166347702, 2.444580675117315"
"4.7497902252555235, 2.4725819965544957"
"4.744766560521709, 2.509224519498325"
"4.735628085343813, 2.5364894900107657"
"4.726544980826442, 2.5634357642954413"
"4.725617574537347, 2.6670729897429695"
"4.724698157159172, 2.7673395807540544"
"4.719698150260204, 2.8563295075275263"
"4.722882879313102, 2.957964869639575"
"4.7260386664716405, 3.055862243350944"
"4.725887238173031, 3.095292662077547"
"4.725736024142495, 3.134202194841677"
"4.725585023925094, 3.1725954374099246"
"4.725585023925094, 3.196492627975431"
"4.721393665668945, 3.227150937109535"
"4.725887238173031, 3.1562259846279623"
"4.722284657429747, 3.0811467565512345"
"4.718664577811258, 3.0039436619334126"
"4.714882285735039, 2.9270953138426563"
"4.71531664170024, 2.84029811441102"
"4.746197585139177, 2.7507573023549554"
"4.785843573904026, 2.660684621648876"
"4.830481365844368, 2.558498142557049"
"4.8672497432103325, 2.4674082284560654"
"4.904629299849265, 2.373161483898869"
"4.912430705505075, 2.383386502556114"
"4.920201029327401, 2.3935460349304734"
"4.923769834040677, 2.409571620809473"
"4.935962305232596, 2.4254874121184784"
"4.943645893990546, 2.435410974661721"
"4.948440678344909, 2.407758095608102"
"4.953247364377471, 2.3798897917141772"
"4.953247364377465, 2.3645987528837153"
"4.953573727341523, 2.3304306115509164"
"4.9583963624910945, 2.3020053299721184"
"4.96977736101972, 2.2423129526898506"
"4.985515102864614, 2.1911334320139204"
"5.001814672297479, 2.118868013104219"
"5.013694536800953, 2.0550944401448135"
"5.021050535284043, 1.9835551101614683"
"5.0280970590390766, 1.9316806489060312"
"5.030889275082776, 1.8682357395002498"
"5.038062692951015, 1.8145201902776122"
"5.040526815074106, 1.7533635056438612"
"5.057456935055015, 1.693440696077893"
"5.0693048759003725, 1.6663028674570057"
"5.0812744099664675, 1.6388547070930386"
"5.093367601041059, 1.6110950801945663"
"5.106063360553999, 1.596594277921632"
"5.108940433394686, 1.5682729338536703"
"5.107019277370862, 1.587188813399763"
"5.105110531010519, 1.6059647839678206"
"5.103214073764713, 1.6246010184355413"
"5.096420582823804, 1.6182809340104"
"5.094565115660705, 1.6367401855055306"
"5.101078734181726, 1.6641703250855002"
"5.103148645776967, 1.6801456197299416"
"5.105201317033485, 1.7136560954307356"
"5.11205431242357, 1.7533702679798608"
"5.122716784408032, 1.7904216041202687"
"5.138073672905003, 1.833470164860877"
"5.15759737116956, 1.8865573340775725"
"5.176960344063914, 1.921918831323353"
"5.200408789901088, 1.9671685638334466"
"5.215214635533565, 2.0077365790801807"
"5.232468815786912, 2.069421755078558"
"5.253671030174072, 2.139578468831253"
"5.274603012731303, 2.2079570499915135"
"5.295270644442255, 2.2745790132027466"
"5.316274616746357, 2.336087857013304"
"5.2912551902294185, 2.4660889796940992"
"5.266489431264164, 2.5774005515566216"
"5.237943510053251, 2.6906431616932736"
"5.209671022262002, 2.8000780118411086"
"5.176704919594453, 2.9160335010643976"
"5.14059785511459, 3.0175661605822057"
"5.100873716458249, 3.1204540997918357"
"5.0734000112685385, 3.216824167003285"
"5.038319483238098, 3.3075914026043165"
"5.015720242768965, 3.3905140276802683"
"4.983833609395266, 3.550494694903378"
"4.952729147677561, 3.708032097206818"
"4.910143238740675, 3.849851475274715"
"4.875832218941683, 3.9839091434635705"
"4.83815614292536, 4.113370714552161"
"4.8170730790887175, 4.241397102860631"
"4.796001359752744, 4.3559071502877345"
"4.775156816362382, 4.471971681370672"
"4.754534563848341, 4.582833586239747"
"4.730362005961124, 4.6858892871373286"
"4.725746818048554, 4.775547350225144"
"4.721165390139188, 4.863137863941038"
"4.720483542098588, 4.945877075788379"
"4.719806127950013, 5.0275022666182725"
"4.719133104540153, 5.108345535133463"
"4.704160725679146, 5.151359679508321"
"4.689175012841628, 5.1944857378860245"
"4.678007408878113, 5.240854395644364"
"4.6629898491345125, 5.284358637780929"
"4.647957509056435, 5.328102758226047"
"4.647869269433012, 5.315560251717209"
"4.643961340765698, 5.299925645075725"
"4.6362494188676076, 5.281236810033157"
"4.632362368272585, 5.2657236698066985"
"4.6284830865881395, 5.250261598900496"
"4.628332732401491, 5.213282336722472"
"4.631974333533717, 5.179522276844797"
"4.631897026516212, 5.142769890631026"
"4.639319054274972, 5.1122243546160675"
"4.642942541836913, 5.078729993101195"
"4.643195764271582, 5.0415486363876685"
"4.639730330061282, 5.007171787691803"
"4.643705157998909, 4.97277735004212"
"4.640144270776406, 4.931978578991675"
"4.63665298443646, 4.890636832845457"
"4.636815145427887, 4.852473619561202"
"4.644562993051241, 4.814006251013458"
"4.644735902467013, 4.7751981108233945"
"4.6487568526596945, 4.739051533788562"
"4.656554903923546, 4.705963647972787"
"4.664374566249867, 4.685633804231106"
"4.668343795750753, 4.662077597372111"
"4.67619882979509, 4.641431995627082"
"4.6801898601278085, 4.617520168627989"
"4.684189127999799, 4.593411067993021"
"4.6881966684954595, 4.582602154200545"
"4.699896807198633, 4.5717395444856095"
"4.711623678943807, 4.560822252253237"
"4.719593778678981, 4.546179072126067"
"4.727444133981538, 4.538819610868723"
"4.739092192161622, 4.528261520061724"
"4.743028538410729, 4.517663218386868"
"4.73924265007212, 4.5070239757069785"
"4.743028538410729, 4.496898411803441"
"4.747123793722605, 4.4856197235924125"
"4.74727980448598, 4.485054391512639"
"4.743488534566769, 4.4812776655467985"
"4.747436022625502, 4.477493953864251"
"4.74759244855549, 4.4769210364507135"
"4.74759244855549, 4.469905411358129"
"4.739846482481926, 4.462874119938521"
"4.736048637603232, 4.459058313420693"
"4.73224873017874, 4.455235291199978"
"4.728446750641051, 4.451405011938011"
"4.724642689373345, 4.447567434131807"
"4.72069771769842, 4.444324652001612"
"4.724501377469034, 4.433978671565107"
"4.720559083239642, 4.430728100903039"
"4.724360253390017, 4.420347021527741"
"4.724219316761661, 4.4138284192823996"
"4.724219316761661, 4.4138284192823996"
"4.716484074589873, 4.420968339545549"
"4.720282366506177, 4.424840697838139"
"4.7125505658468505, 4.431952222444213"
"4.70875054965716, 4.435197588683923"
"4.7084898119913765, 4.471639314434906"
"4.708229764834273, 4.507570292394648"
"4.7002692795581975, 4.536175338971557"
"4.6961151776091015, 4.568106571992262"
"4.69197516879514, 4.599650030881005"
"4.6837371031343045, 4.674798603869046"
"4.6755544343225806, 4.748172798475135"
"4.671275665577257, 4.823052401970283"
"4.66702229451459, 4.896637785439706"
"4.662794084218071, 4.9691865420314905"
"4.662598826273975, 5.000475360332635"
"4.662404073334305, 5.031630778592655"
"4.662209823441292, 5.062670964796835"
"4.665722946902319, 5.0906074382568764"
"4.669225041927883, 5.118451975439825"
"4.672923025895108, 5.115443364559239"
"4.684115265970173, 5.1063197207619915"
"4.691497431668356, 5.100316734246613"
"4.695185469591751, 5.103429066192758"
"4.698871489683059, 5.100430443436284"
"4.706362372862017, 5.094321543655488"
"4.710172082495023, 5.09120731597802"
"4.710299603035523, 5.084972774800697"
"4.710555137360305, 5.0724788181548135"
"4.710683151781546, 5.066219095608666"
"4.707114921073904, 5.050677648239779"
"4.7035401399037795, 5.035100036005673"
"4.707493385845445, 5.0194839685294035"
"4.707493385845436, 5.007171787691817"
"4.711454720127783, 4.9914931299513245"
"4.730956541041737, 4.925535988458629"
"4.742838039079148, 4.865317046831514"
"4.754778269586627, 4.8043376200560175"
"4.77458155974138, 4.735647659587938"
"4.786670576887409, 4.672547583088068"
"4.7995779248623265, 4.559182785253441"
"4.820568909304125, 4.43317261602574"
"4.841816461150598, 4.300199589338243"
"4.859283165427297, 4.163271243533739"
"4.881277106682839, 4.011434816798371"
"4.885864675807937, 3.927207614802075"
"4.886372456646571, 3.8449412581242477"
"4.88303528252507, 3.7543808481510617"
"4.883540706674705, 3.665816315555926"
"4.8837939369770655, 3.575498787807547"
"4.88119648744372, 3.4900491325843035"
"4.878579896567051, 3.4012382059339643"
"4.879842646946745, 3.31543244740714"
"4.877202247514501, 3.2197062933152303"
"4.874542173955879, 3.1201821143719677"
"4.8669285532067015, 3.067610049749149"
"4.859296737311188, 3.0140482506889867"
"4.851646603208248, 2.9594847712666947"
"4.8484006618040825, 2.906564410488997"
"4.844906478876366, 2.8421583840770737"
"4.849106614461826, 2.834342571056503"
"4.857276399273792, 2.83434257105651"
"4.865449390322801, 2.83434257105651"
"4.865202192724045, 2.8238695486741463"
"4.873372677541735, 2.823869548674125"
"4.898174866240186, 2.808133125000012"
"4.923333072309408, 2.776399154953225"
"4.948597295551364, 2.744315338148546"
"4.977935654831988, 2.720021757536543"
"4.995142208505815, 2.6873213215157037"
"4.998928960935939, 2.628275148525489"
"5.002423598396202, 2.5704791651236363"
"5.001912703835906, 2.5167686550596002"
"5.001394097060553, 2.461597343383474"
"5.004985831418296, 2.4141049806924926"
"4.98885182735534, 2.373890022494649"
"4.973003370798667, 2.329744240126317"
"4.956749493976822, 2.2884727314396827"
"4.949409293683008, 2.2431345100161906"
"4.9375338176108095, 2.191062818986815"
"4.942988213732535, 2.1702542468377928"
"4.94427367637286, 2.155426021851497"
"4.954317851330863, 2.1404740840527268"
"4.94654185724479, 2.1291783114866405"
"4.94784872224231, 2.1140073475991343"
"4.971407857749856, 2.088596088622502"
"4.99053958929059, 2.056609028310234"
"5.000899934605926, 2.0076120545831344"
"5.020661564391007, 1.970771751081692"
"5.040194154643967, 1.937578917973788"
"5.044486646682716, 1.9311526276155888"
"5.053065762979415, 1.9352572740922795"
"5.070628782187009, 1.939353628844735"
"5.087746211115874, 1.9306277602589148"
"5.100564663218739, 1.928319867195448"
"5.11948994412657, 1.9031556968917727"
"5.147548289964431, 1.89487309985806"
"5.167178660619236, 1.8823869812318037"
"5.18640766991674, 1.8740212729678092"
"5.205726319195519, 1.8656221453441688"
"5.212695870787368, 1.8994500123691225"
"5.210532111902082, 1.915996762508236"
"5.208381790989797, 1.9492692980597113"
"5.211030769381351, 1.9718276279655456"
"5.213666451107475, 1.9942019456429279"
"5.213666451107475, 1.9942019456429279"
"5.213666451107475, 1.9942019456429279"
"5.217906614298558, 1.9878681973748726"
"5.217906614298558, 1.9878681973748726"
"5.217906614298558, 1.9878681973748726"
"5.219531805718816, 1.9925576070114062"
"5.216363382919621, 1.9909067198307184"
"5.213183893594056, 1.9892492456308162"
"5.209993276800295, 1.9875851456461007"
"5.206791471117278, 1.985914380813135"
"5.197214439042892, 2.0321895563885732"
"5.1882953363717, 2.0736524647538417"
"5.188398358355727, 2.114345315236122"
"5.183822990929535, 2.1641221970184787"
"5.179309605920225, 2.2128524569458534"
"5.19433856160777, 2.2464086103560206"
"5.204650687395216, 2.2889794430400983"
"5.210795262940484, 2.321560820488017"
"5.225582297462746, 2.353711958785695"
"5.2362155715323855, 2.376289545861141"
"5.205158569420531, 2.403662418758543"
"5.182855864277149, 2.4308279514411524"
"5.16064239462723, 2.4724645779107206"
"5.129960292592332, 2.499116404462569"
"5.103465558073683, 2.5343284170819302"
"5.077099482774491, 2.554853243797126"
"5.05085925899683, 2.575226487414305"
"5.020339999331027, 2.589857227310169"
"4.99436611914094, 2.6099557660186647"
"4.9644808520293005, 2.6354430357359533"
"4.949250608645274, 2.7218682582112947"
"4.934215383083382, 2.805481951972162"
"4.923622134605332, 2.8786294899532194"
"4.908931156042825, 2.957072509029551"
"4.898344046984844, 3.02795133739599"
"4.8811141520661305, 3.1801731196744356"
"4.863993688280111, 3.3357162486909786"
"4.846751067304498, 3.484403008742653"
"4.8339602801390065, 3.6273851129204893"
"4.821237621060251, 3.76251397876808"
"4.807375890048384, 3.9586286720361663"
"4.7936986075642745, 4.1305141204456675"
"4.776389258369925, 4.293141125125144"
"4.759133031475797, 4.438441643673535"
"4.73819361576718, 4.578987298972146"
"4.722404029946589, 4.7128395074758185"
"4.706683830036223, 4.842451128984274"
"4.691031997557103, 4.9691764207673845"
"4.6792006963099135, 5.097425800442181"
"4.671275665577252, 5.221967234926174"
"4.660122653553818, 5.31264837677155"
"4.645170155461549, 5.40776288117202"
"4.630085583150831, 5.504459494508785"
"4.615032672274286, 5.596724944928924"
"4.592268295531403, 5.697916119546763"
"4.588365571060758, 5.707653176454107"
"4.59211022967566, 5.710603469618854"
"4.59205767917567, 5.717092266808676"
"4.588165385681204, 5.726827680637344"
"4.5881155030512595, 5.726520906330374"
"4.595519063819242, 5.671441256484381"
"4.599064598682383, 5.620491436627904"
"4.60264843918228, 5.564057548352424"
"4.609958034188011, 5.5116325688089125"
"4.617230549954689, 5.459970949916306"
"4.62483006729818, 5.4157475680523035"
"4.632440276509614, 5.371759957395729"
"4.643790441688598, 5.331080134697725"
"4.647605236336161, 5.284346547574812"
"4.651332481949833, 5.244011494015347"
"4.651242312359542, 5.19459353938186"
"4.651152259384186, 5.145367838710714"
"4.651062322797572, 5.096271105377859"
"4.654780280934153, 5.050238232752898"
"4.662306885628929, 5.001012913340718"
"4.66259882627398, 4.963401405761768"
"4.662891903181355, 4.92553598845862"
"4.663186123001495, 4.8873820599345095"
"4.663481492436837, 4.8489035516488475"
"4.663778018242388, 4.810062897314065"
"4.675554434322588, 4.7738550933410835"
"4.683511979717217, 4.740650666236341"
"4.695389346108884, 4.7036375750279085"
"4.703423917334744, 4.669653254800053"
"4.7154042843045, 4.631705929144605"
"4.7155386336593805, 4.611199333458796"
"4.7195937786789965, 4.5869392113098595"
"4.723517432337432, 4.562969363167063"
"4.735306730502701, 4.5382991005246165"
"4.739242650072116, 4.513941096956534"
"4.746967989922192, 4.50702397570697"
"4.750910559093348, 4.4963430572417575"
"4.751069042626546, 4.4888241720560895"
"4.7472798044859825, 4.478066010010364"
"4.747436022625508, 4.4704842503986715"
"4.743642274332966, 4.466682751927694"
"4.743642274332966, 4.466682751927694"
"4.743642274332966, 4.466682751927694"
"4.743642274332966, 4.466682751927694"
"4.747436022625508, 4.470484250398664"
"4.747436022625508, 4.470484250398664"
"4.747436022625508, 4.4704842503986715"
"4.751227736779862, 4.467264126244041"
"4.751227736779862, 4.467264126244041"
"4.747436022625508, 4.463458916522718"
"4.751386641974025, 4.459646547335762"
"4.759297324539494, 4.459058313420698"
"4.763424629278993, 4.461701869763045"
"4.767390608180341, 4.457879168954497"
"4.771359785751461, 4.454049221985313"
"4.767390608180341, 4.471971681370677"
"4.755502217078584, 4.4903440021071575"
"4.743642274332963, 4.508575866183319"
"4.73969522346567, 4.526139633727244"
"4.735751283477882, 4.543600501360643"
"4.727444133981538, 4.586457644926066"
"4.723098527330602, 4.631705929144605"
"4.7264507698438285, 4.67623586432093"
"4.72198952212538, 4.720484253065532"
"4.7175550818837815, 4.770482040786666"
"4.7213022956517205, 4.805790330981875"
"4.72116539013919, 4.83784927094265"
"4.713541856294494, 4.869446357430004"
"4.705919965636797, 4.900914478624637"
"4.7020474805836745, 4.9229920200415105"
"4.705793237576495, 4.901162313548717"
"4.713541856294494, 4.875749693281579"
"4.721165390139188, 4.850504796486415"
"4.728790632128833, 4.831512703033896"
"4.736564577578583, 4.812156609269753"
"4.7451143385129235, 4.752493568068141"
"4.7535745790693165, 4.6920506596054405"
"4.762093103815055, 4.630366629644092"
"4.774632141957926, 4.563620255785651"
"4.783286636884434, 4.498858646015975"
"4.791814435322182, 4.404221355911117"
"4.8044025081230775, 4.309311377423249"
"4.81707307908872, 4.210439501416733"
"4.825990294726717, 4.11070362937512"
"4.838819615775388, 4.002529222403826"
"4.8390413749858, 3.975856974333169"
"4.834971210255162, 3.954852445985466"
"4.834971210255159, 3.9287598286631464"
"4.834971210255159, 3.893549525752551"
"4.830904537439485, 3.8718897663362846"
"4.831120875767974, 3.8617366068035217"
"4.827482669408614, 3.8373490001945605"
"4.819767134303992, 3.8178860961085412"
"4.819976345358999, 3.8074553503612414"
"4.816527168869721, 3.7904136888045166"
"4.812656730457548, 3.747703762152476"
"4.812861622468601, 3.7083468341512678"
"4.813066794450593, 3.6683376593901578"
"4.813272246978938, 3.6276610092210184"
"4.8132722469789435, 3.5777963055565714"
"4.771009435211277, 3.4871179574041236"
"4.728318916900391, 3.3922950465286554"
"4.6812067836779505, 3.286452103080734"
"4.633472908553746, 3.1774959318711247"
"4.585293935455136, 3.0610883861257463"
"4.53248770332813, 2.97269652225863"
"4.4745225632057695, 2.874930054924441"
"4.423834352610905, 2.7863046856594806"
"4.36365905253003, 2.6938749030517357"
"4.3108124889291295, 2.5974902352218123"
"4.3108124889291295, 2.582867266100017"
"4.315174150566806, 2.577091519934001"
"4.319531925792633, 2.5566132559782773"
"4.319531925792633, 2.54186567123611"
"4.319531925792633, 2.5270698715117987"
"4.3371807901832575, 2.539722535924753"
"4.358804232206533, 2.5402276640554433"
"4.3719381785157205, 2.558498142557049"
"4.393469812443976, 2.547479296857567"
"4.406514638019778, 2.5541737762970484"
"4.402096633014984, 2.524470290081368"
"4.393469812443977, 2.5034405275453793"
"4.389012360346278, 2.4732157068140808"
"4.380239608384696, 2.4485438483347792"
"4.379950837514795, 2.4236365766439434"
"4.395375957579634, 2.3127198812269327"
"4.411235721562421, 2.19620587309948"
"4.427549472567139, 2.0739023808271213"
"4.453350011801526, 1.962934102000574"
"4.466176933827164, 1.818108346619006"
"4.48438549300237, 1.7824995412349836"
"4.502706597657458, 1.746541519244829"
"4.521142318660026, 1.7102378297137903"
"4.539694770293739, 1.6735926586845196"
"4.558366111106525, 1.6549827168837155"
"4.548693290179229, 1.733012562718855"
"4.534657144823809, 1.8200071639012734"
"4.520914009897129, 1.904434570097024"
"4.503002124991798, 1.9798386446897567"
"4.494282577599887, 2.05292744523463"
"4.48570611179125, 2.148761233491662"
"4.4902603405894626, 2.2317099195343175"
"4.4861502788936685, 2.3121091108564755"
"4.486376093030349, 2.3992753335002277"
"4.486597982451001, 2.4834783858126883"
"4.5077082694375035, 2.5375007707323505"
"4.520280112327454, 2.5904684785614123"
"4.549426996188814, 2.642393864207797"
"4.570042299790114, 2.679397540854822"
"4.590499284931389, 2.715788010712231"
"4.607184720949111, 2.696346323630692"
"4.615546483053467, 2.6796302172698176"
"4.615620302980149, 2.662822330613274"
"4.624080912725262, 2.657016537230895"
"4.632566755915427, 2.651186081386058"
"4.64971373217347, 2.593884876065921"
"4.67549959236071, 2.5322930262839236"
"4.701524396301468, 2.4693119551561296"
"4.723475466984891, 2.399055141046233"
"4.745616970244242, 2.327226539420181"
"4.734875273581393, 2.260216185522573"
"4.723938004363418, 2.191133432013906"
"4.71709796503467, 2.1300026389303"
"4.705796115919328, 2.0568712788613652"
"4.694282230199645, 1.9815402087587017"
"4.711952254996709, 1.9686281521616351"
"4.729438002145265, 1.9767922393442134"
"4.742523479495472, 1.974425271688716"
"4.755584676864827, 1.972062966508041"
"4.772962499113503, 1.9801872519600323"
"4.777704757518684, 1.9656322598518656"
"4.777907388817321, 1.9445715368250944"
"4.782665190149803, 1.92988153493733"
"4.796355390654412, 1.9151312302400356"
"4.805728574800796, 1.8896471397383223"
"4.787014209926758, 1.9234227060502604"
"4.782252473934541, 1.9381262350424464"
"4.768426760891926, 1.9399051686266446"
"4.745633075500315, 1.9626601384097313"
"4.7229766592898965, 1.9852289560445868"
"4.709387912767502, 2.003623059021372"
"4.686952061610002, 2.0258602604695426"
"4.669073371837444, 2.0542138374521883"
"4.655694667817925, 2.072180809440212"
"4.642369389566313, 2.0900335725576937"
"4.624043992738123, 2.1960261136747974"
"4.597398847617, 2.3020053299721397"
"4.571226202466098, 2.4041607496474384"
"4.553941552242704, 2.49939473742441"
"4.5369302197573464, 2.5912680956611993"
"4.5533731359832545, 2.7265597106430803"
"4.577924414122385, 2.8533795616487367"
"4.602237998521621, 2.974846180947459"
"4.609831228611892, 3.0956113740705504"
"4.625522415035368, 3.208596530875834"
"4.6249709963142625, 3.325772551040842"
"4.624424906132196, 3.4374438362783906"
"4.627925108036119, 3.548235708656687"
"4.635421899093591, 3.6481423610463004"
"4.634833179752748, 3.74502505605971"
"4.642236669720377, 3.863503474918506"
"4.645599520081992, 3.9806808132741835"
"4.64109764868172, 4.083578963302703"
"4.644436140833739, 4.189518281531658"
"4.639978373042637, 4.290499244415916"
"4.620167168468376, 4.393647584823064"
"4.600505582128457, 4.4856197235924125"
"4.588667827952771, 4.581149821511001"
"4.573112550441674, 4.670068480430347"
"4.56908053811408, 4.7599898619381555"
"4.5689313029636995, 4.818821186040283"
"4.572594503706501, 4.879817927501673"
"4.568672007824819, 4.940083146942001"
"4.568524895306458, 4.996752190908291"
"4.568378543437296, 5.0529495701524"
"4.564664824502487, 5.086620168238568"
"4.560943968715718, 5.1203504926160175"
"4.564767401199104, 5.154161945484693"
"4.561039401920915, 5.188075721947287"
"4.557333706614973, 5.222076481717971"
"4.561071295598713, 5.212820389800016"
"4.564801682140134, 5.203587609719639"
"4.564733164669951, 5.191312663242146"
"4.568451624659948, 5.1821324002868625"
"4.568378543437287, 5.169925737038051"
"4.5645966609503645, 5.166879969470274"
"4.560817299719851, 5.163836526136229"
"4.560817299719851, 5.1638365261362225"
"4.557040448609823, 5.160795389559248"
"4.553266096505455, 5.157756542294426"
"4.55704044860982, 5.160795389559248"
"4.560817299719851, 5.1638365261362225"
"4.560817299719843, 5.16383652613625"
"4.5645966609503645, 5.166879969470274"
"4.568378543437287, 5.169925737038051"
"4.568378543437287, 5.151441328828236"
"4.5646307206923264, 5.135999955796423"
"4.557098796876139, 5.117526031629872"
"4.549567118547608, 5.099056232860637"
"4.545812307580469, 5.083602685241843"
"4.545856208783306, 5.0525130274823855"
"4.549664741095569, 5.01831129798081"
"4.557245329795483, 4.980987793706104"
"4.564870377603966, 4.949529783953082"
"4.5687089055012855, 4.914900985434688"
"4.572515581672809, 4.899143665442001"
"4.5763248321913705, 4.883348043586032"
"4.580181093480984, 4.87353220354934"
"4.58022557640563, 4.854364939779575"
"4.584045013269737, 4.838431217294245"
"4.584092060851516, 4.825470062844477"
"4.584139169852187, 4.812465927165029"
"4.580404089360184, 4.802446502090691"
"4.584233572592029, 4.792714234210182"
"4.584280866572857, 4.779591394062434"
"4.592005197508802, 4.766077389258939"
"4.595957779731474, 4.7490864785440845"
"4.599865720209758, 4.7258563391074535"
"4.6037815336588075, 4.709001116719129"
"4.607642270309639, 4.692449472225922"
"4.603721191899066, 4.68977144083931"
"4.599750373577072, 4.694039138761136"
"4.60726610506706, 4.694830638510554"
"4.607141372876242, 4.695619928667757"
"4.607141372876237, 4.695619928667767"
"4.603241297093117, 4.738327776715032"
"4.603181662832991, 4.777223866865166"
"4.595519063819236, 4.828491095188529"
"4.595464546214655, 4.872999285688094"
"4.595355724057401, 4.917434867086673"
"4.595247185045285, 5.0050576488647955"
"4.595138928074464, 5.092060457615805"
"4.595030952046829, 5.172633940593565"
"4.587423937548191, 5.259465386246887"
"4.58357788923428, 5.3436694883346645"
"4.579915407859505, 5.384672175989647"
"4.576241138751322, 5.426043874162565"
"4.572555017010308, 5.474231768353312"
"4.572634041861764, 5.513182010098355"
"4.572713272952498, 5.559046084761571"
"4.576492874148887, 5.562220179165024"
"4.576450781507924, 5.568568111147554"
"4.583998026986822, 5.568374269449018"
"4.587768143916755, 5.571545998973424"
"4.587768143916755, 5.571545998973424"
"4.587768143916755, 5.571545998973424"
"4.591587806018881, 5.568374269449007"
"4.5878175726172685, 5.565202468832686"
"4.5878175726172685, 5.565202468832686"
"4.5878175726172685, 5.565202468832686"
"4.599178149784498, 5.555316611070426"
"4.602943902690766, 5.551966191909875"
"4.606707368842281, 5.5421164146570225"
"4.6104044524519345, 5.532122874885155"
"4.614160950635155, 5.52880020962999"
"4.610340429626789, 5.5125597645991"
"4.617846330880731, 5.486668630636715"
"4.617846330880732, 5.467442531889972"
"4.621667198432964, 5.445145249913589"
"4.625416968456277, 5.422818393105126"
"4.632831334901808, 5.36576986383433"
"4.636491244127354, 5.312424340710669"
"4.647605236336161, 5.259501575182153"
"4.65496502901928, 5.2100487310981585"
"4.66230688562893, 5.154719966928457"
"4.673755815428483, 5.108454834837959"
"4.681512124400819, 5.065125428815088"
"4.6930107175518945, 5.018647437115483"
"4.700813247406332, 4.974984253762397"
"4.712492853522178, 4.927846974722243"
"4.720755746812223, 4.8576570275672015"
"4.728932548435218, 4.780256512284602"
"4.733400589408536, 4.70441509551368"
"4.741659463790797, 4.623729211704269"
"4.74603749034078, 4.544564335884992"
"4.7583148334581065, 4.441459835466109"
"4.774632141957936, 4.3374428932174425"
"4.791067815968248, 4.228718103854096"
"4.807623769420714, 4.114611927217638"
"4.824301954336901, 3.994423809199205"
"4.825566497071462, 3.910440800785512"
"4.8268413431214165, 3.822889661909084"
"4.828126619207142, 3.731511759735927"
"4.8294224541398725, 3.6360446379056235"
"4.8307289788652215, 3.536224418092676"
"4.835065888447211, 3.4766366279805254"
"4.839412548816282, 3.4156328221331975"
"4.839637831593585, 3.3486098109864635"
"4.839863425302874, 3.2799332347639734"
"4.840089330589821, 3.2095681306146098"
"4.844226409087433, 3.1561970137753406"
"4.84422640908743, 3.1089360134986563"
"4.852511474239553, 3.0587326637152756"
"4.856659489163932, 3.0149889493529898"
"4.86081117787434, 2.9706491792395013"
"4.864966554566585, 2.9880471011573704"
"4.86912563346083, 2.9930484094800676"
"4.873288428801603, 3.010354167325133"
"4.877454954857764, 3.0153343192704796"
"4.8855405293261605, 3.027585000778501"
"4.889453932392485, 3.01035416732514"
"4.901721874875612, 2.990701066395445"
"4.909817783785214, 2.965891706766115"
"4.918198746486395, 2.951017784400875"
"4.922395017730285, 2.9309868785776487"
"4.943735129326008, 2.890685491109629"
"4.965205514936617, 2.862644209228435"
"4.982543109024675, 2.842041013398422"
"5.008197883398619, 2.8081331249999835"
"5.030056924696915, 2.7657929670959405"
"5.059576438865834, 2.755079971775949"
"5.080910382912837, 2.7308887503764367"
"5.1106549560162, 2.706499508001855"
"5.132169846246578, 2.681911557841822"
"5.1621501866571755, 2.6708382402326762"
"5.1749729499690496, 2.689920070655319"
"5.191781234772064, 2.7170958461949155"
"5.204650687395216, 2.7359854496742173"
"5.2170385075918455, 2.7709024276439536"
"5.225980894377432, 2.781557624420259"
"5.238909463276817, 2.813428115604644"
"5.243924382579285, 2.855573555023021"
"5.256897992690902, 2.8868968633912715"
"5.2664651429474105, 2.9206689354669138"
"5.275516514478483, 2.969417957716537"
"5.265379854792725, 3.0019374986798013"
"5.263218709149331, 3.0239118384173835"
"5.2531684932996825, 3.055653466570895"
"5.251054228363601, 3.0770304159686006"
"5.248952104859855, 3.098153146552093"
"5.264480807237611, 3.018139325183931"
"5.275641543195717, 2.9304145947882887"
"5.291426147582991, 2.845121437614935"
"5.307356479306248, 2.7571599053851017"
"5.3274405802023495, 2.6748415546663153"
"5.308559016744988, 2.62697013879464"
"5.2987968348524035, 2.589458071455546"
"5.2843504133736, 2.5456613131547243"
"5.269819671776302, 2.5011165590777864"
"5.251126931327777, 2.446800350189008"
"5.223600049684162, 2.4363644330131677"
"5.200029326344071, 2.404927515201436"
"5.176334493937325, 2.3730604173987473"
"5.148372652677195, 2.346722383470862"
"5.115637237241297, 2.3295074940094267"
"5.110138810324023, 2.330430611550959"
"5.0955050078646575, 2.3347926026079264"
"5.085092029766027, 2.3484897652175434"
"5.083401052541525, 2.362071800194009"
"5.078030030091803, 2.36292101480435"
"5.077613676076002, 2.366291375960799"
"5.073505525982288, 2.3721834407583344"
"5.0693956292844415, 2.3780730100686043"
"5.052540401732573, 2.3747164826741525"
"5.052142984803433, 2.3780730100686043"
"5.034911394225014, 2.3780730100686043"
"5.025925905043277, 2.396508723199709"
"5.00837370962355, 2.3998302697444913"
"5.003542798597325, 2.4122996567865798"
"4.990517121091586, 2.4214310634035954"
"4.982647023082565, 2.4148505665845406"
"4.970638261734558, 2.399055141046219"
"4.963054328560593, 2.389048020533444"
"4.955114781739338, 2.367141133787449"
"4.938548907360784, 2.3450763111860553"
"4.92933237960688, 2.3518960237974156"
"4.920147481601749, 2.35868702396985"
"4.910993956474304, 2.365449450229086"
"4.897744220056461, 2.3780730100686043"
"4.893057865425961, 2.3906380851440616"
"4.878799887839224, 2.4312498481891964"
"4.864664853608193, 2.471210578352526"
"4.850650821185356, 2.5105276117748403"
"4.840823526639778, 2.543561073377944"
"4.831084330479447, 2.576076518567035"
"4.841816461150595, 2.647382996830892"
"4.852440720800438, 2.7167723719998804"
"4.862958882751024, 2.7842820660669645"
"4.873625660329936, 2.860371268771843"
"4.880001452854019, 2.9291655566593136"
"4.8708622347173565, 3.0382730636877753"
"4.861777473245348, 3.143404782761813"
"4.852746587217847, 3.244664559312998"
"4.839637831593589, 3.3375918731613865"
"4.830728978865215, 3.431606202594356"
"4.825971494581018, 3.5469539772477034"
"4.8212376210602494, 3.657141949595662"
"4.816527168869721, 3.7624630707283693"
"4.811839950669853, 3.8632202582471464"
"4.803124698683983, 3.9645782123879236"
"4.78639778187647, 4.078999768951995"
"4.769793580568976, 4.187828865819313"
"4.749485919695513, 4.295045981889036"
"4.729313599095646, 4.3976409333689706"
"4.717028282932009, 4.489217423487057"
"4.697214766070934, 4.563620255785656"
"4.681302751214578, 4.639713802260626"
"4.669271958599366, 4.710918432766771"
"4.657315379325222, 4.78063456569123"
"4.641656928197195, 4.852117212181721"
"4.6377146244798695, 4.899919827000179"
"4.626159233242346, 4.941109035788934"
"4.622240807944626, 4.988308553976772"
"4.618399770048088, 5.028898487051064"
"4.610725820260694, 5.072574685701053"
"4.6183997700480885, 5.09730820085008"
"4.618469356921457, 5.128296737499776"
"4.6186088039404325, 5.153030604680021"
"4.6186088039404325, 5.184220389171831"
"4.622529867647395, 5.2122658922930905"
"4.611049292596567, 5.246734083370593"
"4.614830188729321, 5.281273402043717"
"4.614762870850331, 5.312738813015981"
"4.614762870850331, 5.350644091089531"
"4.610854955496093, 5.385442801363225"
"4.614695641000536, 5.414143270552097"
"4.614762870850331, 5.4398338663958805"
"4.610984428775328, 5.468823598597483"
"4.607203698145675, 5.491498313392582"
"4.607266105067069, 5.51761069469847"
"4.607266105067069, 5.51761069469847"
"4.607266105067069, 5.51761069469847"
"4.603480615614299, 5.514436496351624"
"4.603480615614299, 5.514436496351624"
"4.603480615614299, 5.514436496351624"
"4.5996353291446646, 5.504610284118657"
"4.599577919882605, 5.4979751597501645"
"4.595683044408833, 5.488053364648375"
"4.588015933350611, 5.475011547244276"
"4.587966246024479, 5.468444945134437"
"4.5955190638192365, 5.449064911388454"
"4.599291997217017, 5.433014690348716"
"4.614494477902546, 5.420248527757923"
"4.629700051744448, 5.407507125844965"
"4.633462336048002, 5.385231526526052"
"4.633621117057291, 5.398085049430742"
"4.633700663282713, 5.4045333097103745"
"4.626159233242343, 5.417381666785611"
"4.622385148653812, 5.42702076311769"
"4.6263088530717305, 5.443204970865108"
"4.630085583150824, 5.439940856012536"
"4.630162992587234, 5.433629609479691"
"4.633939927291311, 5.423965916611367"
"4.63779703837681, 5.4208121334493224"
"4.634019891088431, 5.411259436425673"
"4.637797038376809, 5.382506204542713"
"4.641487094381243, 5.360174647850586"
"4.645257347173439, 5.337990124088652"
"4.645170155461551, 5.312716159554093"
"4.652699175216056, 5.287544551313"
"4.648846249093494, 5.290680544791401"
"4.648846249093494, 5.290680544791401"
"4.648846249093494, 5.290680544791401"
"4.648846249093494, 5.290680544791401"
"4.644996113819617, 5.293815467704082"
"4.645083077751447, 5.325293507020187"
"4.649025392984268, 5.3537858448356035"
"4.649115140901204, 5.385584115316119"
"4.649205006440158, 5.417565635089623"
"4.649294989832605, 5.449744764619031"
"4.645432073499683, 5.478699869562477"
"4.63771462447986, 5.510951418526449"
"4.633860068194949, 5.540174104573998"
"4.630008275030748, 5.5695412343326565"
"4.626159233242343, 5.599061219356134"
"4.625935536127479, 5.585257518518873"
"4.629546542853745, 5.568374269449007"
"4.629317028545117, 5.55476355473599"
"4.6366529844364655, 5.541241574545299"
"4.636410531217234, 5.527806749468922"
"4.643961340765698, 5.5084958201902054"
"4.647693133295188, 5.49238451096483"
"4.655243049242663, 5.4732016436479825"
"4.655243049242665, 5.454081292576566"
"4.662794084218072, 5.435020744280784"
"4.666519954305745, 5.41281137149522"
"4.670243710217703, 5.390689786630476"
"4.673965361505044, 5.368651306327441"
"4.677684917671893, 5.346691190961324"
"4.681402388175603, 5.324804644752969"
"4.677684917671897, 5.303002903878432"
"4.677684917671893, 5.278129999999995"
"4.677684917671897, 5.253314821646342"
"4.677684917671893, 5.228549968338081"
"4.673965361505042, 5.206893122494542"
"4.689175012841625, 5.169786154752757"
"4.700690705600729, 5.135724714374502"
"4.708382208922701, 5.104765717652279"
"4.716085320325139, 5.073771423243262"
"4.727521698350047, 5.039709716257965"
"4.731669754723311, 4.999031562403568"
"4.735831843791727, 4.958129565229758"
"4.743894749417601, 4.913709153073492"
"4.751991399146073, 4.868906598885113"
"4.760122081193338, 4.823663940729665"
"4.76828708701723, 4.784346704822605"
"4.77648671135799, 4.7445969188298385"
"4.788485782195608, 4.701291924342403"
"4.796761485201532, 4.6605266111436165"
"4.805072763124591, 4.6191937085335955"
"4.82517250673041, 4.532504096714865"
"4.841596218646482, 4.439263641146887"
"4.858119948336378, 4.349930282074512"
"4.87474520855586, 4.249570126413833"
"4.891473536668622, 4.144759995925675"
"4.892499699469985, 4.059863736966975"
"4.893272982267602, 3.981208030327238"
"4.894049424234703, 3.890868458142638"
"4.902779801713119, 3.796837115714471"
"4.9074291760092645, 3.7043411393537475"
"4.912095486390908, 3.6377743387140633"
"4.924779675438046, 3.5591670472590593"
"4.929782370805071, 3.48671568951632"
"4.930644155104847, 3.418220466386323"
"4.939863947497274, 3.3459015135828523"
"4.93626975799055, 3.3042907133634714"
"4.932668929818259, 3.2733177712630166"
"4.929061438894734, 3.2305231826170306"
"4.929350061926443, 3.1938853675572254"
"4.925447260983239, 3.1519503004397684"
"4.921542641291568, 3.1331842363373923"
"4.909817783785212, 3.1121134111130324"
"4.901991959956339, 3.0979659250171423"
"4.89023917015203, 3.076593273374179"
"4.882394503552606, 3.0500882638230777"
"4.882394503552606, 3.050088263823092"
"4.886317790186547, 3.045134949423584"
"4.89023917015203, 3.0401777765499602"
"4.894158652466217, 3.035216753232831"
"4.894158652466217, 3.035216753232831"
"4.8787237706849815, 3.00369390666728"
"4.867175341838162, 2.9666917081792192"
"4.8516466032082395, 2.9342710238275416"
"4.836290880425966, 2.886084944807756"
"4.820860369212834, 2.836983567682161"
"4.833000808174351, 2.8448011332027647"
"4.837198888692477, 2.850024960345401"
"4.845372659910315, 2.850024960345415"
"4.849106614461826, 2.860371268771843"
"4.860996156566845, 2.8835645395011795"
"4.860996156566845, 2.8706673989519444"
"4.864955341564757, 2.8783869170323655"
"4.872867775274061, 2.880913592990403"
"4.884982118591644, 2.8886001246709867"
"4.884982118591644, 2.8886001246709867"
"4.897095619270188, 2.89626524257379"
"4.909208501818226, 2.8911100935552057"
"4.9173779449803, 2.8911100935551985"
"4.917377944980293, 2.8911100935551985"
"4.9294931208212835, 2.885951249467645"
"4.933433297798167, 2.8807887216596697"
"4.941308147022676, 2.8833059690080276"
"4.94917571421943, 2.885818011892802"
"4.961277118258162, 2.8806642780426515"
"4.965205514936617, 2.8755068848228547"
"4.976624568919771, 2.79758775982512"
"4.984565950819732, 2.7059574893276803"
"4.9842662039602, 2.6106740059003783"
"4.996104030680778, 2.52350876492072"
"4.999972086041598, 2.430120904842326"
"5.034039222994475, 2.4449262321227465"
"5.059243338872516, 2.448151276117045"
"5.097067441726243, 2.445604636708808"
"5.126802966642359, 2.439836999600729"
"5.169229081881654, 2.4430621356961595"
"5.194526712204086, 2.416739676483843"
"5.2284596264794025, 2.4051752824224195"
"5.249761492262236, 2.399389236203568"
"5.279739286352534, 2.3936006561632155"
"5.301106428188761, 2.3878095666831385"
"5.325773000952763, 2.2840213573903156"
"5.355368194189837, 2.184959812657624"
"5.390786177737212, 2.071255764945221"
"5.418094143598742, 1.952179522641174"
"5.450650020537925, 1.8210746898761414"
"5.462372484452654, 1.7906357541575275"
"5.469790613991092, 1.766565738955812"
"5.481639982753011, 1.7709991325752341"
"5.493559276712023, 1.7400702035502889"
"5.504746930685968, 1.7311693851618344"
"5.496368384849939, 1.7599777030561228"
"5.488055284358031, 1.7709515813075924"
"5.479806831665568, 1.7643290370867746"
"5.471622242188724, 1.7926387974701967"
"5.468581917644718, 1.809873913459839"
"5.459175246184284, 1.809873913459839"
"5.449777725817405, 1.809873913459839"
"5.440389290930286, 1.809873913459839"
"5.431009875471199, 1.809873913459839"
"5.417314836563385, 1.799051451377352"
"5.41441428897995, 1.796960251228228"
"5.402817544186121, 1.7905283512509556"
"5.391171937653693, 1.7840577325087992"
"5.383843029500717, 1.7709515813076493"
"5.375796987054304, 1.779771999299335"
"5.36569066944046, 1.7841455239621098"
"5.359300318410605, 1.7862817649854748"
"5.352938464239848, 1.7884093571892095"
"5.347264600878544, 1.8036464595151855"
"5.3372659906889846, 1.790528351250984"
"5.320284305969701, 1.85914400399394"
"5.308513586006597, 1.9324110761246658"
"5.292131474361801, 2.014037144611308"
"5.271299676748712, 2.0871286050414213"
"5.255592708471451, 2.1642158281101658"
"5.240723204833381, 2.2510306996412908"
"5.226108783946694, 2.3351918951543666"
"5.216308266765855, 2.407692929169343"
"5.206662130489516, 2.478096618108964"
"5.197166677876099, 2.5464485731932243"
"5.165880703823152, 2.5922219218590783"
"5.13085230710188, 2.6289206327731662"
"5.09168388956821, 2.659711995746754"
"5.061128333377928, 2.7037157651649224"
"5.038690847907924, 2.7363658516512714"
"4.999972086041598, 2.8732056086012108"
"4.965522198207044, 3.0117143133019084"
"4.93559580546445, 3.1488006455205024"
"4.901721874875609, 3.2748076118139515"
"4.856421729002312, 3.397707096857065"
"4.8430852579897525, 3.549191117425174"
"4.833740067893651, 3.697249274331302"
"4.8244747571223785, 3.836337367907813"
"4.8114332257565104, 3.96240185858748"
"4.802338269052262, 4.086244062696643"
"4.789677308863145, 4.190484145717697"
"4.773274132670829, 4.286021854579857"
"4.756968277764119, 4.377858756626011"
"4.740758277530591, 4.466413949289301"
"4.7246426893733435, 4.5520890787323705"
"4.720144283498083, 4.612015126095507"
"4.711887627885564, 4.667149533639744"
"4.699896807198633, 4.724359014613338"
"4.68407589879806, 4.784015773373502"
"4.668343795750753, 4.842740233655187"
"4.656839147678631, 4.865066474268552"
"4.649205006440157, 4.884027605943539"
"4.6491151409012055, 4.903192385529923"
"4.652883429118636, 4.919034171922808"
"4.649025392984267, 4.934840274995857"
"4.645170155461551, 4.931818272646488"
"4.641233176032499, 4.935290500676333"
"4.633541674713536, 4.935515166021887"
"4.625861165025251, 4.935739533836676"
"4.625786890907052, 4.935963604717937"
"4.625861165025245, 4.948239927705352"
"4.625935536127479, 4.9605195565132245"
"4.6221687789833545, 4.976023567016551"
"4.618399770048087, 4.991521317953685"
"4.618469356921453, 5.003808988914951"
"4.6183997700480885, 5.028898487051064"
"4.618330274027554, 5.053931611703822"
"4.625861165025251, 5.0789174776860655"
"4.629623247233599, 5.1007051363451055"
"4.633303968940519, 5.12878286848105"
"4.625712713583262, 5.153598847960229"
"4.621953255460286, 5.181509096918942"
"4.6144275984479926, 5.206337453211662"
"4.610661378995879, 5.23436977664924"
"4.603122106414843, 5.259343734323907"
"4.607016966652916, 5.268723732792807"
"4.607016966652918, 5.268723732792785"
"4.610854955496093, 5.271856211719292"
"4.610919649797295, 5.27813"
"4.607141372876243, 5.281271346555837"
"4.614695641000531, 5.256179918931623"
"4.618469356921452, 5.240538367974249"
"4.622240807944628, 5.218680249463902"
"4.625935536127472, 5.196920258108098"
"4.637304168979709, 5.17516141742774"
"4.637222399201914, 5.131741598941328"
"4.640980251320135, 5.0852516328082675"
"4.640896162882908, 5.041960065894125"
"4.644649391424473, 4.995469592114297"
"4.644562993051241, 4.9521092787495355"
"4.644562993051241, 4.939641545081605"
"4.6445629930512435, 4.927159922637857"
"4.644562993051241, 4.914663250880883"
"4.644562993051241, 4.902150361378721"
"4.644562993051241, 4.889620077843679"
"4.640812183987733, 4.911416553001649"
"4.644562993051241, 4.939641545081605"
"4.6369777287456975, 4.9645642762479"
"4.640728314420603, 4.992640280442311"
"4.640644553968078, 5.023834416610079"
"4.64822291682473, 5.073374067923302"
"4.64456299305124, 5.113439416785445"
"4.648400431663545, 5.153679603871172"
"4.644735902467013, 5.193942527372318"
"4.644909263443077, 5.231234592153988"
"4.644909263443075, 5.243722671639087"
"4.648667572927987, 5.2593559708327975"
"4.6486675729279865, 5.284395192218651"
"4.648667572927983, 5.303213958768813"
"4.644822526399475, 5.325201066706771"
"4.644909263443076, 5.331530324993846"
"4.648846249093494, 5.3347368492067755"
"4.652699175216056, 5.331600265525719"
"4.64893576245846, 5.328462787449833"
"4.649025392984268, 5.32218509294384"
"4.6489357624584615, 5.3032631734156475"
"4.6488462490934905, 5.290680544791397"
"4.656460403743786, 5.278130000000001"
"4.663976347900446, 5.265602345319684"
"4.671483674019006, 5.253104749116167"
"4.6789824604088865, 5.228163124998401"
"4.682617358668084, 5.200212838414031"
"4.682395160077724, 5.1692947650827765"
"4.689866848754411, 5.138404428641966"
"4.6973302195830975, 5.113759113160732"
"4.697571630467969, 5.070212057969789"
"4.701551855224465, 5.023503787870764"
"4.709407960125449, 4.979630773409397"
"4.709666075290038, 4.94177128262308"
"4.713673754410067, 4.894377817930039"
"4.72171409033527, 4.8430289479575315"
"4.72602784304905, 4.794134054008802"
"4.730362005961117, 4.7445969188298385"
"4.738492349371472, 4.6912513506994316"
"4.742875612720529, 4.640154101971346"
"4.750752285760688, 4.612939247198085"
"4.758641460942506, 4.585492411321701"
"4.758968956812082, 4.55729467137971"
"4.763090418881557, 4.525607194817782"
"4.763257412810665, 4.490344002107133"
"4.763424629278992, 4.4687451089864485"
"4.763592068732313, 4.446967885454953"
"4.767560760585682, 4.428884889784841"
"4.771532655808833, 4.410681064078094"
"4.77948610700539, 4.3956416188596155"
"4.783648981997962, 4.369254332001306"
"4.7878208385364625, 4.342569895332332"
"4.799811509838316, 4.315577440183411"
"4.807821844648885, 4.292399619297605"
"4.81203313582435, 4.264813435786529"
"4.816458071320973, 4.212906507362689"
"4.820898670272412, 4.167706632231564"
"4.825355027833059, 4.1134796310488895"
"4.830042115555389, 4.056918799676971"
"4.838598157771356, 4.0035734575110915"
"4.843339975456787, 3.90891853878734"
"4.851965955550856, 3.8061856779829917"
"4.856528270464413, 3.704253597949897"
"4.857234751120822, 3.59208539128214"
"4.857944142429243, 3.474590763062807"
"4.831166885561981, 3.4066556102074834"
"4.796180925568525, 3.3365503232788107"
"4.765095674253356, 3.257503984244739"
"4.73775229786126, 3.182607632046544"
"4.7102241118698895, 3.1053027941505142"
"4.694517912439494, 3.0842532776651126"
"4.6868786461906105, 3.0629504620054107"
"4.671028363616999, 3.0413907399185263"
"4.659137649730435, 3.026997113272202"
"4.647191259962159, 3.0124710887715977"
"4.643691842389632, 2.9135124325948"
"4.631966331635043, 2.808133125000012"
"4.628445461632518, 2.6985971608766945"
"4.620661446200652, 2.579164438251219"
"4.608629308520658, 2.4609468271677173"
"4.610334866358824, 2.320036729019037"
"4.620736480344504, 2.1576126158465456"
"4.622640107995347, 2.001819307319842"
"4.624698850266545, 1.8326289369747144"
"4.631388108827024, 1.6470167655835226"
"4.651769952882764, 1.5622851408945237"
"4.663407541933059, 1.488612922131459"
"4.684900201351174, 1.3983168037202915"
"4.7070519861040685, 1.3051835236780818"
"4.729895368739969, 1.2093026720001347"
"4.725530167677973, 1.336538768029385"
"4.7260184636355085, 1.4518382673885952"
"4.721897631122351, 1.569155846405529"
"4.717932591453415, 1.6813616048896094"
"4.714114665090121, 1.7885104562378018"
"4.718377529116754, 1.8037941724893756"
"4.722631084428985, 1.8190192317192668"
"4.731279095402621, 1.8276297575235247"
"4.735508041915815, 1.8427489835038813"
"4.73972783095496, 1.857808947496281"
"4.757643523400216, 1.8751032294072587"
"4.775570322656827, 1.892363595589515"
"4.78912975488553, 1.9161007371018215"
"4.8070849123753066, 1.9332839229953578"
"4.829425508530419, 1.9439335309841042"
"4.8448413177957805, 1.9849227974377897"
"4.860035307974516, 2.0250768723765304"
"4.875012681234846, 2.0644110054363978"
"4.885267150932263, 2.0967156435592926"
"4.89565299897192, 2.140682271373379"
"4.894516229681599, 2.171503931117435"
"4.897559552333604, 2.2116932653789902"
"4.891983040709312, 2.2357232485655416"
"4.895295450590956, 2.271493929747791"
"4.889759403664737, 2.2949405823855926"
"4.895014311951753, 2.2904713319620242"
"4.895858971710414, 2.2799774478235264"
"4.9008695680159455, 2.2789567620209468"
"4.905899869765083, 2.277932148316225"
"4.911245268998844, 2.2889681295344175"
"4.897844453064145, 2.302005329972147"
"4.8847576209603405, 2.3115040954543318"
"4.876132878124965, 2.326973318468667"
"4.8630732556819805, 2.336415345645989"
"4.8583834990482195, 2.3338805936174865"
"4.852952578222977, 2.356964155281652"
"4.847804260998368, 2.361219353862637"
"4.846823789698894, 2.3747164826741667"
"4.841480568320247, 2.397288009973984"
"4.832057930473254, 2.4254328309800712"
"4.832522781575875, 2.4188800926378633"
"4.836879916584187, 2.4247109024799016"
"4.837116131959715, 2.421431063403581"
"4.837589596990218, 2.4148505665845548"
"4.842201180170518, 2.402376768688889"
"4.855850689972277, 2.367982156719762"
"4.865684997250994, 2.351021451813942"
"4.8794952570026755, 2.3313501928970126"
"4.893386197653024, 2.2959903317064843"
"4.898988292245458, 2.272326915332691"
"4.908828757007523, 2.273793960581102"
"4.922941207768562, 2.253408967342999"
"4.937456573256092, 2.229208893632773"
"4.947521266689469, 2.230571455053159"
"4.966132455422539, 2.21959302452089"
"4.9820067886846875, 2.237851714240527"
"4.993214459992059, 2.2656055649180615"
"5.004339212949949, 2.2929991911889758"
"5.019924820377385, 2.310542190555225"
"5.031260769358367, 2.3338805936175078"
"5.038002881009163, 2.351021451813949"
"5.044699095310878, 2.367982156719762"
"5.047242976473539, 2.3906380851440616"
"5.058355592179086, 2.398064362314848"
"5.060841164093412, 2.405431668661329"
"5.065728817539891, 2.393000770405152"
"5.070628782187009, 2.380512159332767"
"5.075541117068696, 2.3679656967782066"
"5.075954405283802, 2.364609821766038"
"5.084982124180462, 2.3612469027625096"
"5.086669913616634, 2.332483587744605"
"5.088367740221553, 2.303394391498422"
"5.090075694307645, 2.2739772071347844"
"5.091793867279115, 2.2442300790481085"
"5.0935223516486925, 2.2141512164844883"
"5.0948255380672265, 2.2190802868809456"
"5.096134617219713, 2.2240269789086966"
"5.102076510236204, 2.2192495622263593"
"5.103408733376439, 2.2242202931326815"
"5.104747026561062, 2.2292088936328156"
"5.103854154597751, 2.2364713107937106"
"5.102963986601347, 2.2437031098976448"
"5.092827778545956, 2.2544937049720133"
"5.091957885929549, 2.261649569295784"
"5.091090612012202, 2.268775303526091"
"5.082227749688588, 2.3441868489911357"
"5.0693956292844415, 2.4082421962603178"
"5.065728817539897, 2.482114615164491"
"5.061711089454851, 2.556981984771241"
"5.053333934475868, 2.62402939571988"
"5.0414665615178675, 2.7462776843686925"
"5.033734384225388, 2.8712107746535125"
"5.021799038228794, 2.9854180765269547"
"5.006115414792044, 3.0873460468880083"
"4.994886174723753, 3.189735994741376"
"4.977008084285038, 3.34674870338846"
"4.955088372306834, 3.5008796057935143"
"4.933361068524303, 3.645883660993043"
"4.911822434976351, 3.7824305907249354"
"4.890468815494851, 3.911215344356588"
"4.873125537587991, 4.045949229057541"
"4.859984865751121, 4.168572352932479"
"4.8391180047692925, 4.284873035992003"
"4.826218363875475, 4.395641618859603"
"4.805657534527795, 4.508575866183309"
"4.793363804546163, 4.5891165433934145"
"4.777361871176763, 4.67066529033325"
"4.76913327798107, 4.75036439879235"
"4.753097433880093, 4.828834430435725"
"4.748713671784713, 4.896392108913545"
"4.741056185663209, 4.971801857512268"
"4.733400589408536, 5.046811847341264"
"4.721851715793033, 5.124836304075107"
"4.714335844600244, 5.19970377835159"
"4.702921093038346, 5.278129999999995"
"4.6953893461088825, 5.3286613626037855"
"4.69162031694831, 5.376336139926279"
"4.691738445267202, 5.421190363999195"
"4.687964851118715, 5.469585454194535"
"4.684189127999799, 5.518412224432767"
"4.67673971820124, 5.538388079908962"
"4.673061228080121, 5.561697266900286"
"4.669375768566553, 5.585160104580691"
"4.665683312305699, 5.60878171751619"
"4.661983831763425, 5.632567206119379"
"4.661983831763417, 5.646018935784858"
"4.65818053458115, 5.6562627712225595"
"4.6543750151072425, 5.666536381701709"
"4.650567263040645, 5.67684014105584"
"4.646757268028566, 5.687174421842339"
"4.642771797731792, 5.703782259812081"
"4.634906462445978, 5.723689816919311"
"4.630942703471626, 5.740362404370688"
"4.626987022276391, 5.763959612391797"
"4.619170262025071, 5.784003508114102"
"4.619453213415769, 5.813273445619687"
"4.619737662056258, 5.842909805677867"
"4.623849609767723, 5.8691505594635425"
"4.6241471750180425, 5.892314051027773"
"4.6244463270253835, 5.922988201879657"
"4.624296551884626, 5.907601042357215"
"4.6280580883670694, 5.8889415299632075"
"4.627903859445866, 5.873765570397005"
"4.62775003971503, 5.858686878048871"
"4.635313721010332, 5.836640331935328"
"4.639046338246779, 5.797462193624082"
"4.642771797731792, 5.758727691291496"
"4.642685358470536, 5.723997153081219"
"4.646401316376377, 5.686052566735471"
"4.646312622029842, 5.651992761645349"
"4.646312622029842, 5.645266649111196"
"4.646312622029842, 5.631843641761648"
"4.650110182271341, 5.615004328042504"
"4.650110182271341, 5.6016712341612"
"4.6539991657720226, 5.5918016521435865"
"4.653905513257885, 5.571705337370149"
"4.653811984181339, 5.558304158701027"
"4.653811984181339, 5.5451350611527515"
"4.653718578298368, 5.53182877595589"
"4.649746682742396, 5.5152273953670345"
"4.653625295365633, 5.499003882836869"
"4.657506749948919, 5.482816624645142"
"4.653625295365632, 5.473017036836068"
"4.653625295365633, 5.460066987950036"
"4.657506749948919, 5.443973556432135"
"4.657506749948913, 5.431080516105942"
"4.661391058485669, 5.4214753572883305"
"4.669168285503028, 5.408709374944689"
"4.673061228080119, 5.392705064145653"
"4.673061228080111, 5.379893278447833"
"4.6768483238456255, 5.363881635379972"
"4.672849086538019, 5.341505231450822"
"4.668858084735907, 5.319233372886388"
"4.672637503162128, 5.303395361617629"
"4.676414758320913, 5.281283719964899"
"4.680189860127807, 5.284436314782533"
"4.687849171090138, 5.29074646740899"
"4.691620316948307, 5.293897842963882"
"4.6953893461088825, 5.297048151826034"
"4.699156268259316, 5.3065114448224175"
"4.6955099201995845, 5.341380032764059"
"4.691856729113611, 5.376465924167534"
"4.692093764620189, 5.415045953831337"
"4.68842909764472, 5.450659708828561"
"4.688662140993275, 5.489881326461037"
"4.692569715552409, 5.506282369969773"
"4.68889580098079, 5.522907699364096"
"4.6928086359585, 5.539441273720683"
"4.696724442275688, 5.556038049406537"
"4.696724442275688, 5.569283260757714"
"4.696724442275694, 5.556038049406539"
"4.704310265387872, 5.542648426835593"
"4.704310265387872, 5.529479792790377"
"4.700393765526088, 5.512985602870743"
"4.700393765526091, 5.499893361623764"
"4.6966022668512375, 5.496698439462045"
"4.700393765526088, 5.493358764418394"
"4.700393765526088, 5.493358764418394"
"4.704437557341663, 5.490307706201007"
"4.704437557341667, 5.483777683037462"
"4.7080999993390655, 5.480312097640886"
"4.704183141800954, 5.476988465064867"
"4.704183141800954, 5.476988465064867"
"4.704056186246795, 5.483364695165301"
"4.707840982808423, 5.486552300876627"
"4.707970405443938, 5.480176753523704"
"4.711887627885565, 5.47048203348516"
"4.715673160714411, 5.454188293153667"
"4.71945660746343, 5.4379487099878"
"4.715673160714413, 5.428310205581057"
"4.715404284304492, 5.3831288730375855"
"4.7152701122975635, 5.338385395548362"
"4.711229060692185, 5.297097950594858"
"4.707196426671167, 5.2560646921532275"
"4.706939791217276, 5.212136591085664"
"4.710574821142561, 5.146539470832222"
"4.714203078808272, 5.081189657376765"
"4.717824590070353, 5.015933559358899"
"4.717689747640268, 4.953636288143841"
"4.721302295651721, 4.888084755269849"
"4.721851715793028, 4.823663940729659"
"4.726168633041882, 4.761648849467697"
"4.7306501628332915, 4.691651286168913"
"4.735011342756047, 4.620561202277436"
"4.73939330766061, 4.5546392799031"
"4.7515457586308445, 4.487133134412044"
"4.755988948174555, 4.417852200814641"
"4.760287693874715, 4.347288027879017"
"4.768586461371252, 4.270520265363665"
"4.7692748540524725, 4.19036089023837"
"4.774153676318091, 4.0608419992421645"
"4.779069526072893, 3.923402945324522"
"4.788073967853077, 3.781035901323772"
"4.801033419339187, 3.63482016002515"
"4.814096874119434, 3.4685024177207637"
"4.795399999997576, 3.4093688263883877"
"4.77636781904179, 3.3392668840703976"
"4.757374615291813, 3.276306993059226"
"4.73424964582986, 3.204560929587654"
"4.718909731745319, 3.132595182868073"
"4.722903071027215, 3.079288994038933"
"4.727044077238955, 3.035195489505064"
"4.731035558040118, 2.9803421143926982"
"4.735024752503245, 2.924651657545411"
"4.735024752503245, 2.8733177970809507"
"4.723641273413904, 2.8265690759147475"
"4.708148641272078, 2.770836842216262"
"4.692531763711799, 2.713818554080248"
"4.676788573024272, 2.6554919022382535"
"4.66091694329855, 2.595836179611176"
"4.657135404617096, 2.5639872293704613"
"4.657446550608812, 2.540490000497705"
"4.657759033458684, 2.5167686550596002"
"4.6580728618057465, 2.4928217033278273"
"4.654148162311142, 2.4628911083590026"
"4.658493407668972, 2.4359090025819725"
"4.662957186358214, 2.3904752766013004"
"4.671587882129654, 2.3687981276006127"
"4.675972438793158, 2.341080219136785"
"4.684646317388586, 2.319068187359079"
"4.6985880211092015, 2.2630222384908407"
"4.712581704796433, 2.2249709343983497"
"4.722528418933371, 2.1604198345527763"
"4.737032077289492, 2.1005318160122926"
"4.751748577241412, 2.0392314106821914"
"4.758618101650435, 1.9771637009988368"
"4.7656308478867855, 1.9132913677662273"
"4.777406525798882, 1.854156416977439"
"4.784772340241445, 1.7866642758995255"
"4.797023336919183, 1.724029428320648"
"4.8024441261658, 1.6990361647649763"
"4.8078961914304355, 1.673853334060368"
"4.808604357508625, 1.6416621962410147"
"4.814103234934412, 1.6160827795145494"
"4.814830131213809, 1.5834607270469263"
"4.80836792514065, 1.6280293919891662"
"4.792741000709887, 1.6719415496536172"
"4.791192993437525, 1.7219196887366124"
"4.789444647136559, 1.7577889353819103"
"4.787718094340268, 1.810713325868008"
"4.773804183244888, 1.826019572793193"
"4.768975492933599, 1.8412659006982182"
"4.750516758172164, 1.8498682192703981"
"4.732296540604533, 1.8715777372952402"
"4.714114665090121, 1.8758355765962165"
"4.705261612730522, 1.8715777372952402"
"4.700830766378356, 1.8781489194791092"
"4.687385019748606, 1.8673112705203323"
"4.673933312387679, 1.8564520395880777"
"4.660475277265264, 1.8455713845829607"
"4.64701054311205, 1.8521617256806167"
"4.629076708295325, 1.8478627542038524"
"4.6155914043976445, 1.8544599776037174"
"4.6020981296452605, 1.8610575208641436"
"4.593139927282108, 1.874253367793024"
"4.5747938109730875, 1.8997588590750567"
"4.556619028728214, 1.924953996832464"
"4.538632661785248, 1.9627956028856843"
"4.520783716937191, 2.000167383098713"
"4.503076414862549, 2.0242856763572803"
"4.467904314498484, 2.0774172160805335"
"4.428628721314553, 2.123452109122539"
"4.3940658414353555, 2.1625500795068078"
"4.359785343227886, 2.2010554963135434"
"4.321367461942005, 2.245101182356329"
"4.304308811579833, 2.26812452424155"
"4.29154075744801, 2.2813551947490183"
"4.287456262853096, 2.2945250238446633"
"4.283380137526143, 2.323228695452059"
"4.275077640482661, 2.345703121025302"
"4.288285895534834, 2.3585972639778987"
"4.305840545514135, 2.380810969444653"
"4.310367909979465, 2.3935460349304662"
"4.319107024297917, 2.381633310859229"
"4.336409814221703, 2.385019567611671"
"4.35379363397887, 2.3765038127654066"
"4.366792190464218, 2.3739455878734574"
"4.388292655762272, 2.386640171245446"
"4.405513386351794, 2.408522220980217"
"4.4141739088228835, 2.4151731453532364"
"4.431297928654621, 2.4368257886222153"
"4.45258319261055, 2.449224785335552"
"4.469598347173661, 2.4557355657185482"
"4.486561269082004, 2.4622186999575106"
"4.503473005283528, 2.4834783858126883"
"4.5203224157746105, 2.5109000890258457"
"4.528674197079447, 2.555585676498289"
"4.5453181466361245, 2.599514724992929"
"4.557698865218974, 2.6341825626760027"
"4.574172869029741, 2.6599225084384486"
"4.594607172207807, 2.737736330274089"
"4.619045584961886, 2.805458506977402"
"4.635101610419503, 2.8715413561483842"
"4.655094637379163, 2.943650835202071"
"4.674941617621988, 3.0137891620913493"
"4.690890841847974, 3.057947841483653"
"4.7107773084877556, 3.108513444402586"
"4.726594786115406, 3.1510514690025957"
"4.742193945231812, 3.2066356046503834"
"4.761842348203216, 3.2542297598074583"
"4.768860300316514, 3.355761171195791"
"4.771900438301259, 3.446929214205653"
"4.778824596585308, 3.5405504890038912"
"4.7858809858696665, 3.6189659403487973"
"4.784763061974992, 3.7056465449820983"
"4.7803390297026365, 3.7797360925287897"
"4.772065811481516, 3.855429570202933"
"4.759786278588792, 3.924950533000608"
"4.7515718635322495, 3.9961300522064285"
"4.747394344154804, 4.060569811505879"
"4.743538021679954, 4.08070689450706"
"4.743694435906197, 4.096147028290694"
"4.747712516081511, 4.11604043248904"
"4.743851061803862, 4.135795161404818"
"4.743851061803862, 4.1518560752748925"
"4.747871925126943, 4.147404048175886"
"4.751733841132091, 4.143838018350486"
"4.751733841132091, 4.143838018350483"
"4.759618718295571, 4.135795161404836"
"4.759618718295577, 4.127727303956821"
"4.759618718295583, 4.111515786111482"
"4.759618718295571, 4.095201863078408"
"4.763647058465925, 4.074179075117222"
"4.7636470584659145, 4.057620163451563"
"4.767678691447301, 4.04463064492592"
"4.763476930133703, 4.07514653835856"
"4.763307031953163, 4.108845063269296"
"4.762967924178794, 4.134933689269918"
"4.7586181016504305, 4.165100767093108"
"4.75828635946098, 4.198318700907748"
"4.7461302082058285, 4.250651930819622"
"4.7340195164806085, 4.301818388837216"
"4.725923010962143, 4.362565751263139"
"4.721813468371157, 4.417993060895393"
"4.709932488454135, 4.465243058701089"
"4.721533412996293, 4.483157596924416"
"4.729168642135639, 4.4977437339105215"
"4.729023878577939, 4.512245353667767"
"4.72887930803532, 4.526664414134247"
"4.732688771176842, 4.537294556261147"
"4.732835842826813, 4.5367695105454775"
"4.732983110789079, 4.53624368525916"
"4.7331305754574435, 4.535717078602531"
"4.733278237226726, 4.535189688770224"
"4.733278237226726, 4.542103759786663"
"4.7331305754574435, 4.549520013123496"
"4.732983110789079, 4.556910585565497"
"4.73679549512231, 4.560596338111095"
"4.74060580479063, 4.564275786099072"
"4.744414049399477, 4.567948967745931"
"4.744414049399482, 4.5542420457587465"
"4.744414049399482, 4.540481014093665"
"4.744414049399477, 4.5266644141342525"
"4.748377709640209, 4.515993444656255"
"4.752344528698148, 4.505280903156779"
"4.752504923052797, 4.483728101654364"
"4.752504923052786, 4.469650725874503"
"4.7564776311426815, 4.451666238273299"
"4.748693283232186, 4.437438345280313"
"4.7448795902493055, 4.4264140603700515"
"4.741063834545661, 4.422521036333695"
"4.741370209673253, 4.399645551998892"
"4.737698328826717, 4.38050958107765"
"4.74581629491999, 4.357190806946651"
"4.745973146169477, 4.326889300331146"
"4.7577904181073265, 4.307853976320191"
"4.7656188989125114, 4.300346989137582"
"4.773449568310096, 4.292819533020344"
"4.777276675143346, 4.281866698806979"
"4.785108108135829, 4.274290801940371"
"4.788931725328165, 4.286021854579854"
"4.7889317253281725, 4.2935628755192194"
"4.796764068829205, 4.3085832598677225"
"4.8005842694647365, 4.32015436612158"
"4.8044025081230775, 4.331670031268921"
"4.808417668990245, 4.335027320965864"
"4.808218793895334, 4.350512104132271"
"4.8044025081230775, 4.353852294488325"
"4.808417668990248, 4.357190806946667"
"4.812436185720758, 4.36052765396073"
"4.812436185720758, 4.353165180440355"
"4.824512001267229, 4.333617076435905"
"4.8283312191148, 4.322807325153569"
"4.8283312191148, 4.315340689922774"
"4.832363899863706, 4.3037361979364785"
"4.832363899863706, 4.296215480762443"
"4.83214852699336, 4.289421661535663"
"4.835963933738371, 4.278460020885756"
"4.835963933738371, 4.270877179101866"
"4.835963933738369, 4.270877179101866"
"4.839997855159982, 4.28186669880699"
"4.840218559466338, 4.296215480762431"
"4.844482568956342, 4.306391899609462"
"4.848529044720138, 4.3172743240154166"
"4.848529044720138, 4.32474828224213"
"4.840218559466338, 4.348439054511447"
"4.835963933738371, 4.3751961921560145"
"4.823673507674083, 4.4022984564621375"
"4.815438560636119, 4.425172941554466"
"4.811230277562507, 4.451068220393388"
"4.8110302351435195, 4.472886328631773"
"4.806834118648587, 4.491307284543041"
"4.806637365827955, 4.512790781460755"
"4.806440875896193, 4.534107234418208"
"4.8022598601121596, 4.552089078732347"
"4.798278360520525, 4.569445508338104"
"4.790510465012638, 4.576262699644749"
"4.782744930668563, 4.589858584226201"
"4.778774254405748, 4.607017052516699"
"4.774981691810311, 4.616901372548384"
"4.775156816362383, 4.602933260723571"
"4.775156816362377, 4.602933260723571"
"4.771187146129411, 4.593010199155353"
"4.767390608180339, 4.582579789590083"
"4.763424629278987, 4.579421576878563"
"4.763424629278987, 4.565781683513906"
"4.767390608180343, 4.548400075133527"
"4.775332174621477, 4.534107234418208"
"4.775332174621477, 4.513335395064491"
"4.77930778744148, 4.495645963858424"
"4.775859656336159, 4.455510114307218"
"4.768414939144578, 4.411429559216963"
"4.760952363894211, 4.36656704602747"
"4.761453209201625, 4.327600702698632"
"4.757955509568266, 4.284519759334049"
"4.754446506277379, 4.209614448094843"
"4.7549368154963245, 4.135835762517665"
"4.755429114035422, 4.059588296624039"
"4.755923414043092, 3.9721003922893487"
"4.7564197277670335, 3.8811321123856004"
"4.757084633203127, 3.766483083906497"
"4.757753170092591, 3.645883660993043"
"4.758425368309775, 3.518881730455096"
"4.755020070047327, 3.3913619871360154"
"4.751598844581228, 3.257328135653207"
"4.689034163632466, 3.186802057571043"
"4.625522415035365, 3.1134457296715077"
"4.556926838271931, 3.0421833893277466"
"4.491272707414392, 2.9628962047498604"
"4.424464038684875, 2.880375560640431"
"4.436935123978643, 2.8591334788828746"
"4.449412721202058, 2.8377541597633495"
"4.466082081999752, 2.8108354894073315"
"4.478570212515921, 2.789156373399095"
"4.491065953965941, 2.7673395807540544"
"4.507744323158581, 2.74270480627964"
"4.524397836914866, 2.717952144677824"
"4.5410273037200986, 2.6930825645426424"
"4.55763351963332, 2.668097095189637"
"4.5783479434680014, 2.6514711900377677"
"4.586654119238877, 2.6374380316597694"
"4.5990835033366935, 2.617782915606142"
"4.60738844233624, 2.603643591327952"
"4.615694228174924, 2.589458071455546"
"4.6198859510241785, 2.5665769194533468"
"4.61636432939554, 2.489664395007999"
"4.60445613711283, 2.422159915403711"
"4.596590966353724, 2.3468450906344245"
"4.584386806544564, 2.259854800098104"
"4.576282958265186, 2.180065665731888"
"4.568364511010967, 2.120241000370399"
"4.569002953256522, 2.045701976488246"
"4.569656002221767, 1.9686281521616564"
"4.570324165027026, 1.9063169056879943"
"4.575579340941734, 1.8133371810924004"
"4.594030678657563, 1.7778920462557153"
"4.612601474307266, 1.7600470386489633"
"4.62674497588283, 1.7307843482291716"
"4.650110182271339, 1.6876716324330872"
"4.664365492658569, 1.662425100720455"
"4.686730714809122, 1.6787125220176264"
"4.704401171012199, 1.6835317199244884"
"4.726432738887837, 1.6995684035307832"
"4.743823406539605, 1.722129859979752"
"4.7610887582735275, 1.7444732923379718"
"4.7659294043279345, 1.7466818876491246"
"4.770782196574622, 1.7488952009721714"
"4.76652514134818, 1.7511132454096412"
"4.771390097151233, 1.7533360341057929"
"4.771796955429413, 1.744403916027018"
"4.762847914967449, 1.7399246807168254"
"4.753887698104133, 1.7354366491346624"
"4.7495899652274565, 1.7197155056261408"
"4.73610941933222, 1.703936306337937"
"4.731610142693313, 1.7106655839803864"
"4.7137427699236865, 1.6970245063274874"
"4.695799946156372, 1.6833038125803697"
"4.682326216226086, 1.680891088698921"
"4.668803470495648, 1.6784683615170763"
"4.65065904243311, 1.6645964622134173"
"4.645977256469025, 1.6577863082637805"
"4.636725003954592, 1.657786308263809"
"4.62747419017176, 1.6577863082637805"
"4.613560062589408, 1.650978195204651"
"4.608899417402135, 1.6441721852731632"
"4.594875480446693, 1.6648853782538922"
"4.585480598576283, 1.6787125220176335"
"4.576130876890176, 1.6924597977331004"
"4.57602988793703, 1.7015803685714133"
"4.562189979901603, 1.721919688736648"
"4.552951189121408, 1.735436649134698"
"4.543755998834911, 1.7488743640965367"
"4.534603976899954, 1.7622330773961679"
"4.52096298231078, 1.7865677578824517"
"4.5119100000000065, 1.7997242377482792"
"4.502898783525557, 1.812802513074466"
"4.498419131898464, 1.832391912098167"
"4.493956632380623, 1.8344266624829402"
"4.489528383145377, 1.8581215106242155"
"4.489579857985759, 1.8881525652107172"
"4.498563368457656, 1.9091227528808332"
"4.503049544170341, 1.9234227060502107"
"4.507498260853598, 1.9545154240950566"
"4.51191, 1.9643793027050833"
"4.5119100000000065, 1.9677971068134426"
"4.511909999999994, 1.9758499833062046"
"4.51191, 1.983870253669437"
"4.51191, 1.9918580326324076"
"4.51191, 1.999813435693227"
"4.51191, 2.007736579080195"
"4.516255859848276, 2.0014352929799486"
"4.520598435894954, 1.9951333261092685"
"4.520598435894946, 1.9951333261092685"
"4.524937745211395, 1.9888307184270957"
"4.529273804776749, 1.982527510052691"
"4.533639002209648, 1.9848533932858459"
"4.538013990245448, 1.987183767472267"
"4.5467413812389434, 1.9831969046163138"
"4.551139371201889, 1.9855302919251656"
"4.555547309732831, 1.9878681973748726"
"4.577441679152918, 1.9735166302312166"
"4.5993890013919945, 1.9591056619073015"
"4.621391140940404, 1.944635413368431"
"4.64344996775398, 1.9301060186859118"
"4.665567357043384, 1.9155176254164488"
"4.6652205387753884, 1.927805505558979"
"4.664875283519487, 1.9400196934538485"
"4.6645315807271865, 1.9521605504529589"
"4.664189419944759, 1.9642284427913665"
"4.663848790812198, 1.9762237412657768"
"4.672301262660219, 2.000714573897703"
"4.676335139655988, 2.018789701899223"
"4.684743261656048, 2.0429946608186356"
"4.693128182072657, 2.0670451307424074"
"4.701490083837998, 2.0909404443813955"
"4.691794751492642, 2.153139246258519"
"4.690872975476852, 2.2104025779170016"
"4.681347573336, 2.2545624349788795"
"4.676209889253029, 2.3038004177331075"
"4.671128199556185, 2.3520716357408133"
"4.69895159821254, 2.514737770526068"
"4.7261903094945845, 2.67222166822841"
"4.7571568821083545, 2.826633515972766"
"4.779502329689368, 2.972581183029348"
"4.805432962493467, 3.105539654330986"
"4.800498202079152, 3.226475120501192"
"4.79168081711722, 3.34674870338846"
"4.7829146443455945, 3.4616956813263897"
"4.778095174277367, 3.567285817228335"
"4.7694209497815026, 3.672478812998879"
"4.769070598755736, 3.761138179372118"
"4.768721201292514, 3.846650088651934"
"4.764329882704126, 3.9253706547792717"
"4.759954066067039, 4.00148314922162"
"4.759618718295571, 4.078783935261022"
"4.747394344154804, 4.150074920256927"
"4.739219290076722, 4.222715738690475"
"4.731068310377168, 4.293241918432759"
"4.722941221490548, 4.361823501074898"
"4.714837841378614, 4.428627024078381"
"4.714701851658993, 4.464966342007235"
"4.710728372783299, 4.504070921615876"
"4.714566044268851, 4.542687764922437"
"4.714430418841377, 4.577668244209592"
"4.706497402616736, 4.61226660756021"
"4.698576682118949, 4.619511529009612"
"4.690548894456277, 4.620431856145263"
"4.682544070127276, 4.6280948471169605"
"4.678494766600072, 4.638857954376965"
"4.674453907363716, 4.642875255486063"
"4.678383981079779, 4.625860392361945"
"4.682317023389097, 4.608759571425999"
"4.682430471124458, 4.587927156021276"
"4.686369160955647, 4.570620796835305"
"4.690310848587115, 4.553218490083493"
"4.6982032673385135, 4.538910849454556"
"4.698327572676915, 4.517571280487816"
"4.702281016364011, 4.499847132567053"
"4.698576682118949, 4.474386162708903"
"4.698701486890678, 4.452528434247771"
"4.68695206161, 4.4278278191041185"
"4.682999984884453, 4.410161336334227"
"4.675213835378527, 4.388445397536289"
"4.679162590839848, 4.362565751263144"
"4.68311434478521, 4.336433097129483"
"4.691146799986269, 4.32015436612158"
"4.699202380818769, 4.3037361979364785"
"4.7111287212681665, 4.283766892110947"
"4.7151103692784835, 4.272001707875695"
"4.71524690819729, 4.263610182578827"
"4.723083044215061, 4.2559626454378865"
"4.730921002003754, 4.248293391153599"
"4.730921002003754, 4.248293391153599"
"4.730921002003754, 4.248293391153599"
"4.734765783095948, 4.244846303002117"
"4.734765783095948, 4.229427162387093"
"4.734765783095951, 4.213918488386433"
"4.734915639339924, 4.189639114940984"
"4.7350656975064584, 4.165100767093108"
"4.735215958004431, 4.140296502048013"
"4.735366421243821, 4.131364336812968"
"4.7393725154174255, 4.11880555182627"
"4.743381818695765, 4.114295809108949"
"4.747394344154802, 4.1097751389272545"
"4.7514101048938135, 4.105243487831817"
"4.7514101048938135, 4.08891177683887"
"4.747553322569943, 4.076112334952295"
"4.747553322569939, 4.059588296624028"
"4.751410104893805, 4.047622550367837"
"4.7514101048938135, 4.03091871424197"
"4.751410104893802, 4.03091871424197"
"4.7554291140354215, 4.034600677431669"
"4.755429114035424, 4.03460067743168"
"4.7515718635322495, 4.029905325914282"
"4.7515718635322495, 4.029905325914282"
"4.755429114035422, 4.042957022981362"
"4.755264792738946, 4.05227645762724"
"4.763137363456909, 4.060569811505879"
"4.766988381875152, 4.073443352424572"
"4.770837342346093, 4.086244062696643"
"4.770662794746677, 4.111630538779281"
"4.770488482703603, 4.136736311337597"
"4.762460977010874, 4.161568411898568"
"4.762460977010884, 4.177402745589049"
"4.762460977010874, 4.193142089863219"
"4.762460977010874, 4.208788029958125"
"4.758452118792841, 4.228620399596874"
"4.762292449969184, 4.248293391153599"
"4.758120823203001, 4.276183574738113"
"4.753958174328436, 4.303736197936459"
"4.74581629491999, 4.335027320965864"
"4.7456596540327505, 4.36521707137538"
"4.741523705058001, 4.399000888982622"
"4.7413702096732555, 4.428447161415967"
"4.741216919639924, 4.45757087512394"
"4.745190989315769, 4.47496524212281"
"4.737246006512939, 4.489613508212626"
"4.7332782372267195, 4.507390581666218"
"4.725352079456595, 4.521857884075731"
"4.721393665668946, 4.539435014338396"
"4.717301475476853, 4.550549916948073"
"4.721114729863859, 4.561102179529671"
"4.720975540640874, 4.56844854708644"
"4.728734930121569, 4.5820918682142935"
"4.728590744451531, 4.589376783596778"
"4.732395215243968, 4.599785732046493"
"4.736197611490353, 4.610158852120922"
"4.739997942775567, 4.620496851296009"
"4.739846482481923, 4.627670675418885"
"4.743642274332966, 4.637946283174806"
"4.747749082691328, 4.620496851296009"
"4.747905925449528, 4.6065489844706295"
"4.751864628025456, 4.589376783596801"
"4.7559889481745605, 4.571615921106083"
"4.756151625042746, 4.557419577556708"
"4.760619584133368, 4.475543444241801"
"4.7691024093869006, 4.387134706020959"
"4.7738011482668545, 4.2988708581781605"
"4.782189779765039, 4.204469571439407"
"4.794650256650267, 4.1016393057074225"
"4.791558978489534, 3.967257372940864"
"4.7925094242111985, 3.8193229736427874"
"4.793466364931382, 3.6612995851327845"
"4.7905316565739575, 3.496507796090654"
"4.787575185886211, 3.320039489366671"
"4.760979239839465, 3.229860171280283"
"4.734095271096612, 3.1358679066034405"
"4.702779816565683, 3.0452241177314363"
"4.671139953203183, 2.951022166162872"
"4.635014801560047, 2.8478606561876134"
"4.6230502188611355, 2.762459804895009"
"4.602685937044748, 2.691276404513353"
"4.590555133021618, 2.6014142582997124"
"4.578347943468001, 2.5090617054185103"
"4.570250232173268, 2.4199919473412095"
"4.58735329931894, 2.3788022272534732"
"4.608909450418052, 2.327476449253382"
"4.6306518987771295, 2.29395467836914"
"4.652640649989897, 2.259854800098111"
"4.67064652759332, 2.215457334505089"
"4.700373949925103, 2.232376838635453"
"4.730015532023302, 2.249185140870239"
"4.7593937359807, 2.2538248971576067"
"4.788854529115548, 2.2548965210163416"
"4.818241578637119, 2.2714939297478267"
"4.842442086706625, 2.2924547087844545"
"4.86645942964589, 2.3283905785561103"
"4.886472463990605, 2.3662859191969403"
"4.906091714894792, 2.40694199283611"
"4.929639086176502, 2.4412079815865866"
"4.93461177565979, 2.425763475998558"
"4.931451712855187, 2.3920438132861648"
"4.92827631772035, 2.35792597151179"
"4.925085474470098, 2.3234083251668523"
"4.921879066101168, 2.2884895432210257"
"4.910655187688982, 2.186175895132557"
"4.907571407564394, 2.08281960230115"
"4.904399759503959, 1.9748151802049279"
"4.901136429573157, 1.8620545374048731"
"4.897777379606458, 1.7444732923379718"
"4.8877416554031505, 1.679196233551771"
"4.873000336844645, 1.6190910592881735"
"4.857963355732621, 1.55749375431364"
"4.842621274047195, 1.494399359833821"
"4.826964223260219, 1.4298108078674616"
"4.833126366102425, 1.4943993598337855"
"4.843727191740791, 1.5506208021751604"
"4.849323184539688, 1.616970429345571"
"4.854797949083556, 1.6815946467946432"
"4.8648415269048995, 1.733432203791338"
"4.860426781153508, 1.7577751414791578"
"4.860426781153508, 1.775451267715077"
"4.860698583527573, 1.7887145329296672"
"4.8609708113796195, 1.8019811483736845"
"4.851854884845967, 1.8196083228909004"
"4.851589843532241, 1.823957232417328"
"4.846906377833661, 1.834913771580382"
"4.8466455385925, 1.8392387893301603"
"4.8463851062931385, 1.8435551128295629"
"4.8507972001338135, 1.854459977603689"
"4.8507972001338135, 1.854459977603689"
"4.855206799241494, 1.8478627542038808"
"4.859613916921712, 1.8412659006982466"
"4.868420760807443, 1.8455713845829607"
"4.868420760807443, 1.8455713845829607"
"4.8648415269048995, 1.821681617485332"
"4.856546824921815, 1.8086155807481958"
"4.852919210361366, 1.8021253675679745"
"4.840108170114958, 1.777822397514079"
"4.831700253254709, 1.7644935784421136"
"4.817813766271238, 1.7756377572143407"
"4.80417579738164, 1.782331142288342"
"4.785843573904024, 1.782331142288342"
"4.772205093708757, 1.7890254325385087"
"4.763242222355239, 1.802416511118679"
"4.758369211214473, 1.83565582118554"
"4.748845301728325, 1.8620410299078713"
"4.7438234065396045, 1.8816278406628015"
"4.738821869844106, 1.9010947604908708"
"4.724597569400014, 1.9246668403952256"
"4.724432293305232, 1.9114840110887599"
"4.728879308035323, 1.90489241591618"
"4.728879308035323, 1.90489241591618"
"4.728879308035323, 1.90489241591618"
"4.737940311639239, 1.887449898562629"
"4.743642274332972, 1.8507455892348474"
"4.749217048484198, 1.8001379946999307"
"4.755032641734315, 1.7622960023286538"
"4.760909175471742, 1.7239295772696153"
"4.766847641708279, 1.6850385503678424"
"4.776780855703011, 1.65281094442431"
"4.782199197472776, 1.6456236627007144"
"4.787427588989706, 1.6246446012411084"
"4.792678009474409, 1.6035522937039701"
"4.802775353062561, 1.570652460891722"
"4.797489932663199, 1.5919032533388986"
"4.797030731268553, 1.6014227719728709"
"4.796573007131801, 1.6109063555538654"
"4.796116753122803, 1.6203540306322992"
"4.795435113114436, 1.634458282264184"
"4.7897707896160115, 1.664596462213403"
"4.784148020668854, 1.6944539280096649"
"4.778566326406006, 1.7240294283206694"
"4.777516378589256, 1.7645216044650596"
"4.772000864191117, 1.811229543601506"
"4.775029978715526, 1.8527596296957327"
"4.778024300020986, 1.8936232458803914"
"4.776383262274893, 1.9445062364550694"
"4.7703924112007545, 1.9839212339369254"
"4.7644711018110995, 2.022685827305061"
"4.7447505746185135, 2.0993014556825713"
"4.725366606126829, 2.1737992529616292"
"4.710711002861262, 2.2364713107937533"
"4.696287629835221, 2.297515713219923"
"4.682090580512875, 2.3569641552816734"
"4.681101344994152, 2.414104980692507"
"4.675972438793161, 2.4609468271677173"
"4.6708993499892655, 2.5068382604612793"
"4.6699904969630825, 2.5604947301342165"
"4.669091982224608, 2.6129161442439255"
"4.656619775529734, 2.6494181625456577"
"4.648247096186548, 2.6939099762489604"
"4.639887579054268, 2.7378621341643594"
"4.627454536913339, 2.773167960064036"
"4.615032672274284, 2.8081331250000403"
"4.602621673960271, 2.842757640051836"
"4.5943730115476775, 2.8691767149881784"
"4.581976499153569, 2.9032084073774485"
"4.569590025751614, 2.936900596958232"
"4.561349451990513, 2.9626283387614194"
"4.557245329795483, 2.9933191149839047"
"4.544869234928216, 3.026131773493944"
"4.5366294119676525, 3.0512076079929926"
"4.528389659025871, 3.0760980356711585"
"4.5160285060461876, 3.10807767358909"
"4.532415272693145, 3.1578191089391474"
"4.5527625104836424, 3.2112412369019125"
"4.57295487719263, 3.263364921534162"
"4.597021110653766, 3.320839134592294"
"4.620893367028795, 3.376762249475597"
"4.64457607648029, 3.441936804208094"
"4.672137216826443, 3.509526098552037"
"4.69544699219679, 3.5707255893918877"
"4.718721100186957, 3.6286044863492606"
"4.7418525583374365, 3.6848804071919723"
"4.745588040960179, 3.7206050399124315"
"4.741227484782147, 3.7571103456403705"
"4.740916222322655, 3.7969680981630773"
"4.7365774754164, 3.8321899622363347"
"4.732253958432467, 3.8668199259959444"
"4.736121792989526, 3.916183224341811"
"4.740141755211784, 3.954852445985466"
"4.744164950336672, 3.9929696653183235"
"4.7481913915748954, 4.030550928326203"
"4.756088627597127, 4.07223913094111"
"4.755923414043092, 4.114189147850105"
"4.759786278588792, 4.158969161564293"
"4.763476930133703, 4.2038006629004805"
"4.767160609141199, 4.247797016097827"
"4.762967924178781, 4.290999122460079"
"4.758950739756432, 4.302716098244559"
"4.754773158651516, 4.315102170309789"
"4.754609722393973, 4.3307830935468115"
"4.758452118792841, 4.342297928490993"
"4.762292449969184, 4.353758436373779"
"4.766130725558666, 4.350405842598297"
"4.769966955146337, 4.347051545601012"
"4.769966955146337, 4.339636697297447"
"4.769966955146337, 4.339636697297447"
"4.7739772935407485, 4.335569296196681"
"4.777811994373932, 4.347051545601012"
"4.781826131906606, 4.3651654428124775"
"4.78565933580434, 4.376519769165563"
"4.785475345810638, 4.384501010871286"
"4.777276675143353, 4.400366581160931"
"4.773098932622186, 4.433762483208881"
"4.772749237398061, 4.4563824869777395"
"4.768586461371254, 4.489047211667506"
"4.764432626460548, 4.521319069227324"
"4.764432626460548, 4.542103759786663"
"4.760453528039635, 4.54581511598068"
"4.752504923052797, 4.553218490083498"
"4.748535391075345, 4.556910585565497"
"4.744569022537987, 4.560596338111095"
"4.744414049399477, 4.567948967745931"
"4.752344528698144, 4.574287774345677"
"4.752504923052797, 4.580623812808453"
"4.7602876938747025, 4.587442532941882"
"4.7642640653533865, 4.590605906116961"
"4.768243646369382, 4.593768663928008"
"4.760287693874715, 4.601042108981947"
"4.7640957294781785, 4.60466990105639"
"4.7602876938747025, 4.6078233257100845"
"4.760287693874715, 4.614592401449837"
"4.7642640653533865, 4.624495799271575"
"4.764264065353387, 4.637968551140245"
"4.760287693874715, 4.654961911788215"
"4.756314519220006, 4.671874134009585"
"4.752344528698148, 4.68870822149707"
"4.7444140493994835, 4.702358597171299"
"4.7404535353514445, 4.712460697639143"
"4.736496154893803, 4.722534221251813"
"4.732541895446458, 4.732579830433696"
"4.728590744451536, 4.742598182516131"
"4.72844675064105, 4.749502166101459"
"4.72844675064105, 4.756033040381249"
"4.728446750641051, 4.7625557192482155"
"4.728446750641051, 4.769070370302277"
"4.7284467506410595, 4.77557716065906"
"4.7246426893733435, 4.785156104944541"
"4.720697717698416, 4.782076256947464"
"4.720697717698416, 4.782076256947466"
"4.720559083239646, 4.77591759434169"
"4.716619855486818, 4.7728387471213924"
"4.716619855486815, 4.7728387471213924"
"4.716619855486815, 4.772838747121382"
"4.716484074589879, 4.76668193962832"
"4.716484074589879, 4.76668193962832"
"4.720282366506172, 4.763603946992978"
"4.720144283498079, 4.757448703349487"
"4.71621305301311, 4.760876768855855"
"4.712417626503949, 4.770448118942113"
"4.7046926476908295, 4.776936067830988"
"4.696969279108044, 4.783416397886338"
"4.693168204797529, 4.792959347680249"
"4.697091941161299, 4.802492913285132"
"4.693168204797529, 4.812331309683536"
"4.693168204797523, 4.825212042497384"
"4.693168204797523, 4.838067161083448"
"4.689247452528738, 4.847836658833566"
"4.6893649806961335, 4.8731618100766045"
"4.6935292070977495, 4.894865718168155"
"4.69377067590738, 4.913517724501446"
"4.694012788193931, 4.932182937413247"
"4.6942555465350715, 4.950865171085439"
"4.6982032673385135, 4.953944716943575"
"4.6942555465350715, 4.963611406047267"
"4.6942555465350715, 4.976345411676299"
"4.698203267338505, 4.985791230371005"
"4.702154023559081, 4.9952377622628585"
"4.7020272002245695, 4.98906840647078"
"4.705848977501016, 4.973264635037713"
"4.7134861051978545, 4.960743765726139"
"4.717164788204193, 4.951519521087302"
"4.720836536709103, 4.942306647493551"
"4.724501377469034, 4.907629154416544"
"4.728015916540897, 4.879551789187884"
"4.73166473351404, 4.84477605892512"
"4.735306730502701, 4.809895110974477"
"4.738941933531929, 4.7748841305519445"
"4.739242650072115, 4.735174715394734"
"4.743488534566769, 4.691536145048179"
"4.7437962186351585, 4.6508739648644895"
"4.7479059254495235, 4.613300134700811"
"4.7482202385046675, 4.571615921106087"
"4.756151625042746, 4.53676951054546"
"4.764095729478184, 4.501515749996576"
"4.772052653223143, 4.465828948299029"
"4.776212487977743, 4.425793978201696"
"4.78419432085065, 4.389099212984309"
"4.796573007131805, 4.309311377423249"
"4.804992377433369, 4.231036718664651"
"4.813448572875418, 4.15007223735649"
"4.821941918081829, 4.066169007039182"
"4.834533708928582, 3.9742539925514144"
"4.843339975456781, 3.873383662934934"
"4.856293420621836, 3.7624630707283977"
"4.869334233804288, 3.645883660993043"
"4.882463592040695, 3.5232231649671917"
"4.891527406808867, 3.400373272819138"
"4.868878922343829, 3.3124187473425906"
"4.846068742210537, 3.2210401794800987"
"4.823093567550334, 3.1261025918667755"
"4.7999499745304925, 3.0274787363357802"
"4.7766344087620665, 2.9250519397135406"
"4.769003973460106, 2.878873743635566"
"4.757329340170689, 2.824007203548561"
"4.753652935714001, 2.7707710253170177"
"4.749964057497605, 2.7166097714832134"
"4.738180055706116, 2.6586454289442543"
"4.73930562802211, 2.596222186740256"
"4.744524723393477, 2.526600129967221"
"4.737324055923052, 2.446280518794552"
"4.730209922375949, 2.3754744992391537"
"4.731318053959228, 2.3062835423782886"
"4.732759454222974, 2.2439451810377093"
"4.738588336942464, 2.2019916002040247"
"4.744500120055884, 2.1591446350460473"
"4.750318830864086, 2.102940832762947"
"4.7562126848698965, 2.0455277819988"
"4.753195600299259, 1.9909067198307397"
"4.750144596896371, 1.918299386323632"
"4.751598844581226, 1.85069865243738"
"4.748684340306728, 1.7883088766768083"
"4.75474893196433, 1.7247111179649437"
"4.767725051249589, 1.6342497591497178"
"4.776358228890597, 1.5519332069148604"
"4.790108796204221, 1.4735946408023892"
"4.804077969641071, 1.3784404401897632"
"4.808724656550004, 1.2801904227614926"
"4.813737207036564, 1.287273016393499"
"4.8187550039987705, 1.2943623085904932"
"4.8187550039987705, 1.2943623085904932"
"4.823778072729038, 1.3014582072811862"
"4.828806438573673, 1.3085606206904004"
"4.83492475221897, 1.2556380985214162"
"4.841091105471032, 1.202385691576339"
"4.837116131959713, 1.1738132647892172"
"4.833118331514857, 1.14511321428526"
"4.829097498390581, 1.1162926965499622"
"4.8358735114366915, 1.0905785945719089"
"4.842727249059533, 1.0646312214864793"
"4.860100392787606, 1.013073264867188"
"4.877715047575682, 0.9611422343798921"
"4.895577003537395, 0.9088961773599067"
"4.917621972746301, 0.9059885658604117"
"4.944857727535808, 0.895977978891338"
"4.966880321211772, 0.8788477671625685"
"4.994507671456037, 0.868742349670498"
"5.022356758525496, 0.8585927143859493"
"5.0255076378467525, 0.9301109280000333"
"5.018320974724952, 1.0003927474234189"
"5.016603689891047, 1.0763929924301436"
"5.004537581429844, 1.1562702975097494"
"4.997924857586083, 1.2220347427456772"
"5.004699406638341, 1.18858431270084"
"5.011950879323285, 1.1689812487049096"
"5.024040006354089, 1.1421730320483476"
"5.036689627644725, 1.1097638632641065"
"5.054290171001219, 1.070057043063727"
"5.056506054254843, 0.9944120817319231"
"5.063720035246015, 0.910403041542267"
"5.066126266428867, 0.8323002515077036"
"5.073671584655569, 0.7463954926239751"
"5.070628782187013, 0.6794900687944647"
"5.080473752299701, 0.6208326413182021"
"5.090480226393346, 0.5625403650294771"
"5.10065231775472, 0.5048215103673499"
"5.1109942827868435, 0.4479140668971269"
"5.126851434257865, 0.40363312121125716"
"5.130410481000002, 0.38835247078996815"
"5.122612252435729, 0.35572427258128414"
"5.126786516082081, 0.3352175756492244"
"5.130410481000004, 0.3201353700962244"
"5.117564664102488, 0.27259035999937"
"5.123072006369517, 0.25120032730602304"
"5.139576166456931, 0.26673987085821693"
"5.138338291967769, 0.2609528885798227"
"5.137721197674324, 0.2502182066610317"
"5.148051141049306, 0.26026271178994875"
"5.185452940224346, 0.2559011539917009"
"5.223973738368951, 0.23098890597606214"
"5.274084256099428, 0.2266467432581436"
"5.32482097363941, 0.22229805830068017"
"5.376206237867554, 0.21794335004490506"
"5.408558946605455, 0.21958272980796778"
"5.44160475307311, 0.2212559108810268"
"5.469621840411026, 0.21262120792462724"
"5.4982681607038835, 0.20393695221198982"
"5.5334322551479005, 0.19002285631177074"
"5.521698602837134, 0.2004439298064824"
"5.509955402108551, 0.21107138304300577"
"5.49820254860559, 0.22190241695727764"
"5.486439935694278, 0.2329342475700571"
"5.46877747846608, 0.24985243446589323"
"5.4722735106276, 0.26454896083627943"
"5.475706602562507, 0.27923679249551014"
"5.48480869824567, 0.30529306996545813"
"5.493746224153825, 0.33155176407359477"
"5.502523645024109, 0.35795429097696285"
"5.520421803765169, 0.3697815742529116"
"5.538336479273727, 0.3817109752840224"
"5.5506465769139135, 0.3817109752839798"
"5.5629731128530775, 0.3817109752839798"
"5.575316220231953, 0.3817109752839798"
"5.612210689287219, 0.44882113056144135"
"5.648082528915031, 0.5165956110005681"
"5.682975757628628, 0.5845498201262984"
"5.716931679366315, 0.652296466647968"
"5.749989112973813, 0.7195276607799741"
"5.8144664195170215, 0.8336757228568246"
"5.8818339625018705, 0.938642058911455"
"5.946991549502873, 1.0409013459712781"
"6.008692021364714, 1.1650249424759522"
"6.0683354058461045, 1.265709640055377"
"6.036318043602284, 1.3964730505558904"
"6.007080440221766, 1.5165828462461803"
"5.979139524163044, 1.6312029545065272"
"5.953584726072095, 1.7186730830930728"
"5.929074609271529, 1.8191296729795354"
"5.770528369723361, 2.198356242398532"
"5.608486358492139, 2.551551885379155"
"5.450098629624892, 2.8748122536261604"
"5.298805924814905, 3.1637265232946135"
"5.153911360238121, 3.42134953465834"
"5.101452026501208, 3.569879338748674"
"5.058214429432597, 3.7176800008670625"
"5.019330734790993, 3.8525623141992114"
"4.980890377630374, 3.9796163831990548"
"4.942879479509451, 4.099608909753478"
"4.938455945565743, 4.169620502059988"
"4.9302073974181955, 4.233389260512396"
"4.921973848913499, 4.295590790578604"
"4.913755191149622, 4.356337735348612"
"4.90171914865801, 4.4190557685649186"
"4.8932729822675975, 4.456346635875983"
"4.880777835825471, 4.496912401629865"
"4.8723943460973675, 4.533093218781309"
"4.8640368125904265, 4.568796443800117"
"4.859516750088396, 4.60087871892134"
"4.851434667059812, 4.580849561537574"
"4.847398834818056, 4.557034463550421"
"4.839337523541838, 4.543733315400434"
"4.827271244289882, 4.527192961383081"
"4.819244031798261, 4.513816758310824"
"4.819656024084373, 4.477627121283076"
"4.8202760924613575, 4.4403120754686505"
"4.824512001267231, 4.39244982857894"
"4.82897063928268, 4.3504058425982866"
"4.825566497071453, 4.300051637165479"
"4.825990294726724, 4.245130625395763"
"4.826202624310504, 4.18976067458663"
"4.822781613906529, 4.135795161404836"
"4.823203173740558, 4.076854337705978"
"4.823625881082316, 4.024811753721398"
"4.83155443605399, 3.973703257758096"
"4.839485799492908, 3.921549701665601"
"4.851503640412106, 3.863220258247157"
"4.859445048574932, 3.8087226832127925"
"4.871240687077664, 3.7490250836832786"
"4.867631433589305, 3.7517174846901007"
"4.864015491382632, 3.7544125706685065"
"4.856293420621838, 3.7624630707283693"
"4.852661799684898, 3.7651625163629525"
"4.84902340709279, 3.767864654510216"
"4.848793414429859, 3.778522233397144"
"4.848793414429862, 3.797099696177213"
"4.852894382713139, 3.8103113478232764"
"4.852661799684891, 3.820763920853725"
"4.8485637362039915, 3.8350992043840506"
"4.848334371769184, 3.8724953067531196"
"4.856058891532261, 3.9004467216948306"
"4.855590792980543, 3.92918847516383"
"4.859445048574938, 3.960217752189763"
"4.863058709737116, 3.9919124831423467"
"4.866906633079881, 4.013683513540972"
"4.862582271721802, 4.036265669161157"
"4.862344538586475, 4.062260405642256"
"4.862107128483419, 4.087959706631164"
"4.870023176443077, 4.10430840678476"
"4.901719148658012, 4.192428463128373"
"4.93758640278806, 4.281132491597482"
"4.973552648695065, 4.367107330203607"
"5.0096238454773285, 4.450646668249423"
"5.041619140320352, 4.535815002751141"
"5.225854520221885, 4.617483038749569"
"5.425881663651097, 4.695641040071312"
"5.644516248556071, 4.777796039574664"
"5.880720915787688, 4.86816022847993"
"6.148648245038378, 4.967956991706977"
"6.019834372176244, 5.052369609463204"
"5.892028366893239, 5.1442128106653655"
"5.756366046338281, 5.228334970902682"
"5.627769157959849, 5.308823617995231"
"5.4961629020828635, 5.38577142390831"
"5.160313774411623, 5.175542504437271"
"4.852541217395108, 4.978612275360556"
"4.574217268393292, 4.796327214936143"
"4.322771860855201, 4.613425775459724"
"4.077509023576021, 4.441530576140252"
"3.611127926030754, 4.302507795116629"
"3.0637000894667494, 4.145309453817347"
"2.393412941163625, 3.965653547214842"
"1.5313634251396202, 3.758671641661522"
"0.5323077651119945, 3.492507330517764"
"0.5208167650621007, 3.4276457716332125"
"0.5040186771494106, 3.354494716055175"
"0.4831817047741609, 3.275913844262025"
"0.4621823544698245, 3.193946864942454"
"0.45012409946870946, 3.1175529060370124"
"0.4201651793325425, 2.995781817147254"
"0.3904099924076476, 2.8519384769441842"
"0.3736674061050991, 2.7153250697290616"
"0.3531101692764338, 2.5874854597135695"
"0.32393059263170443, 2.4436423426040506"
"0.3171953343377467, 2.363340976873303"
"0.3104472564058156, 2.3005494954378065"
"0.29501707459489523, 2.2245905499320884"
"0.27964387140217184, 2.127099400861745"
"0.2643360893629847, 2.027366221538209"
"0.2537724957562517, 1.9951792723421633"
"0.24321405729360634, 1.9625818310508762"
"0.24110939038220636, 1.9425287105147717"
"0.2475102558346478, 1.9352889379248523"
"0.25398866950418153, 1.9279950669372568"
"0.27018078352125485, 1.978684384263687"
"0.2916633171313876, 2.0374345095104047"
"0.30461303952983343, 2.0833784585331117"
"0.3270207077328422, 2.142315229863925"
"0.3406042178687798, 2.1885258209883887"
"0.3741899158285378, 2.3331484646831058"
"0.41058686188761584, 2.48270832589629"
"0.44072898310515285, 2.607332342204394"
"0.46221355731018576, 2.724376286996467"
"0.5041158793398779, 2.8678736891174523"
"0.6595041731717473, 2.827684209829542"
"0.8733821657321101, 2.7738189360315957"
"1.1523410141095525, 2.7397204625259803"
"1.5927760358596537, 2.680046922866154"
"2.2233244865319186, 2.5810493347956722"
