"0.8925080167544763, 3.8988440212853206"
"0.6089168805909608, 3.8147670827679363"
"0.44587319321874475, 3.7728493394793254"
"0.35068262125231087, 3.7467155654914848"
"0.28270383674140476, 3.738549730687499"
"0.33756333553360207, 3.633667006117001"
"0.39946515921162984, 3.5287440896045545"
"0.45250396400213333, 3.4277298977657438"
"0.5077223635056711, 3.3392668840703763"
"0.5649826027051148, 3.246719796073908"
"0.589445048098213, 3.360412637487844"
"0.6038397000792131, 3.4900934249038933"
"0.6343080282620477, 3.599831290294894"
"0.6487600924069952, 3.7183073902173227"
"0.663218733300937, 3.831358084706004"
"0.5733432994461793, 3.944521348879114"
"0.49884280163524153, 4.062396345489553"
"0.404797115998079, 4.177354394225283"
"0.31565890329881086, 4.286984934103817"
"0.22679659726802015, 4.398437455090354"
"0.2015717904316574, 4.384588536052805"
"0.16642410949690145, 4.359502970511365"
"0.14199181770488423, 4.344920943517076"
"0.1131981334343024, 4.336796219853003"
"0.08978981873128333, 4.321662814093493"
"0.09520865944971746, 4.306329134338313"
"0.09209904883344677, 4.296789606115764"
"0.10590935026928605, 4.288599771857804"
"0.11580360994570071, 4.2669911267418215"
"0.12103722054188637, 4.252357758614515"
"0.13227040037084947, 4.251869887923139"
"0.15722030768493056, 4.23916486105292"
"0.16462288441027795, 4.225239744450988"
"0.18108877787042132, 4.218126487205836"
"0.19772343754782185, 4.211054325631434"
"0.22386835079017686, 4.210765878685013"
"0.24516371112121504, 4.2171683977424905"
"0.266630490222731, 4.223489355819861"
"0.2882423142442292, 4.229730353883806"
"0.30997470477839073, 4.235892950960089"
"0.3384884736427338, 4.1920978661121"
"0.3673306354014443, 4.147837861729709"
"0.39074401545546067, 4.097638502730895"
"0.4142738790982605, 4.046808505496848"
"0.43343883865725985, 4.006473052788703"
"0.48695283449911386, 4.024895959726869"
"0.546241728306299, 4.023604322609344"
"0.6157466839856767, 4.041287936616353"
"0.6848480861112591, 4.0584450488812145"
"0.7576051431033406, 4.064793046037316"
"0.8118615396541031, 4.042702998268023"
"0.8706246697801348, 4.033742070283132"
"0.9147978435342949, 4.016693705500725"
"0.9590887489266535, 3.999547091438153"
"1.0139966640562577, 3.9770325795419197"
"1.1438808731880954, 3.951476930124855"
"1.248953858206221, 3.9328395132839304"
"1.3624420351790434, 3.909061819908832"
"1.4736386466975944, 3.8854161565971097"
"1.5789486824997994, 3.8724213608958813"
"1.8072418375943258, 3.8735767279185893"
"2.024996440480944, 3.866487007177028"
"2.2376172934865615, 3.8661647724755923"
"2.4364903327517595, 3.8658527156967857"
"2.6225276182236534, 3.86555036212539"
"2.8395097267749154, 3.860476714635233"
"3.047689468843938, 3.861721937934245"
"3.235813804982527, 3.856856914273177"
"3.412289227530538, 3.8521295537204203"
"3.5793906153983563, 3.83849514848432"
"3.713978908285389, 3.8251293221429172"
"3.846581450022054, 3.811651629104283"
"3.9775933716404115, 3.7980606090848674"
"4.107408982707361, 3.784354786542174"
"4.231693480256782, 3.77518422163563"
"4.3018993401580525, 3.801018360391975"
"4.366719014948446, 3.8322961091394703"
"4.42624339416239, 3.858407455187489"
"4.493984254172963, 3.894081280476062"
"4.565397183863342, 3.9232624674361283"
"4.631776968908381, 3.964584775771197"
"4.702174685248865, 3.999547091438167"
"4.776696222123828, 4.037909818995335"
"4.846364563151946, 4.062129236459526"
"4.911160864382106, 4.0910410727471"
"4.914819626368607, 4.125329304420777"
"4.9184654462138155, 4.159043826871475"
"4.922098398410718, 4.192205064962554"
"4.921482323978369, 4.228683836115749"
"4.920868104279072, 4.264564607567671"
"4.897946992541447, 4.280181861147664"
"4.879660869153805, 4.299383863914793"
"4.857004826516619, 4.32288442398368"
"4.834728979304858, 4.345304121645173"
"4.812557312327234, 4.367466472370291"
"4.830286381500959, 4.374055759750155"
"4.839418473332307, 4.372579188558877"
"4.853047649163207, 4.3666725881480595"
"4.866471999654842, 4.361485398684087"
"4.884153765146046, 4.360731896891139"
"4.855860237995091, 4.317062321187743"
"4.831524702485797, 4.2768070712847575"
"4.802391754027315, 4.231560433246848"
"4.772962499113501, 4.185006636374457"
"4.743405836191787, 4.136044188094331"
"4.677479295841938, 4.058362994951601"
"4.610890232809616, 3.977311720088263"
"4.548121667279294, 3.8970388259743807"
"4.484579191883961, 3.8131114255781675"
"4.415655408538507, 3.7205300264255285"
"4.365117480542222, 3.725253518192499"
"4.309785648667242, 3.723663622605038"
"4.258971671363035, 3.7283882783711846"
"4.207998206983393, 3.7331081420627044"
"4.156841111970566, 3.737823220331645"
"4.133137094224901, 3.7519398109865527"
"4.114169357115574, 3.7722262392923405"
"4.090296901954713, 3.7862257475380545"
"4.0708445397748365, 3.794033487571653"
"4.0467739037098935, 3.807980047330844"
"4.038866271964345, 3.8245877049130854"
"4.031003274375706, 3.8409852999488585"
"4.0231844508380386, 3.8571769006660723"
"4.010941602224675, 3.8790319415454917"
"4.003223670433733, 3.8947630842600773"
"3.9854249750136166, 3.8974517353008764"
"3.9632130043353397, 3.895699020308644"
"3.9410396431100994, 3.893951911448859"
"3.918902959348647, 3.892210381617243"
"3.8918944564142794, 3.8948858992853665"
"3.8419364895882424, 3.855940493182217"
"3.7906343104300078, 3.8145681177388795"
"3.738434430015955, 3.782850137350305"
"3.690514096984497, 3.7456754004661335"
"3.6470731690642353, 3.7027818927008624"
"3.605969166470615, 3.6769130931234777"
"3.5698849163762656, 3.657289666781331"
"3.5335131303749243, 3.625905335503713"
"3.491334258977549, 3.5990440194632605"
"3.4487291394288597, 3.5718261944772074"
"3.4235057767757233, 3.5786644188915915"
"3.392547180542701, 3.602222281016136"
"3.355722583437643, 3.618874690638812"
"3.3348502125734, 3.6305097926956407"
"3.297611525714945, 3.647006042521216"
"3.3133158631500876, 3.712276620813448"
"3.329864746759254, 3.766082722373387"
"3.356498886353018, 3.828950000079221"
"3.366979375321483, 3.883895275851664"
"3.39303235718908, 3.932825334324427"
"3.418727912413715, 4.029301667650564"
"3.4486060362310003, 4.116235268060102"
"3.4682273432641075, 4.199639791890416"
"3.4929300972866795, 4.293256427721811"
"3.521756248449595, 4.370057244540609"
"3.549438806882341, 4.402549297825306"
"3.572415086937589, 4.438885749026683"
"3.6002380965543868, 4.470850220582717"
"3.622668951825357, 4.49796487877949"
"3.644858730867254, 4.532465331328174"
"3.6654938919617948, 4.595948120764794"
"3.690277011305893, 4.654086556356951"
"3.7105969534419483, 4.7077160149290265"
"3.735044068071904, 4.7639523860116935"
"3.755061530596043, 4.83039718165112"
"3.755061530596043, 4.83039718165111"
"3.7684171774487094, 4.826619071473436"
"3.781199886010839, 4.822492028542543"
"3.785462560690693, 4.82593697701687"
"3.7988032496361175, 4.8149042930926615"
"3.8190490622489577, 4.801836377948369"
"3.8259143803897047, 4.792617411610195"
"3.83272863774099, 4.783445034109368"
"3.843695305901642, 4.763307632093614"
"3.845705734132432, 4.750435656266619"
"3.830061069602978, 4.74502102048648"
"3.814283362036628, 4.739564571815393"
"3.798370277321025, 4.741374618929321"
"3.787130809852721, 4.739737497381315"
"3.7709717377490914, 4.741559514451932"
"3.7667019042379533, 4.78201340660563"
"3.7672745541111734, 4.825936977016889"
"3.7726772065722436, 4.866063106216238"
"3.7732439265478455, 4.909321546970391"
"3.7786258665025887, 4.948886132080364"
"3.7828778908761134, 4.9948885713612015"
"3.7913846356197496, 5.03009988686382"
"3.795090654790579, 5.068778657740173"
"3.8036094431819514, 5.104042662231745"
"3.8078702651044516, 5.150052708748987"
"3.8365609918637524, 5.178655620313998"
"3.8518270871657343, 5.210732214657105"
"3.8759165427878814, 5.242705386374273"
"3.8909357383196053, 5.27459173878705"
"3.910051280241711, 5.295800217960827"
"3.9332330581437223, 5.327597276629968"
"3.9562757238587265, 5.359394458113153"
"3.9750113713715214, 5.387607094034402"
"4.001956789169874, 5.423043199075143"
"4.02460155060088, 5.454920216330016"
"4.0200828067986025, 5.48731177136981"
"4.023880410264969, 5.520091494938529"
"4.023519033572516, 5.556694664588932"
"4.014823539070975, 5.586020091957493"
"4.014454993179352, 5.6231842480031204"
"4.023880410264962, 5.615267278144845"
"4.020808924464806, 5.610698187405807"
"4.021532886306672, 5.602851464181397"
"4.030891024005407, 5.602366717953264"
"4.031950196519026, 5.594332757043313"
"4.013611887762697, 5.602366717953251"
"4.003839527650679, 5.603094384193499"
"3.9940157810409067, 5.611197340974577"
"3.988307988802423, 5.608376983803169"
"3.986748051224281, 5.609373541436071"
"3.977991564884145, 5.58717838137798"
"3.9688228833801356, 5.572658366625288"
"3.9600450133815057, 5.550610058426038"
"3.9424666323591335, 5.535963458475858"
"3.924857234544077, 5.52135739575531"
"3.934098034351199, 5.506620243437901"
"3.9433166589463573, 5.4919437736225065"
"3.952513318863078, 5.477326597560928"
"3.961688222848455, 5.46276732453682"
"3.9662675811139376, 5.444739869616826"
"3.961278346584013, 5.426997353704849"
"3.952096054225442, 5.412790550917455"
"3.9387101053499487, 5.394980383964009"
"3.9294804195774864, 5.3808009493629125"
"3.929044508420218, 5.366628336533864"
"3.91140432173661, 5.33821036929328"
"3.8979224483197203, 5.306365475040782"
"3.892802299687496, 5.274602132277161"
"3.8792666334106327, 5.242887320383117"
"3.8703871534740415, 5.214762766444483"
"3.865213473610968, 5.183077151749966"
"3.860025340914807, 5.151368756859052"
"3.850607186237225, 5.1231887737732595"
"3.8453846268790475, 5.091398914928888"
"3.826955836092454, 5.056099758228292"
"3.827475363443769, 4.992933523451198"
"3.827994092949604, 4.929627038775106"
"3.833242606564591, 4.862624312421575"
"3.838476315772926, 4.795166435502228"
"3.8478992018841396, 4.7305000246857105"
"3.8421794029235805, 4.674491831208842"
"3.8364346842643062, 4.617530002301843"
"3.8259143803897047, 4.563027201463779"
"3.815334076268881, 4.507421610601341"
"3.8046930681997395, 4.4506039306387475"
"3.7886161691555618, 4.403506026566763"
"3.772398613631113, 4.355322216612375"
"3.75603788095256, 4.305977730844345"
"3.7395313895476416, 4.2553947658323885"
"3.7228764953687374, 4.203492486714943"
"3.706704315920536, 4.178036283987435"
"3.690410301466253, 4.152193424481403"
"3.673992434369577, 4.1259518936913615"
"3.6625270177094187, 4.095204985102296"
"3.645887360841723, 4.068084858208252"
"3.6445009846034857, 4.046981371695804"
"3.647539223037594, 4.020262426000826"
"3.6557128516196897, 3.9888976423633977"
"3.653646814010987, 3.9656535472148384"
"3.656716280942085, 3.937742692721688"
"3.6738573143339224, 3.9138029881330176"
"3.6910367503430948, 3.889523746555941"
"3.7031308108417296, 3.869368706074866"
"3.720396318200768, 3.84443073099429"
"3.733214654750819, 3.8251293221429314"
"3.755050835175078, 3.7934572928009196"
"3.7724417049792187, 3.7674049170123887"
"3.789876259258328, 3.7409639506172816"
"3.8073554837590393, 3.7141256247952654"
"3.829407662065041, 3.680420528405776"
"3.8466496702756228, 3.571826194477211"
"3.8642043077397146, 3.4564014035109665"
"3.8820810517959705, 3.3335706503144387"
"3.9002898059308073, 3.202742097894955"
"3.9188409255348526, 3.0633185958738522"
"3.916309669558415, 3.0199417955737076"
"3.913756491545313, 2.9756365623728627"
"3.911181102673872, 2.9149349476757607"
"3.9134186746538715, 2.8590093148594065"
"3.9156766527583233, 2.801695414627723"
"3.9307655209717307, 2.8081331249999906"
"3.9404882661441993, 2.8049115069725303"
"3.950218071274394, 2.8177899503986623"
"3.955085672089952, 2.8242211134273347"
"3.9599550989729178, 2.830646872259315"
"3.981296602733222, 2.837005823219741"
"3.99722710767883, 2.833775929629688"
"4.028482301311479, 2.8559905753769215"
"4.0595482035935, 2.8779989929987764"
"4.085600910044405, 2.893517374460764"
"4.1052860968354015, 2.890458653751409"
"4.130144795562123, 2.912357226446673"
"4.139827841740104, 2.9093263887330565"
"4.149521041447629, 2.9062878624265593"
"4.169231978664121, 2.903241621345174"
"4.158922507001057, 2.88447817588051"
"4.1537586706512135, 2.8592241613070257"
"4.158922507001059, 2.852856695587498"
"4.164080264733569, 2.8464837805871994"
"4.164080264733569, 2.8464837805871994"
"4.168938607597894, 2.836944702936954"
"4.168644732057511, 2.8337759296296667"
"4.153143725056375, 2.8209925226185604"
"4.142461500997444, 2.798443624054009"
"4.136942385341011, 2.7691784710278284"
"4.136942385341001, 2.7691784710278213"
"4.142143364331649, 2.762667503753086"
"4.152217321985465, 2.746300832707014"
"4.1574043641662595, 2.7397646434852874"
"4.1574043641662595, 2.7397646434852874"
"4.157099161464528, 2.71993525718171"
"4.1567934308630985, 2.69997378093818"
"4.156487170986126, 2.6965533640266273"
"4.1610773160707195, 2.6830568814724813"
"4.165677940815842, 2.669481209267296"
"4.175493657152897, 2.682784135577883"
"4.185320391515693, 2.6960670865898777"
"4.195158329736357, 2.692622359466057"
"4.2000815586955875, 2.6992660834319864"
"4.209936653775596, 2.695822355359944"
"4.214868567107913, 2.685706375613698"
"4.214868567107913, 2.685706375613698"
"4.2198034225683685, 2.6755567470456114"
"4.224741243951137, 2.665373428796336"
"4.224741243951137, 2.665373428796336"
"4.219803422568374, 2.6755567470456114"
"4.219803422568374, 2.6755567470456114"
"4.214868567107909, 2.6857063756136768"
"4.209936653775596, 2.695822355359944"
"4.205007658852641, 2.705904729003855"
"4.1899593567514, 2.7159535410874724"
"4.17491084215446, 2.72596883793868"
"4.1601662576655825, 2.7227578770758356"
"4.145445901952986, 2.719552629510545"
"4.130749156002386, 2.7163530839275722"
"4.108049308881717, 2.7984642747436794"
"4.0804034165218255, 2.86844692715016"
"4.053025186341594, 2.9516598012853166"
"4.0259072320200415, 3.032021476543534"
"3.99904245980653, 3.1096238088692196"
"3.9809716816269987, 3.1487075010024803"
"3.9629899290264508, 3.2010324275057513"
"3.9446194024258237, 3.2497698370794197"
"3.9263059746829736, 3.2975112652776915"
"3.9085539840019727, 3.359654060316302"
"3.8976055528551043, 3.4338185604218374"
"3.8919170995330328, 3.5000593971439216"
"3.88629836981168, 3.5639416123863086"
"3.8807480610251046, 3.6255766054848984"
"3.870207287745939, 3.67858363093508"
"3.8616609904733563, 3.7044131418760706"
"3.853133522007001, 3.729911197575362"
"3.8446247204138118, 3.7550839797321274"
"3.8316205765446067, 3.7752780580589516"
"3.8276624802428074, 3.793743817655777"
"3.830328986409386, 3.922216969638047"
"3.8329391498118497, 4.042052774683601"
"3.831660743194835, 4.151199785753484"
"3.8347259791944133, 4.257504273976135"
"3.8286655828766403, 4.357616237530117"
"3.8513251328145923, 4.436761943411296"
"3.873626874341504, 4.512895676406268"
"3.8993014065129152, 4.589292271934218"
"3.9246262494188624, 4.663322198617264"
"3.9541571368005837, 4.731905117685125"
"3.9677633324413897, 4.799998240972705"
"3.981322342965317, 4.867173259379863"
"3.994834834393954, 4.933618671289889"
"4.008301464248999, 4.9995145059360375"
"4.021722881617218, 5.065032299145754"
"4.02959007117701, 5.140267533744238"
"4.037474655814229, 5.215858313555813"
"4.049842495646204, 5.295506206844832"
"4.057762996018282, 5.372496111428289"
"4.066028495694818, 5.45038794339276"
"4.079707026186949, 5.489273170056632"
"4.093321839443557, 5.521099472644851"
"4.102462814386282, 5.549494940224681"
"4.115969869887284, 5.581472891611684"
"4.129138219562499, 5.613790695666087"
"4.125033941338948, 5.588260285777463"
"4.125033941338953, 5.566587646441135"
"4.120931442287103, 5.548498618170795"
"4.116830709150014, 5.530485427269337"
"4.112731728708286, 5.512545871553477"
"4.1130207607313825, 5.519501103757286"
"4.109217965317858, 5.529932038979846"
"4.109509068404364, 5.536884871050885"
"4.105422293180486, 5.540360987810896"
"4.105715878425468, 5.547312685387486"
"4.073379032312674, 5.603242427544251"
"4.03643065221635, 5.656683012832978"
"3.998554535944213, 5.719263701621175"
"3.969227836681571, 5.783212482434785"
"3.9348308903105895, 5.845210615786838"
"3.9255333544135835, 5.877318274566078"
"3.9250914541561652, 5.90973360841252"
"3.920430387204287, 5.9381590112940685"
"3.911091120646226, 5.9711626037536565"
"3.9064128661475106, 6.000094409496309"
"3.906870096982775, 6.049090515307315"
"3.9119971941223985, 6.102518712556775"
"3.9171101995392332, 6.15657991755424"
"3.9222091933359406, 6.211291744228529"
"3.91845064974265, 6.2666705048230735"
"3.9086920641205474, 6.303590007965321"
"3.8895283327152654, 6.341871797148438"
"3.8749527722141526, 6.37570524029247"
"3.860299457431199, 6.409961255059454"
"3.849814621989653, 6.449782343746831"
"3.86029945743119, 6.446764014730447"
"3.870725423719853, 6.4437613636135875"
"3.876877367888703, 6.435688418774571"
"3.8871978803350498, 6.432732889847704"
"3.8890741143516676, 6.428815838712504"
"3.890938988737706, 6.406817240113"
"3.892792607401451, 6.385068529028022"
"3.902948208205135, 6.364470665636629"
"3.9089013303354045, 6.339220218571459"
"3.923094550456187, 6.31511381113676"
"3.9167555833665872, 6.314589623642263"
"3.910370766061022, 6.314062066690353"
"3.899759669118086, 6.317512201112658"
"3.8890741143516596, 6.320985686401187"
"3.8783131125624424, 6.324482760535963"
"3.879266633410656, 6.322731259863733"
"3.8802172561085957, 6.320985686401196"
"3.8853526183482012, 6.32410786954374"
"3.8909389887377017, 6.326351073499044"
"3.891867198590636, 6.333448352969116"
"3.891403444596871, 6.343199282298605"
"3.8955809696093135, 6.356994811285216"
"3.890938988737706, 6.36190904775724"
"3.8858222997475087, 6.36774699790577"
"3.8900079649741226, 6.372685982497959"
"3.895119610160619, 6.3937599985301805"
"3.8909389887377, 6.406817240113013"
"3.891867198590634, 6.422990388626767"
"3.8969608715064767, 6.43513288334192"
"3.9015858112438933, 6.448274588071106"
"3.907106545296384, 6.468572211999627"
"3.9171971764529374, 6.492968989023386"
"3.9268004832029266, 6.51846069060359"
"3.932231262317935, 6.548132952185696"
"3.933939227266827, 6.58091131458959"
"3.9202698912860736, 6.605963720021187"
"3.906551397067455, 6.631225573245586"
"3.8927830485016504, 6.656699057244651"
"3.8789641407922986, 6.682386350439959"
"3.8646122247093855, 6.699878387499582"
"3.8738723055442055, 6.698642659928005"
"3.883109449602885, 6.697409089695105"
"3.8923238701326133, 6.6961776712169145"
"3.896922625238158, 6.690759878492276"
"3.9061033565107817, 6.689536564677519"
"3.9015157786415653, 6.685353030995148"
"3.896922625238136, 6.681170668073129"
"3.8923238701326133, 6.67698947772927"
"3.8923238701326133, 6.67698947772927"
"3.8877194870489387, 6.672809461761876"
"3.8775507875112787, 6.657293999390333"
"3.8673261275479005, 6.641769097716347"
"3.8570448685976526, 6.626234859467462"
"3.846706362045575, 6.610691384314511"
"3.8363099490486317, 6.595138768671383"
"3.8274063583548372, 6.566767537653833"
"3.822691206272969, 6.534457056073871"
"3.8179699436814314, 6.502380693330748"
"3.80904033209079, 6.474633823275026"
"3.800101053751085, 6.447079386413083"
"3.794270969465895, 6.4175850053752015"
"3.783642281752357, 6.3841481811229155"
"3.772952293329732, 6.35084851664398"
"3.7622002825344634, 6.317685318828738"
"3.7513855162715153, 6.28465773169745"
"3.75021676308579, 6.233369446140738"
"3.754479967512408, 6.194486440182215"
"3.7538974958881184, 6.152027492662883"
"3.758164795410492, 6.113883998424727"
"3.7667019042379533, 6.072197837715804"
"3.751558480665869, 5.977880764003644"
"3.7314340387564897, 5.881662398822176"
"3.716091426268683, 5.791032637922766"
"3.70002642420212, 5.694589570059143"
"3.6795072988726822, 5.603384710500678"
"3.6982467600301394, 5.448777246175082"
"3.707555942455283, 5.299598637078429"
"3.721004046889158, 5.150714135757587"
"3.7391093483297517, 5.000593484249119"
"3.7617426335794804, 4.8546165309694995"
"3.7648111569801888, 4.764466998536474"
"3.7768747026394767, 4.672424846466679"
"3.7847475977861933, 4.582046793340462"
"3.7878653143363117, 4.492653721082496"
"3.7862105502998684, 4.396006919281708"
"3.7667019042379604, 4.3434776220209415"
"3.7511431801652915, 4.284448786037114"
"3.7309473399487736, 4.219187138434911"
"3.710372645650594, 4.160242022480254"
"3.6938318635920506, 4.093747985884512"
"3.6943349827220953, 4.024756356174361"
"3.685237651015191, 3.963072329676571"
"3.6857028478639293, 3.899210083710983"
"3.686172759295843, 3.8224609970927332"
"3.682107522562493, 3.7487992958008576"
"3.6889759095594385, 3.6458211562707064"
"3.7012615755797587, 3.5316057105992407"
"3.7084147423846314, 3.4156110729294937"
"3.715695307482786, 3.2924203104354675"
"3.7176837694907707, 3.1672725157436474"
"3.7183510196263168, 3.100486809036333"
"3.72450570142513, 3.0403610671230012"
"3.7197071761513385, 2.975636562372891"
"3.7148487930703613, 2.9089050144772557"
"3.7210929975139138, 2.8273325649254843"
"3.739247944841397, 2.7984642747437007"
"3.7568163172996982, 2.7495039226822797"
"3.785634021692953, 2.7029301559311634"
"3.814546074511709, 2.655491902238275"
"3.8435567337279153, 2.607178173684325"
"3.8563523487521056, 2.638551266649955"
"3.869041704793548, 2.669481209267296"
"3.871294864723075, 2.716551559538395"
"3.873532103896479, 2.762764928565659"
"3.880608734878229, 2.798484837597414"
"3.890864010662325, 2.8145518511470655"
"3.891403444596871, 2.8337216925353417"
"3.9070135461969118, 2.843258163874154"
"3.922584672751917, 2.8527624215055454"
"3.9279349999306925, 2.8779989929987764"
"3.9332778624092173, 2.871674560929087"
"3.943450639589268, 2.8716745609291223"
"3.9487763272039285, 2.8653446610586"
"3.9487763272039285, 2.8653446610586"
"3.9540946975460916, 2.8590093148594278"
"3.962342746115005, 2.8305515135654176"
"3.9706403897164657, 2.801681682485963"
"3.9789881746188795, 2.772393636421725"
"3.9980848643642917, 2.7295274550604205"
"4.006555888239407, 2.6992660834319864"
"4.011467838581988, 2.6723644704775253"
"4.01638187561672, 2.6452641500522063"
"4.021298021073738, 2.617965369959336"
"4.020438649855466, 2.5936199349553064"
"4.025365414674799, 2.565910614299547"
"4.035225434633136, 2.5622280461980935"
"4.045094255937753, 2.558536058009551"
"4.049626764730463, 2.5616797324094307"
"4.054571067281211, 2.568520284715852"
"4.064466571187709, 2.5648293658468546"
"4.0648590168495335, 2.585849037373208"
"4.065250770701059, 2.6067324792066344"
"4.0709663998212715, 2.620717445520178"
"4.076664661407905, 2.634620956067316"
"4.077044519596771, 2.6551563819043125"
"4.077802239417385, 2.679037927777486"
"4.078557308864246, 2.7027009970133733"
"4.084581712888182, 2.7361069233103734"
"4.090577574487638, 2.769094672139559"
"4.091305568202221, 2.7919426949327004"
"4.09222690891439, 2.9763262009106697"
"4.097869772885506, 3.1383612629458426"
"4.098334481057197, 3.280802159453277"
"4.094159850012425, 3.420919483253588"
"4.094996196593952, 3.5580816161822213"
"4.116790283388805, 3.6443744202874235"
"4.13824222287925, 3.737823220331613"
"4.159361701264986, 3.826799440760297"
"4.184604629372807, 3.905884511172644"
"4.209479201884627, 3.9816037495689116"
"4.230251894899229, 4.072223305814333"
"4.246278345312791, 4.154188769180905"
"4.261991831956827, 4.23218689420624"
"4.277402094983298, 4.306584693112921"
"4.29251845064949, 4.377719036636718"
"4.30299996014083, 4.465026028067266"
"4.313295137293341, 4.548509544363263"
"4.319279674420292, 4.625244155471361"
"4.325023256477261, 4.705829534406234"
"4.326609983742841, 4.78046652880883"
"4.3308006042615075, 4.866468616919837"
"4.334987679039809, 4.951449939511511"
"4.343232128232515, 5.039057536716022"
"4.347411671431721, 5.1163970936031085"
"4.35982216822333, 5.200482370839654"
"4.355650031199503, 5.264586966379619"
"4.355650031199503, 5.325673650397253"
"4.355650031199513, 5.38719083838494"
"4.355650031199503, 5.45617284553871"
"4.355650031199503, 5.518930342485717"
"4.3716255817367, 5.55510664935905"
"4.3835174993617745, 5.59549791636535"
"4.39549921231702, 5.63654734373525"
"4.4118560980643045, 5.666834229259924"
"4.4240242087850685, 5.709100783108426"
"4.420460942910919, 5.68765989979767"
"4.412778568183853, 5.663121297778877"
"4.409336184946274, 5.6424782217468215"
"4.405865090693328, 5.6295555323352655"
"4.402510967490298, 5.6095359246558205"
"4.410691038725283, 5.602272489224779"
"4.418858424448617, 5.602040971576931"
"4.422937398357759, 5.598419888605026"
"4.427013246478024, 5.5948040107727035"
"4.431085983851891, 5.591193314515111"
"4.414437637523163, 5.628038903695839"
"4.4017444956622995, 5.661815935275048"
"4.388931812393543, 5.696157692902915"
"4.37599752645898, 5.731087349826675"
"4.362939522026808, 5.766628676368853"
"4.354762021708048, 5.781161983638758"
"4.350791309206413, 5.799273430410805"
"4.342633931568783, 5.813872247430916"
"4.334486000088156, 5.828502365293942"
"4.326347404782216, 5.843164333878576"
"4.326347404782222, 5.85829507247799"
"4.318080774661176, 5.865881779154854"
"4.318080774661176, 5.881098343141983"
"4.318080774661176, 5.896373068766074"
"4.31401667431035, 5.907629103955669"
"4.322415800182087, 5.945663139131688"
"4.334862525703404, 5.988194311069786"
"4.343232128232514, 6.0269257824358435"
"4.347411671431721, 6.0623142240530115"
"4.359822168223339, 6.106050401399626"
"4.359822168223339, 6.122190727477365"
"4.359822168223339, 6.138399225907543"
"4.359822168223339, 6.154676496017084"
"4.3639908679029835, 6.174768228672151"
"4.363990867902998, 6.191195066992883"
"4.3599294726319044, 6.194951456226812"
"4.355870466589568, 6.19870887533572"
"4.355980451062142, 6.2062268099660844"
"4.356090280491725, 6.21374888407996"
"4.352039302997533, 6.217511477402387"
"4.343707647622711, 6.22653662616746"
"4.3353620787142, 6.235595761563779"
"4.322817339947002, 6.240901417032897"
"4.310240525722298, 6.246225649432878"
"4.306041045264215, 6.259174545657078"
"4.305895266032429, 6.251568558804986"
"4.305749279944702, 6.243966844183706"
"4.305603086559891, 6.236369391862183"
"4.305456685435609, 6.2287761913310415"
"4.296869633167289, 6.213602500661402"
"4.29295527915152, 6.191757439923384"
"4.289048616393294, 6.170081944479617"
"4.289206608215718, 6.1529995660063825"
"4.285310214478539, 6.131619714544652"
"4.281584408245483, 6.117821933650768"
"4.264546873472801, 6.111702050986427"
"4.247423801439624, 6.105565984841233"
"4.221885922352559, 6.091334384713817"
"4.200272216080306, 6.089518671651365"
"4.182601245647294, 6.083961224721476"
"4.169146166103028, 6.06592546909688"
"4.1558694391462865, 6.047280677123106"
"4.14663354996295, 6.032972838636856"
"4.137352166740331, 6.010633659310096"
"4.1239087874672276, 5.984060101932153"
"4.1247532677672325, 5.903671474093532"
"4.125314206477653, 5.825630532964689"
"4.121779775311635, 5.745352410105984"
"4.122624418694664, 5.670355245599636"
"4.123185476404156, 5.59712897926929"
"4.12781836000938, 5.507558643679099"
"4.12837042045363, 5.416071308535712"
"4.133256360712287, 5.329496752282017"
"4.1297436239608345, 5.244086233933106"
"4.134609371767021, 5.1595351028923995"
"4.124302732820264, 5.057204090961573"
"4.113597565118185, 4.960237837852281"
"4.10276070953041, 4.861405911424034"
"4.095925818942313, 4.75631680431569"
"4.0803631856384275, 4.647716751043776"
"4.108945059501933, 4.581792788489574"
"4.142172981643651, 4.51055804523021"
"4.1755719585980025, 4.437206963578866"
"4.209149916951675, 4.361485398684071"
"4.247371398819569, 4.2877374161483175"
"4.252795933378618, 4.195472195620361"
"4.258359547614235, 4.097342536586925"
"4.264067691202741, 3.9925977236150416"
"4.269926103977825, 3.880402536656426"
"4.275940835612708, 3.7598331427997493"
"4.275752977932559, 3.736221503247336"
"4.280122491103257, 3.7059430633693893"
"4.2799376175473425, 3.6703932401484316"
"4.279752448387187, 3.6343031935770647"
"4.279566982912158, 3.6093467062123104"
"4.284138175036326, 3.614287454709096"
"4.279566982912161, 3.620981264829755"
"4.274809177625339, 3.637473168476948"
"4.274619510113196, 3.6587579460461903"
"4.274619510113196, 3.6587579460461797"
"4.264685759731055, 3.6305097926956407"
"4.254492753951189, 3.6000262338122333"
"4.249051943739385, 3.5639416123863015"
"4.234344343337873, 3.5290817361180693"
"4.228814741764404, 3.50398078311693"
"4.199072063562262, 3.4567357430088457"
"4.169317450385794, 3.423181762934906"
"4.139313227139229, 3.389007286052493"
"4.118409578816605, 3.33879500485018"
"4.0828585945984095, 3.2817068139222876"
"4.077078252506968, 3.255410284343096"
"4.070902800004894, 3.2124740326452503"
"4.0595774277871755, 3.1744752852113685"
"4.043417467515605, 3.1442113493851664"
"4.031903461595905, 3.1193853426375675"
"4.011596451602636, 3.1022426139976744"
"4.006830148449857, 3.096309469116221"
"4.002065790760315, 3.0903705819935965"
"3.997303358823247, 3.0844259651592907"
"3.987339595609896, 3.0698020921724662"
"3.992542832999411, 3.0784756313330774"
"3.9873395956098943, 3.0844259651592907"
"3.9873395956098943, 3.0844259651592907"
"3.9873395956098943, 3.0844259651592907"
"3.9925428329994013, 3.0930553292670524"
"4.002928875907285, 3.095733423985493"
"4.008111755925704, 3.0898061198509765"
"4.008111755925704, 3.0898061198509765"
"4.013287924345218, 3.0838731105864667"
"4.013287924345218, 3.0838731105864667"
"4.017622478434711, 3.0725195934254117"
"4.02714112088138, 3.0698020921725018"
"4.041832269530092, 3.061098673329994"
"4.051363459957973, 3.058358884192671"
"4.066053639628046, 3.0496099005029507"
"4.085151947291255, 3.0292277269147334"
"4.099499322912616, 3.0175556376880976"
"4.1138675875773725, 3.005814074783963"
"4.128257307257533, 2.994002587132009"
"4.142669053615245, 2.982120723522428"
"4.152289406441555, 2.979227104370409"
"4.171849830330138, 2.9610778353785534"
"4.186319042830125, 2.949006122172598"
"4.200812594653106, 2.9368624159579255"
"4.215331084456386, 2.92464626709053"
"4.2349647265811665, 2.9216399775661728"
"4.244672973263505, 2.9186260720865818"
"4.259472731872447, 2.9093263887330707"
"4.274274961927788, 2.899994845551575"
"4.284209374620871, 2.899994845551589"
"4.284209374620871, 2.899994845551568"
"4.2890802327142765, 2.9062878624265167"
"4.293954255633213, 2.9125753093310323"
"4.298831466717111, 2.9188571662491256"
"4.303534362921661, 2.906493769993844"
"4.30335653308517, 2.8877258712746396"
"4.303178399085562, 2.868829130626672"
"4.302999960140834, 2.849802980299245"
"4.302821215466254, 2.830646872259301"
"4.307725500542285, 2.8210199184494513"
"4.307725500542285, 2.8210199184494513"
"4.312803529274905, 2.8145792117082493"
"4.317876281560395, 2.8081331249999906"
"4.317876281560395, 2.8081331249999906"
"4.317876281560395, 2.8081331249999906"
"4.317876281560395, 2.8081331249999906"
"4.307900105764765, 2.8242211134273134"
"4.297920189282699, 2.8402412044507557"
"4.3029999601408235, 2.83383039712956"
"4.298103068620515, 2.8434071270565155"
"4.2836266034339925, 2.875048273160786"
"4.274072519058875, 2.896939270903651"
"4.259472731872447, 2.9093263887330707"
"4.240048728486555, 2.9463347157988693"
"4.230593546131037, 2.967579534950268"
"4.199693000925612, 3.1049100463914137"
"4.1644767645509315, 3.239303810606213"
"4.139925701790085, 3.367398535359378"
"4.111005823796515, 3.480060131308935"
"4.082695581999388, 3.5859261295708045"
"4.0829852127498985, 3.718934168236622"
"4.083605338419872, 3.844154685962568"
"4.0929866748201995, 3.969362839239057"
"4.0978136501874545, 4.091308110772786"
"4.0982395612383264, 4.201264617590493"
"4.116522122908281, 4.33835535858171"
"4.134060115505743, 4.457568272972011"
"4.1384817663656195, 4.5663861472064"
"4.1468976280029, 4.672944649665446"
"4.163483809223839, 4.774645458252463"
"4.162485141690701, 4.9043787340665155"
"4.16580768815676, 5.036504196642236"
"4.169146166103028, 5.1687031855595995"
"4.172500696984082, 5.295356660400643"
"4.171518101221131, 5.427867118722062"
"4.1710246595393325, 5.520386471810945"
"4.166158992291582, 5.611261171185378"
"4.161274270385379, 5.704228399951578"
"4.165151623045315, 5.799151632873694"
"4.164392221846421, 5.901158466161122"
"4.177804831838695, 5.935372553341907"
"4.195519805013151, 5.973473059729424"
"4.213140423518499, 6.0117824615613875"
"4.222020704112131, 6.050915001837771"
"4.235385339832473, 6.0852947281466125"
"4.226552768835802, 6.119371135587694"
"4.2135725184426605, 6.149345563062884"
"4.209018394358441, 6.188014197745051"
"4.191623684625589, 6.2232975234855665"
"4.174161142894526, 6.259010996164164"
"4.174406534442265, 6.241099950197469"
"4.178775295795341, 6.227930423441142"
"4.174651568489575, 6.206351747283193"
"4.183378201199979, 6.188746703988396"
"4.1879699172830245, 6.17507200969085"
"4.197120011949363, 6.189649660262344"
"4.206226036314227, 6.2042198498573855"
"4.215288439930229, 6.21878265888873"
"4.2243076655080065, 6.2333381585495005"
"4.237364138273905, 6.244056251323011"
"4.219803422568374, 6.27264548185806"
"4.19780085632336, 6.297725689340689"
"4.179980450991354, 6.327050658305241"
"4.157661922457248, 6.352822027867772"
"4.143703169519391, 6.378934551281879"
"4.152759214353865, 6.377109352097605"
"4.170281799628273, 6.384135135236809"
"4.179258409880318, 6.382305278388247"
"4.192550501771594, 6.3844375242221965"
"4.197347288726843, 6.386563276035847"
"4.202348655561182, 6.405401389616736"
"4.198929057132448, 6.4153890650938035"
"4.203680285016594, 6.435152288957798"
"4.212486904883918, 6.450983521769498"
"4.217195350304677, 6.461891575853182"
"4.199602084845408, 6.5016963162711425"
"4.190299390589823, 6.54213270934475"
"4.1727454572141625, 6.582111959211454"
"4.15099637042873, 6.626767615399581"
"4.1332442902522795, 6.677419587179989"
"4.1332442902522795, 6.686924303491137"
"4.129138219562514, 6.700609764105366"
"4.124753267767245, 6.70599897338929"
"4.116257234726608, 6.715569020206329"
"4.116257234726608, 6.725160936338586"
"4.116544180841289, 6.704769926932037"
"4.112731728708283, 6.6886522828579835"
"4.11740251601075, 6.6726311771342495"
"4.126152560229892, 6.652589646875548"
"4.126431200557651, 6.632673352377182"
"4.131345691246462, 6.606546946716811"
"4.1443945845805645, 6.572576835530498"
"4.1492571935054166, 6.547010846464152"
"4.1584202894228035, 6.525699388668629"
"4.167539075113871, 6.504590489727946"
"4.176135284253593, 6.4767515378997125"
"4.180663483458871, 6.453086503474242"
"4.189228438653185, 6.425689922814019"
"4.193504765132637, 6.394620291634441"
"4.197777017050027, 6.363816817621432"
"4.197105047981931, 6.314835075462224"
"4.200717370328925, 6.270093277771312"
"4.204341801003227, 6.225708056449532"
"4.203901107165007, 6.1688885258879145"
"4.211842638996829, 6.12091037861479"
"4.2241012556621405, 6.052913387905923"
"4.232082963617599, 5.982270116632646"
"4.236180279834239, 5.900315982460317"
"4.248295243620348, 5.843683836221777"
"4.252029764189034, 5.78007470037953"
"4.252963126946636, 5.711032947148537"
"4.253889796460101, 5.643544748791888"
"4.258702480711737, 5.588558851914068"
"4.2596029967824345, 5.523584790575964"
"4.260497118632252, 5.452893197124288"
"4.269458334720496, 5.383573032249993"
"4.278365701449687, 5.31529478484272"
"4.283040837017605, 5.251249264723147"
"4.283522222628789, 5.184477750388103"
"4.284001584446538, 5.124838478531041"
"4.274504908462828, 5.050505531514689"
"4.2606751816956585, 4.971709057052749"
"4.250924786450161, 4.888229912144457"
"4.249616618417639, 4.8102440176634005"
"4.243995933247425, 4.726706558672179"
"4.21790337176155, 4.660540906250116"
"4.195978669505414, 4.596857289363477"
"4.173915393060779, 4.531732384039151"
"4.1473052738222895, 4.460820349019878"
"4.12492912213093, 4.392143072550104"
"4.1217828759614905, 4.360209930419169"
"4.1143692326566095, 4.331883679692355"
"4.106835783430717, 4.302819928693394"
"4.103460486929325, 4.26829641543398"
"4.100028187507137, 4.232742918170555"
"4.0931528563543935, 4.159212170849283"
"4.090562057737322, 4.077454108441003"
"4.092334518675618, 3.986476147740383"
"4.089705355854393, 3.896628090219938"
"4.0825926233945, 3.808357759063533"
"4.079525380838821, 3.740963950617285"
"4.0809270270346625, 3.675607227179796"
"4.073256758653075, 3.6093467062123104"
"4.06547726008355, 3.5404806115280536"
"4.066802635082318, 3.466856698118157"
"4.0703308046441204, 3.428301951195877"
"4.069242290430266, 3.383629287487434"
"4.077802239417385, 3.3511331663685198"
"4.076367824800699, 3.315845653956007"
"4.070613880037438, 3.263171196221183"
"4.059403581210527, 3.2263430471866386"
"4.0430180989336675, 3.1945498067644067"
"4.02648794653244, 3.1480373818263914"
"4.020118804086322, 3.103140525837727"
"4.008111755925703, 3.0752303579789313"
"3.9873395956098854, 3.0551138269206604"
"3.971688568791593, 3.0287800796007716"
"3.945946508196837, 3.0021741708616645"
"3.9200733245018915, 2.975293858472405"
"3.8993827617648575, 2.9419724734766177"
"3.878611399961236, 2.9236840408155302"
"3.8577572864660397, 2.90527111975792"
"3.8362351048370105, 2.8836836463292315"
"3.8200101904846218, 2.8712766149252857"
"3.79826373049144, 2.8651051880904106"
"3.796397749185685, 2.8399708162347466"
"3.8000025158635555, 2.8241190736216026"
"3.8091010070711473, 2.8177490137644483"
"3.8072532538496873, 2.792011734655432"
"3.816394826660165, 2.769261910936386"
"3.832831494581468, 2.782295465084914"
"3.843748369306054, 2.7693449941669925"
"3.854632933103959, 2.7563736989515917"
"3.8708999596345315, 2.7531864246752065"
"3.8817052683703173, 2.7402033349680224"
"3.8914034445968655, 2.720503041602356"
"3.901107889310272, 2.7171418699313747"
"3.910818759135611, 2.713772177400074"
"3.920536211969674, 2.7103939361597256"
"3.9302604069810183, 2.7070071182725997"
"3.9443662434747404, 2.6901993577400916"
"3.95851243804833, 2.673250232551375"
"3.9726996428910626, 2.6561585488965918"
"3.986928522009558, 2.6389231167755653"
"4.001199751383098, 2.6215427508284677"
"4.006997128762121, 2.635382853966483"
"4.017677945174595, 2.6389231167755582"
"4.023433267262955, 2.6526550404167253"
"4.029170932208241, 2.6663071573728914"
"4.039775784942163, 2.669783115111315"
"4.05483994066383, 2.6596531412942497"
"4.070281443533717, 2.6697831151112794"
"4.090577574487638, 2.6697831151112794"
"4.1056035689891335, 2.6596531412942497"
"4.120964138999547, 2.6697831151112936"
"4.136295059722002, 2.679879853392684"
"4.146394464072537, 2.67987985339267"
"4.156487170986123, 2.679879853392684"
"4.171760667181004, 2.689943395078622"
"4.181833050228681, 2.689943395078622"
"4.1967947588899905, 2.679879853392684"
"4.201425543142918, 2.6663071573728914"
"4.20606703912218, 2.6526550404167253"
"4.22106367507837, 2.642454358513298"
"4.236061330972936, 2.632220250922309"
"4.240748942959392, 2.61838369147506"
"4.255766170157814, 2.608063675656517"
"4.265637142684134, 2.6044665567305927"
"4.265210735602493, 2.597244715827763"
"4.269949847376489, 2.583189799861522"
"4.270159378205417, 2.604016271209865"
"4.260265258264864, 2.624707647374372"
"4.2607000903621595, 2.6487937558329406"
"4.255987219386802, 2.6625044305047965"
"4.256207886697718, 2.6827841355779043"
"4.25240391712485, 2.7593576783090015"
"4.258610301463925, 2.833775929629688"
"4.264757126130972, 2.8904586537514163"
"4.27588216225279, 2.954899322090135"
"4.277073345035114, 3.0175556376881048"
"4.270100746223881, 3.157086048187729"
"4.2679848969707965, 3.279900942657349"
"4.261064024247538, 3.40074512082359"
"4.254285387623031, 3.5143706844539615"
"4.247855155442994, 3.634605367555384"
"4.255671317613995, 3.765808434731486"
"4.2588573119883995, 3.8935495257525403"
"4.266539333212809, 4.017683239275435"
"4.269514386435151, 4.128157370133014"
"4.272238606861275, 4.2221240399780555"
"4.286620442434182, 4.283960843549423"
"4.305077517873997, 4.339296703940828"
"4.3189649726153485, 4.3966525627643325"
"4.328505103399817, 4.456605910631792"
"4.342257897511092, 4.511324359447698"
"4.360134716482024, 4.576001686632258"
"4.373650405551134, 4.642680214581455"
"4.3869972728537485, 4.700374384950596"
"4.404282191295483, 4.759962442805515"
"4.421365635086603, 4.818220046265832"
"4.433801322320335, 4.870024653660126"
"4.45029416229758, 4.924634969721096"
"4.458549279621144, 4.97214164125927"
"4.474996383472731, 5.01942331292153"
"4.487327845849723, 5.069966056196378"
"4.487327845849723, 5.130248398524055"
"4.479156006628843, 5.183952811276422"
"4.475100050440137, 5.247819272489391"
"4.466981774781385, 5.3084842002868875"
"4.466981774781385, 5.369502792289009"
"4.467013253746243, 5.424053389380602"
"4.471109710617366, 5.482516434930195"
"4.479270703793491, 5.538135294599452"
"4.483360982679604, 5.5977674208559876"
"4.479316358046829, 5.657821392497007"
"4.487362373755582, 5.681084697828019"
"4.495476019115706, 5.704667944207571"
"4.503658239737367, 5.728580542051362"
"4.511909999999994, 5.753186618353599"
"4.5285782655589015, 5.77818465597889"
"4.5077680171881065, 5.748941682056666"
"4.487206229469902, 5.720245897319759"
"4.466887072459241, 5.692077847698306"
"4.450896520619205, 5.660705564211981"
"4.431029867954825, 5.633590356951824"
"4.422689594278066, 5.655905639378187"
"4.410267074144849, 5.6818955738495305"
"4.397780639272832, 5.708165719908488"
"4.385229460749937, 5.734724416751587"
"4.372612692847809, 5.75422705013489"
"4.3433512601672435, 5.818953835137804"
"4.322012549677059, 5.877967925716202"
"4.300340130946937, 5.938842605262315"
"4.274349459154617, 6.004943888866888"
"4.248484827615838, 6.063426565575626"
"4.252590589093001, 6.116705694922433"
"4.248484827615835, 6.178388088458713"
"4.244573414451172, 6.240257319859264"
"4.240474806045654, 6.303833890986754"
"4.236180279834239, 6.378078225927592"
"4.2103284868486055, 6.398421021173837"
"4.18867230561684, 6.4140408153803214"
"4.1625454649803295, 6.434731224594133"
"4.140653855371879, 6.4506246823367395"
"4.114236835846854, 6.471671436518745"
"4.132142634101961, 6.459637554499224"
"4.145573390627457, 6.452672586852627"
"4.163303751458105, 6.440784167199301"
"4.1809382951891605, 6.420093500194877"
"4.198478753522445, 6.408422704731794"
"4.203237686830296, 6.392901862060283"
"4.212057702934048, 6.373580971620571"
"4.220848406565561, 6.354409796847316"
"4.229610062524145, 6.344013609359838"
"4.238342932250253, 6.325082659169606"
"4.242410659148665, 6.304099487069697"
"4.246480463984294, 6.283214674271991"
"4.250552360199688, 6.262427470584424"
"4.2546263612717325, 6.2417371034058124"
"4.258702480711731, 6.221142777406777"
"4.280109295637343, 6.189426680412783"
"4.30966834802889, 6.149942230206518"
"4.3351126554036306, 6.114112080687994"
"4.360357179385085, 6.078861511217926"
"4.389449053938202, 6.048406319883778"
"4.422126955204112, 6.009202771950612"
"4.442516228503326, 5.97451962896724"
"4.471023802138493, 5.933444884743021"
"4.495533765514314, 5.8962225046626235"
"4.51191, 5.851273302965297"
"4.507808839552524, 5.82562784559421"
"4.507805950373661, 5.803618942667361"
"4.507803057121187, 5.781695955958342"
"4.507800159786513, 5.759856748956145"
"4.511909999999994, 5.7419484613964675"
"4.491287318678093, 5.702741139225689"
"4.470559443918031, 5.663687862230125"
"4.44560056395481, 5.628260517904233"
"4.424713398724532, 5.582063617110004"
"4.407795869943968, 5.53997816475178"
"4.432739648274412, 5.448144003201606"
"4.461861354800887, 5.347152545550308"
"4.495205053717542, 5.250614120052802"
"4.528650110825053, 5.1613039288540765"
"4.553820594193372, 5.065185254738974"
"4.558161567218638, 4.916165850425262"
"4.554032729984955, 4.778778317620141"
"4.549889004350918, 4.637388817603346"
"4.541513474267897, 4.486126027654448"
"4.537330541994067, 4.323016103870154"
"4.537743883032802, 4.221406138434425"
"4.542582276726461, 4.106106634248324"
"4.538673584650118, 3.971231543499716"
"4.543681562765259, 3.835393873558779"
"4.54426129438687, 3.691540206161278"
"4.549074623363632, 3.6521651125747816"
"4.553938182869438, 3.6117803612831416"
"4.558814984120507, 3.5721987304007143"
"4.5637772304118505, 3.5297551724340153"
"4.5687458511831665, 3.500600669584575"
"4.56398800156548, 3.4829573684571713"
"4.554518843862452, 3.470468428745228"
"4.54505003706307, 3.4579238966240453"
"4.540304184935574, 3.4400354131140674"
"4.53558144464222, 3.419954258546152"
"4.526101396545203, 3.4347417757230403"
"4.5213594595715225, 3.4441556943594414"
"4.521351802057738, 3.4587694025786107"
"4.51191, 3.4732845437561544"
"4.507198552697406, 3.482498790050119"
"4.4930101407887815, 3.456735743008835"
"4.478739709565175, 3.4305874505543237"
"4.464386060506691, 3.4040463793543942"
"4.4546921714967045, 3.369495339875918"
"4.435424172927634, 3.336550323278793"
"4.416134037162779, 3.2919472582333533"
"4.406375738171518, 3.260174611215188"
"4.391723775907916, 3.219839295056701"
"4.377117804325451, 3.1953030397422992"
"4.367117700783874, 3.159642041305112"
"4.381343692134473, 3.1461304885761905"
"4.385923172297665, 3.118148486789142"
"4.395429913640156, 3.098404888942518"
"4.4000544540864395, 3.0698020921724805"
"4.414451229757435, 3.0408307932927485"
"4.4189773398212315, 3.0058140747839346"
"4.418664109371222, 2.964004231717354"
"4.428202587969939, 2.9368624159579113"
"4.432895094757961, 2.903042684845296"
"4.437615162875705, 2.8844781758804956"
"4.447469744771523, 2.8655861555712647"
"4.45729326224884, 2.843407127056551"
"4.457246669341227, 2.8242211134273347"
"4.462153473711106, 2.8113602790923764"
"4.467072593812019, 2.7821846292750294"
"4.476977996758709, 2.775614412271942"
"4.491941199512212, 2.7657872672209933"
"4.501908689998467, 2.7426812095946715"
"4.5219282091593405, 2.719360068201169"
"4.531963524980969, 2.6992660834320077"
"4.541964382561622, 2.685973586646803"
"4.5569725657989215, 2.6960670865898493"
"4.5770023026613345, 2.6960670865898493"
"4.586953709019421, 2.6995030091288186"
"4.601927766054653, 2.7095444963874655"
"4.6168915336637495, 2.7195526295105523"
"4.631845543808691, 2.7295274550604276"
"4.641735463346396, 2.7328992814130473"
"4.656790060417495, 2.739469021316495"
"4.6618549987048015, 2.746033576332721"
"4.6767956486832665, 2.772316686597364"
"4.6868018008730035, 2.7886379716005294"
"4.696810392105999, 2.8048907848544715"
"4.706654339321982, 2.8242898667532117"
"4.7313904001341465, 2.8371288450433383"
"4.731202399349619, 2.8403095206199893"
"4.731014720746384, 2.8434820834511854"
"4.73064032677289, 2.849802980299245"
"4.7304536097542735, 2.8529513687829393"
"4.7304536097542735, 2.8529513687829606"
"4.7353363123569165, 2.8624631891874515"
"4.7353363123569165, 2.8624631891874515"
"4.740410539473585, 2.868829130626672"
"4.740410539473587, 2.868829130626658"
"4.735336312356917, 2.8782936421279146"
"4.715437036073662, 2.878293642127929"
"4.700279101413642, 2.8908048102183272"
"4.6802809567412025, 2.909538399847726"
"4.660326089137447, 2.9281440136447827"
"4.650305704322811, 2.931146987406116"
"4.630221116273295, 2.9555077177544007"
"4.6053655945038585, 2.9857355265360823"
"4.5854999627753985, 3.0094746178701897"
"4.570656482430156, 3.024058427699309"
"4.541208611800349, 3.0621212603487535"
"4.507065338084746, 3.1668451907996413"
"4.478246822941141, 3.2586622181627902"
"4.449846400417667, 3.346509599067744"
"4.417146953121876, 3.4379680028922337"
"4.389587568401643, 3.5181820796346166"
"4.363124585737295, 3.640646964267166"
"4.3327337897419556, 3.761271149065646"
"4.311995131438, 3.8724638483499874"
"4.287282924170109, 3.9724179659705463"
"4.258746866968636, 4.071663393491217"
"4.248484827615835, 4.200329547313405"
"4.23845434925531, 4.311962899050631"
"4.224652046925417, 4.421881546780735"
"4.219483889274487, 4.524773205535471"
"4.214432959993307, 4.6150628044422"
"4.214861317470474, 4.723770828881502"
"4.223687543714214, 4.83670790718919"
"4.228191538077215, 4.943928836688171"
"4.228598286751778, 5.05341291065492"
"4.233084669737646, 5.165655292038574"
"4.227783617050952, 5.271259536790882"
"4.214003362120563, 5.37872363958266"
"4.20423023798799, 5.485166425931953"
"4.194366773805018, 5.594568207539694"
"4.188573909162907, 5.711388583044314"
"4.188573909162902, 5.772080607050448"
"4.19273829682068, 5.829999198406616"
"4.1969047170497, 5.888795139853987"
"4.196904717049698, 5.952247350905606"
"4.192738296820676, 6.012390409465707"
"4.197365702149534, 6.048171340399891"
"4.206363669786968, 6.088012555965307"
"4.215331084456388, 6.136494499063147"
"4.224268227750267, 6.1770181514941545"
"4.233175377624384, 6.2178552132542215"
"4.232972715153154, 6.244239341887621"
"4.2240587226451165, 6.271657636970497"
"4.215331084456374, 6.289812613368243"
"4.210741289216881, 6.3128778467496645"
"4.206140334942518, 6.336131956851649"
"4.17976478563962, 6.356488343738727"
"4.157665023279194, 6.3721134570456535"
"4.130997056677591, 6.3928215805775945"
"4.104162782010547, 6.413731555906576"
"4.077157220371495, 6.434846269072061"
"4.063588613122403, 6.422624116749915"
"4.049975253966588, 6.419521665184741"
"4.040522567290224, 6.41233834523811"
"4.031034430358124, 6.405146979142482"
"4.021510494967147, 6.397947556815924"
"4.012700894139414, 6.397947556815924"
"4.0081044090848055, 6.384777035744261"
"3.9992810272378714, 6.37570524029247"
"3.9862303067763163, 6.370713842983687"
"3.977392429254971, 6.361677958313264"
"3.9723618225038795, 6.358539362702602"
"3.9630888519821603, 6.359455662896826"
"3.95379378141347, 6.360373537536438"
"3.9487122513350323, 6.357226394971663"
"3.9393759817843064, 6.3581437925316475"
"3.949137891446729, 6.365360812488703"
"3.963502472939017, 6.367578006552403"
"3.9689557752186104, 6.378836266263441"
"3.9743861358490324, 6.390085356938222"
"3.9843904977615052, 6.3963156837906565"
"3.9885906108104354, 6.39225863407205"
"3.98399549613051, 6.397263393530044"
"3.988198711513615, 6.393202723792501"
"3.9924033858419987, 6.3891432715907275"
"3.9920140024962762, 6.390085356938222"
"3.9735782513248896, 6.382899309521122"
"3.9592782596002234, 6.3716410120283005"
"3.9449051978673557, 6.360373537536438"
"3.9304580006758094, 6.349096880405899"
"3.915935583941235, 6.337811032831436"
"3.9018018526537546, 6.3076503087154805"
"3.8876150729994654, 6.277656002143233"
"3.873374473565068, 6.247826556595202"
"3.8590792731126253, 6.218160305414463"
"3.844728680519033, 6.188655468557856"
"3.8206857522888917, 6.151370307719705"
"3.8013364891787234, 6.1182584508124975"
"3.781882946477193, 6.085331497952589"
"3.7623231257894503, 6.052586279133031"
"3.742654996452929, 6.020019393213333"
"3.7253689921936193, 5.993867237873444"
"3.7116397069570457, 5.964331197271726"
"3.697737375164319, 5.93470387876965"
"3.683658304596209, 5.904982458096453"
"3.6745324709508065, 5.870756440171551"
"3.7020361815102145, 5.798330866293585"
"3.7203963182007467, 5.727385115424562"
"3.738530100688749, 5.658271310749416"
"3.7564425604255423, 5.590853750221508"
"3.764315992243544, 5.532715429633864"
"3.7660630489992712, 5.442677225849046"
"3.767801835108097, 5.354314551822272"
"3.7695324099597087, 5.267319655840004"
"3.7712548323700705, 5.1813741436924365"
"3.777820248329455, 5.092660872752656"
"3.7540849398101184, 4.939000314847341"
"3.730223104025823, 4.782834639451746"
"3.706231669249977, 4.621842733555306"
"3.682107522562493, 4.453499976348532"
"3.657847510334415, 4.275102596970285"
"3.603891555942017, 4.187882301598965"
"3.538246185781503, 4.104451413036184"
"3.481461779741297, 4.008283971819072"
"3.4123487289218524, 3.9155701891033026"
"3.3523957882988924, 3.8085397284695794"
"3.351418857989973, 3.796426350270824"
"3.3616145827578077, 3.774998080063284"
"3.3550577084196043, 3.7565073395386577"
"3.3652589289849466, 3.7347205989644827"
"3.364292349168183, 3.722174275889728"
"3.380051121283783, 3.7394038988573968"
"3.391153938996455, 3.7626903659279733"
"3.4123252356011076, 3.7857343610974823"
"3.4279060139498085, 3.8024925033048262"
"3.4434339280546453, 3.8191297240038438"
"3.491397644562605, 3.839914511469498"
"3.537934615871574, 3.8486545985825735"
"3.5847120286477185, 3.869028573370013"
"3.625724768379502, 3.8833623120686056"
"3.671431653858045, 3.9032702690554757"
"3.6898880195771984, 3.901947315037681"
"3.713413275791135, 3.9063400987320662"
"3.736882229915537, 3.9006216287518924"
"3.7608974302074305, 3.8962195109166586"
"3.7792252325497646, 3.8948858992853665"
"3.798108609131095, 3.9050195740868148"
"3.8169483239490596, 3.9151132209251465"
"3.826352182363438, 3.92516713067484"
"3.844598762100736, 3.9438851405000612"
"3.8633501718746732, 3.9538342187336966"
"3.886981449119185, 3.9494975746587784"
"3.9154234316660883, 3.9507617237883927"
"3.9481483090296017, 3.956349933363555"
"3.971927749406775, 3.96316812459224"
"3.999999274453077, 3.9644120972269086"
"4.012428252949467, 3.935181595087858"
"4.015673488115864, 3.9054509054070117"
"4.023373655581518, 3.8796633355895622"
"4.031116702175028, 3.8430168300304146"
"4.043370997634961, 3.810188718326593"
"4.046733199150426, 3.7782147726701822"
"4.05460755013323, 3.7393952941783333"
"4.053143653523179, 3.6997396866830528"
"4.061084089045398, 3.6592212259491568"
"4.059996091343595, 3.619569495052321"
"4.067998247519749, 3.600833651816764"
"4.071482903952095, 3.576838687590268"
"4.079913056021386, 3.5474322341143925"
"4.0834461453502495, 3.5226806958007835"
"4.086998199807971, 3.497564426361887"
"4.0863047461779125, 3.4688667663649326"
"4.0902249388371485, 3.4450426500279185"
"4.0987874949185885, 3.4135119582200915"
"4.102746863601405, 3.3889967773224683"
"4.111370395657476, 3.3565605503362796"
"4.120353426467484, 3.339032108543524"
"4.12936012338354, 3.3213414526957017"
"4.1337164476708, 3.3112950228129847"
"4.142762603974696, 3.2933415494455005"
"4.1518330044936596, 3.2887044822705853"
"4.15652444712634, 3.294266287133482"
"4.1562301663756855, 3.2919472582333427"
"4.155935396054561, 3.2896226269626254"
"4.160636939359359, 3.2951945434025767"
"4.155640134935774, 3.287292374039634"
"4.15593539605457, 3.2896226269626077"
"4.161218334350814, 3.299822404242878"
"4.1664865162775735, 3.3099627304752204"
"4.162086814415521, 3.320044039823145"
"4.167340713798309, 3.3300667644646857"
"4.159729570644672, 3.384699035180347"
"4.152201026433152, 3.4377220467408165"
"4.139856028256749, 3.494362354240735"
"4.137083689297162, 3.537292940665793"
"4.129790339504088, 3.5859261295708045"
"4.114486307278144, 3.6965946887234757"
"4.094962871321075, 3.7964263502708206"
"4.0852825649686455, 3.8820099131517587"
"4.066335361310608, 3.9718232296930616"
"4.047691975595844, 4.05708911517403"
"4.061590727699151, 4.1719645315241785"
"4.079438683347088, 4.283563663502068"
"4.088167656915261, 4.388697397833642"
"4.105366618442159, 4.488218007942283"
"4.118076704037412, 4.57944619527264"
"4.103904783926297, 4.69806173220752"
"4.08515555956662, 4.8177593390657005"
"4.070415124166225, 4.939459101397638"
"4.051348890984819, 5.057400754939334"
"4.036316481058888, 5.179386442511898"
"4.021878091923445, 5.274581283875184"
"4.003502632276749, 5.360240340736915"
"3.9850420882441506, 5.44711365015152"
"3.966494785235387, 5.535485891604054"
"3.9563475176032785, 5.633456452488168"
"3.9423225278505116, 5.71411556542341"
"3.9367622947808627, 5.804772657973135"
"3.9311781376699972, 5.897814519140009"
"3.9255698724646004, 5.993445700322557"
"3.911371232435207, 6.0826683702843845"
"3.9080151105071588, 6.136610080810589"
"3.9042063975009658, 6.183157020055495"
"3.9098565421938023, 6.229370911463482"
"3.9107730097506463, 6.28084219997934"
"3.9074390030191317, 6.3369117942855056"
"3.8823934213556077, 6.3646100498609695"
"3.862357792788722, 6.39590517449559"
"3.8325167742427055, 6.42864123007919"
"3.8023443757296356, 6.461901643889"
"3.776173970132202, 6.491455078341312"
"3.783367118971169, 6.481898377093037"
"3.781316097787519, 6.481887652447895"
"3.7932928744379044, 6.4766379790749244"
"3.7960588172449246, 6.471434359127157"
"3.803066366984254, 6.471458780885524"
"3.808409252022523, 6.493303024150688"
"3.817989835531666, 6.5110438057327205"
"3.817989835531675, 6.539400307665965"
"3.827545238846813, 6.557298559464872"
"3.837075698728759, 6.57524970526009"
"3.841831648345874, 6.598630891153064"
"3.84658145002207, 6.622129397123276"
"3.8513251328145923, 6.645745751265782"
"3.8607942573833203, 6.663989634134172"
"3.865519756680321, 6.687804815971589"
"3.875435026540094, 6.704918147281957"
"3.880616310393454, 6.72762174751365"
"3.88156935644, 6.744794597938517"
"3.886727034588839, 6.7775576048499415"
"3.8876680095355605, 6.794814948866096"
"3.8829934817153706, 6.8004882723868985"
"3.8829934817153706, 6.8004882723868985"
"3.8871978803350498, 6.796166956357479"
"3.8825194968932646, 6.791846814377751"
"3.8825194968932646, 6.791846814377751"
"3.881569356439986, 6.7745780356876075"
"3.885310181484525, 6.75170710934078"
"3.880138693560137, 6.738797982114431"
"3.8791812638022067, 6.7216026667376685"
"3.8782208945656187, 6.704426740829611"
"3.8866940814640802, 6.666440657256672"
"3.881978800098061, 6.632992475188463"
"3.890460716119218, 6.595561514097204"
"3.889515087072418, 6.559536017101069"
"3.8937642256651754, 6.517371217650272"
"3.907897969272306, 6.464225518423716"
"3.926217959395438, 6.407796476273375"
"3.9313379235920696, 6.347281310694607"
"3.950410925392198, 6.290986188231109"
"3.9643278311498618, 6.241308178910623"
"3.9647395712849516, 6.171234859978921"
"3.973578251324893, 6.111630447598634"
"3.9870194557550747, 6.056784792028214"
"3.9958363999586997, 5.998935855578943"
"4.000434000985422, 5.937634363801372"
"4.024072072910945, 5.836030394972017"
"4.043323239101655, 5.733556373376098"
"4.0579011198866395, 5.6380380261412"
"4.076843501289793, 5.5413099327992645"
"4.099762011627065, 5.450640938805361"
"4.108935651339523, 5.386648977444043"
"4.109524377906308, 5.323405791990178"
"4.114526732478118, 5.2573380719793565"
"4.11950928851225, 5.191869751069452"
"4.120079395284316, 5.130229111998615"
"4.116830709150014, 5.072481016124371"
"4.117687796386629, 5.018302440379571"
"4.122905150744284, 4.960921138450823"
"4.123744912094589, 4.906869766745993"
"4.132984588320008, 4.845838752948989"
"4.116830709150011, 4.761306127153659"
"4.096534155794988, 4.6708829083765"
"4.075558540202643, 4.576451605032188"
"4.058380309636122, 4.481313716298146"
"4.036616164443003, 4.385819917125904"
"4.045834199200938, 4.281475357150338"
"4.063839554570375, 4.170093590182326"
"4.077802239417397, 4.05676687832419"
"4.087608618907471, 3.931613916707743"
"4.097582831413314, 3.7975996530411784"
"4.131355606742701, 3.7394038988573968"
"4.165582153514807, 3.6901744527695506"
"4.200278869562198, 3.6392042733436796"
"4.240060684256155, 3.5676475163808057"
"4.270957184516873, 3.5052391465229746"
"4.298350472593263, 3.4432634098936887"
"4.330834303622002, 3.373865108390902"
"4.358720301486863, 3.2942662871334463"
"4.382098332500923, 3.2336357383251837"
"4.420209491740819, 3.1654358086272865"
"4.424858202944611, 3.151955180430946"
"4.429457261232251, 3.1213982410581664"
"4.4293197139322045, 3.101655010519039"
"4.4340177876861535, 3.087679159280917"
"4.433821989900141, 3.064863992374221"
"4.433559389554636, 3.009063352363164"
"4.428414345683904, 2.9610778353785463"
"4.43302885350279, 2.9091152621170764"
"4.432760881533716, 2.849627082852905"
"4.432491082348429, 2.7887628278067"
"4.437170287337367, 2.749503922682294"
"4.436913672077956, 2.7029301559311563"
"4.436655288315263, 2.655491902238275"
"4.436395117701269, 2.607178173684325"
"4.436133141633233, 2.557978809316559"
"4.435935463416238, 2.5116832419218156"
"4.435736750972422, 2.4646735180824635"
"4.44066169041252, 2.427957773230027"
"4.440474450577737, 2.3978935528406"
"4.435201732733476, 2.360350261268138"
"4.429977483082599, 2.3634076904560857"
"4.424738987413094, 2.3664713739077783"
"4.419404610576842, 2.3469795595865293"
"4.41413260644639, 2.331492922368028"
"4.419076956425736, 2.3303828332968592"
"4.403832236344188, 2.331492922368021"
"4.38854100348438, 2.3469795595865435"
"4.373284656179593, 2.3623797620611953"
"4.363132779881646, 2.3664713739077783"
"4.342873719072145, 2.3746233295840966"
"4.322838996276223, 2.4231209471886714"
"4.313117460543393, 2.470895616639119"
"4.3034433172962965, 2.517949337369913"
"4.288825610143545, 2.5574190700722212"
"4.279259910585862, 2.6031097055739636"
"4.270577351230053, 2.6790379277775003"
"4.257086756525555, 2.746167492664526"
"4.243759945742558, 2.8273732769866413"
"4.230593546131035, 2.9058786223240105"
"4.217584284794986, 2.966597169683915"
"4.2087422488578605, 3.0231818649863484"
"4.199954961684435, 3.0784756313330988"
"4.181715964545909, 3.1351100537705108"
"4.168337900932134, 3.196059207680161"
"4.155048135375655, 3.255410284343075"
"4.140615290564379, 3.2634220164385823"
"4.1261804424672075, 3.2714062096271768"
"4.116446246262492, 3.2714062096271945"
"4.106705328088248, 3.2714062096271768"
"4.096957518938906, 3.2714062096271768"
"4.087556037237905, 3.2737637270620823"
"4.078163324602124, 3.2761155448246235"
"4.068779224440363, 3.278461682465128"
"4.059403581210539, 3.280802159453277"
"4.0500362404196855, 3.283136995178186"
"4.04535563544671, 3.291025807553197"
"4.040677048624029, 3.298887614549251"
"4.036000460935063, 3.306722514757851"
"4.036395420092049, 3.3223119904869556"
"4.0317246339246955, 3.3300667644647106"
"4.029058760893044, 3.374983435341072"
"4.026416069019733, 3.418827700195312"
"4.018785796645204, 3.466856698118164"
"4.006208949073217, 3.5066260990100453"
"4.003693594900336, 3.5474322341144138"
"4.0044891740812165, 3.670591669877414"
"4.0052678505625465, 3.785856204716456"
"4.010854726403523, 3.889523746555941"
"4.016318861846158, 3.9870562511510492"
"4.016950964133458, 4.083130885303085"
"4.035472820248489, 4.2003295473134195"
"4.053594281267915, 4.310347144624616"
"4.0713291892090755, 4.414107601217088"
"4.088690721053597, 4.512443324026181"
"4.109818093544103, 4.609524680043483"
"4.100666248921289, 4.731905117685143"
"4.100063867746882, 4.858655367640413"
"4.095315688569654, 4.980258987127495"
"4.098853769288154, 5.101030011685005"
"4.0854695923652615, 5.222320739435824"
"4.080681169428561, 5.366044964043267"
"4.067229069626296, 5.505602485571933"
"4.057901119886643, 5.652939333197929"
"4.044364875795613, 5.801524128331604"
"4.034961885341678, 5.960271851942237"
"4.020974227991307, 6.047336827594688"
"4.006917988911822, 6.136743070083712"
"3.9927921818076024, 6.228622526647566"
"3.9743861358490493, 6.327121191293955"
"3.9647395712849516, 6.419326352919709"
"3.9457608431183226, 6.43143999008556"
"3.9313379235920616, 6.438526237028039"
"3.916840056783135, 6.445651624650393"
"3.8975470762795315, 6.457978397177669"
"3.8781273680405155, 6.4703991084688415"
"3.889515087072418, 6.4373939312078186"
"3.896106917729348, 6.409961255059454"
"3.90265030441324, 6.382899309521122"
"3.913801083575943, 6.3512651586234705"
"3.920671223693483, 6.31525793627245"
"3.9138010835759314, 6.280252502347669"
"3.90687009698277, 6.245280912076888"
"3.8998773960940154, 6.21034261050231"
"3.892822095744057, 6.175436776411054"
"3.889978204969662, 6.145235425885151"
"3.9018018526537634, 6.098239079180711"
"3.922425862192352, 6.060584006019974"
"3.9339616327626263, 6.015376003512871"
"3.9495792157184395, 5.975415453778138"
"3.9654545769312293, 5.935658977899816"
"3.9650471577861346, 5.944192510400718"
"3.955860911914698, 5.944718801665938"
"3.955445474615914, 5.95329131099812"
"3.9508404830460737, 5.9575893397878135"
"3.9458064912725463, 5.962438131377547"
"3.964230478424481, 5.977527227296025"
"3.982567892925866, 5.992630538507114"
"3.9966481279258783, 6.011530115916856"
"4.014823539070975, 6.0266664673971615"
"4.0287584969632455, 6.037423513483213"
"4.033270705139115, 6.057606600296467"
"4.033270705139116, 6.074073618776825"
"4.037427727886333, 6.0867944938219125"
"4.033270705139116, 6.09890710345543"
"4.033270705139116, 6.1155523995773375"
"4.028401223603823, 6.1207433907126205"
"4.023880410264971, 6.125268147702624"
"4.023519033572513, 6.134343638098673"
"4.023157117581429, 6.143453953996486"
"4.018258017034891, 6.148728922743017"
"4.008795510227835, 6.116444297210171"
"4.007670688882858, 6.093334090645851"
"4.002344055197101, 6.065782871585976"
"3.9969952241762527, 6.038327045763716"
"3.9916240304282375, 6.019198772013544"
"4.004265616587002, 5.966812762748256"
"4.00426561658701, 5.910234206011296"
"4.008482490913208, 5.850722622646535"
"4.012325935153689, 5.800245722309533"
"4.025365414674805, 5.742177329772932"
"4.036316481058884, 5.671465912015704"
"4.060065327594101, 5.598867415910587"
"4.070741556661192, 5.53145516191954"
"4.089935728064627, 5.465464517380161"
"4.108935651339523, 5.407827555995032"
"4.127465663701214, 5.344234739111363"
"4.137352166740336, 5.281585419563067"
"4.155612320339632, 5.219751899576906"
"4.177804831838707, 5.1551592734997715"
"4.191451571294839, 5.084332759672019"
"4.20776046526553, 4.982061843372939"
"4.2281915380772155, 4.882115478320639"
"4.248674138574054, 4.780565517062268"
"4.256881989042205, 4.681011531180717"
"4.2649208036941975, 4.578442738435987"
"4.249761946522332, 4.507314777485664"
"4.2386838598272965, 4.429573178058375"
"4.227386932857051, 4.348231753856659"
"4.220131763302379, 4.2581681982723865"
"4.2172613173022135, 4.168010245354733"
"4.215240688933384, 4.104759173424004"
"4.2085920940000765, 4.033706015582794"
"4.20184388428406, 3.9693628392390288"
"4.190312419195557, 3.8966280902199237"
"4.1830602054825565, 3.8251293221429172"
"4.172258896776841, 3.762749805061407"
"4.17064024985255, 3.72047340254187"
"4.169006048240702, 3.6657548151789037"
"4.167356065866273, 3.6093467062123175"
"4.156547659002472, 3.5410628023011768"
"4.174297515714668, 3.521404364928106"
"4.177804831838695, 3.482044566707767"
"4.181336896409801, 3.4418327651162777"
"4.194691160766258, 3.4156110729294937"
"4.207862665592274, 3.3868504479999935"
"4.226264031272057, 3.3543583451440036"
"4.240056838948142, 3.3422623031244534"
"4.253896635885384, 3.3300667644646715"
"4.2628764753314154, 3.309962730475249"
"4.2817200421910675, 3.291947258233389"
"4.291341319069553, 3.291947258233396"
"4.310572801635034, 3.27846168246516"
"4.324910344589199, 3.2705185727032884"
"4.344126586754502, 3.256931774743144"
"4.358467955930394, 3.2489201816201287"
"4.38727149231082, 3.262548126871078"
"4.41605522267044, 3.2761155448246235"
"4.444823230500967, 3.2761155448246058"
"4.468769729884771, 3.2817068139222663"
"4.497531180857606, 3.295194543402566"
"4.502328160999149, 3.289622626962643"
"4.507121092986627, 3.28404500475067"
"4.516694905081764, 3.2863775544215805"
"4.526252800937192, 3.288704482270589"
"4.535814564015027, 3.288704482270589"
"4.55023604233739, 3.2761155448246058"
"4.569494992147471, 3.271406209627191"
"4.579204577356658, 3.253019433405143"
"4.593796757521476, 3.2401390400178407"
"4.6035849212895, 3.22144202827954"
"4.608531640850607, 3.210791525413839"
"4.6086921992392, 3.191812789155282"
"4.613660004555323, 3.18099244383653"
"4.613744724502761, 3.164289273072054"
"4.613829585686759, 3.1474701413834083"
"4.618818660338501, 3.122022366827025"
"4.623820584855293, 3.0963094691162283"
"4.633761188015569, 3.0763054561031566"
"4.643626289953348, 3.0735851201888593"
"4.653628509974407, 3.053354313416733"
"4.658458269719921, 3.0621212603487464"
"4.673061228080124, 3.070857995743708"
"4.673061228080124, 3.0708579957437365"
"4.678020081179207, 3.0621212603487464"
"4.687804225488756, 3.0621212603487535"
"4.682983660235614, 3.0533543134167402"
"4.668369430088354, 3.0445570669655027"
"4.668369430088354, 3.0445570669655027"
"4.663538794070175, 3.0357294337450114"
"4.65374755316208, 3.0357294337450114"
"4.6489101752661925, 3.04177596392352"
"4.64418035773411, 3.0301284880467136"
"4.644291731383517, 3.0273174709169908"
"4.63458258667181, 3.0244993920102203"
"4.629722471949816, 3.0305816241427337"
"4.6198999521766195, 3.0155772822290388"
"4.609996139943886, 3.0184114294900155"
"4.590373916321479, 3.0184114294900297"
"4.585438033194429, 3.0123177520113344"
"4.575632918742656, 2.9972521937293592"
"4.560947143848511, 2.9882551308949488"
"4.551139371201889, 2.9882551308949488"
"4.546221175044476, 2.9821207235224634"
"4.5315246467139225, 2.9730780056151573"
"4.521717390236089, 2.9730780056151573"
"4.5119100000000065, 2.988255130894956"
"4.497192132002445, 2.9943838790153237"
"4.48246069115485, 3.0005069513591778"
"4.472642951484467, 3.0155772822290743"
"4.457891820735473, 3.021674227015673"
"4.4384274609748875, 3.059881143498906"
"4.414205987933908, 3.0915063110603356"
"4.3901149958686485, 3.1226489802667494"
"4.366151068166208, 3.153317200730097"
"4.347096614387769, 3.203342260160703"
"4.324910344589191, 3.324264075568216"
"4.307867643713487, 3.4432634098936887"
"4.291170995471604, 3.555145766568071"
"4.279566982912161, 3.667021014785174"
"4.254659145394995, 3.758137018653528"
"4.25301206526068, 3.879663335589594"
"4.251401604077697, 3.9931566120067963"
"4.249826553358389, 4.099471819439135"
"4.239458373964047, 4.190602219938114"
"4.237840427665584, 4.275971447480089"
"4.231406997913259, 4.3593023434199285"
"4.225075238846329, 4.438989989054969"
"4.214680946265773, 4.519518037029249"
"4.2042302379880025, 4.596339648235311"
"4.1982531140678105, 4.674293931660461"
"4.19825311406781, 4.759492587105742"
"4.1982531140678105, 4.843330884712875"
"4.202348655561182, 4.922601829206874"
"4.210762662887511, 5.004826621096386"
"4.2148613174704685, 5.08322563310788"
"4.214218316443738, 5.171695035298074"
"4.213572518442657, 5.260869255630497"
"4.21292390513002, 5.351116432775264"
"4.212272458007528, 5.442792107886204"
"4.211618158414102, 5.536238731544615"
"4.211399421418142, 5.616547199031865"
"4.2155471640056374, 5.694454941933601"
"4.219696989280763, 5.773814639939601"
"4.2238489113939695, 5.8547624230402056"
"4.223638793323638, 5.941654786440005"
"4.1795210539406025, 6.009202771950612"
"4.1348971663919105, 6.086870277055721"
"4.085228558137476, 6.1629433106399585"
"4.034891053551999, 6.241308178910623"
"3.9884828974489173, 6.31715827848487"
"3.988482897448926, 6.299281440238776"
"3.9838484425307854, 6.277470773630903"
"3.9884828974489173, 6.263773851499634"
"3.988482897448926, 6.246141878634601"
"3.9927203477585858, 6.233369446140747"
"3.988877628112667, 6.21034261050231"
"3.9892717591667823, 6.1835574005165626"
"3.9850420882441417, 6.153072238294603"
"3.9854387622635477, 6.126753505152636"
"3.9816129062749006, 6.09610101466874"
"3.9804134622105964, 6.064452180937513"
"3.9749691797143214, 6.0367799302445455"
"3.9741564990024862, 6.004766602867848"
"3.9733413338646466, 5.972921207972272"
"3.9725236727984132, 5.941239911230632"
"3.9737492277040447, 5.8991278418268385"
"3.9842469297667007, 5.857184306406133"
"3.9854387622635477, 5.824203316445275"
"3.99123346829157, 5.7875376443383715"
"3.9969952241762465, 5.751378637100061"
"4.006540789358416, 5.7506484449575765"
"4.011486691206994, 5.753940966387702"
"4.0164195391852635, 5.749557409710422"
"4.021339405446232, 5.752843043917744"
"4.021704036249095, 5.752478205040631"
"4.025885336317968, 5.779551774192022"
"4.0297096906138, 5.799471173622639"
"4.029709690613792, 5.822797164667532"
"4.03389718014101, 5.842557508968586"
"4.03808625236763, 5.8703167706567205"
"4.0426262157600314, 5.881940432143205"
"4.047506318177329, 5.901043324411316"
"4.056215903511097, 5.916964587844247"
"4.05621590351108, 5.932950258347733"
"4.0694329052247245, 5.952757192343857"
"4.078445336872512, 5.952223928681358"
"4.082944242735812, 5.947941593412924"
"4.09192755319312, 5.947413089221831"
"4.100891685574481, 5.946885428777022"
"4.101195006420669, 5.938359661576519"
"4.105366618442159, 5.902808553040276"
"4.109540011934337, 5.867547446112617"
"4.109242756522268, 5.836681635026234"
"4.113420980656999, 5.801928696913075"
"4.117601015808983, 5.767440450474657"
"4.122358737171981, 5.732511072014545"
"4.136007458530719, 5.697619294864854"
"4.145161845530125, 5.659541946112881"
"4.149859870129372, 5.625714237116447"
"4.154546212669949, 5.592200430798383"
"4.158962569417377, 5.559195763492297"
"4.150390513620117, 5.522900536806617"
"4.150655250266116, 5.48669428012472"
"4.1550693122183455, 5.454400160664082"
"4.159478920622357, 5.422299615366926"
"4.182182524550099, 5.375905226033957"
"4.208798935240495, 5.333664146459094"
"4.231074017574809, 5.288477351750831"
"4.253148993993817, 5.243843235720549"
"4.270943684868456, 5.196339410778569"
"4.291231500726156, 5.097510022747883"
"4.311604134741569, 4.998192728488744"
"4.336191363687484, 4.901137544910698"
"4.35675484297961, 4.79911467602634"
"4.381570655783299, 4.698147758610929"
"4.360244546465079, 4.635431325070117"
"4.343118796684842, 4.575464249334868"
"4.325798967621049, 4.506114991220009"
"4.30839320087438, 4.434955134629412"
"4.290899930650257, 4.361769844885368"
"4.309921358649743, 4.296789606115752"
"4.320512930043681, 4.2191675483580795"
"4.335976382856754, 4.15217302469706"
"4.347267065315618, 4.07661188213341"
"4.358823967238203, 3.9968683566873437"
"4.367730236814217, 3.9662353233409995"
"4.381212693620701, 3.940812203851298"
"4.390141407420611, 3.909413357113575"
"4.403640877634903, 3.883362312068602"
"4.4171469531218825, 3.8570229207119446"
"4.448476100984821, 3.833720400968417"
"4.480060960246924, 3.81000200396452"
"4.51191, 3.785856204716456"
"4.5394539251185675, 3.7659448256618653"
"4.57184997733916, 3.740963950617278"
"4.585596936897566, 3.7488209420291483"
"4.599313001525992, 3.756635816570423"
"4.612998679669749, 3.764408912020123"
"4.631199844813356, 3.767477416136831"
"4.6448165487063084, 3.7751842216356017"
"4.65898269233814, 3.7534941626702754"
"4.673231344680237, 3.7315005268708887"
"4.692121155094371, 3.7044131418760635"
"4.706546984414321, 3.6817474671735937"
"4.721059031915991, 3.6587579460461868"
"4.73107458321959, 3.617107111948151"
"4.741157535809792, 3.5745280719706187"
"4.746697383443698, 3.5361004053301883"
"4.756905264200583, 3.4916606641266306"
"4.767182951954776, 3.4462085983053754"
"4.767806937436544, 3.427360571790267"
"4.768433985830388, 3.40829457609075"
"4.769064119778608, 3.389007286052486"
"4.769485934557027, 3.3846884764898597"
"4.760530141709711, 3.37817158465268"
"4.750745959193631, 3.380349062546806"
"4.740980998876599, 3.3825213539032504"
"4.73592200730527, 3.392246141806556"
"4.731055493077928, 3.3868504479999935"
"4.730876208365548, 3.376042200591403"
"4.731055493077931, 3.3738651083909126"
"4.731235071971445, 3.371682827420539"
"4.731414945771596, 3.3564110516942343"
"4.722196571545385, 3.3387950048501693"
"4.72236942509345, 3.336550323278793"
"4.7176615471765695, 3.3287960627551563"
"4.712950444747011, 3.3210151269569756"
"4.698643863938878, 3.3132074155020064"
"4.6937738574120225, 3.307670542025754"
"4.689054029671943, 3.299822404242885"
"4.674740441499678, 3.2919472582333533"
"4.660419713136627, 3.284045004750684"
"4.650944650654374, 3.2817068139222734"
"4.64145569247546, 3.279362962520498"
"4.627100833239267, 3.2714062096271768"
"4.631952677525455, 3.2634220164386214"
"4.636808900667933, 3.2554102843430783"
"4.641669526199401, 3.2473709150507553"
"4.646534577707118, 3.239303810606213"
"4.651404078832932, 3.2312088734013606"
"4.64664583080944, 3.2230860061885913"
"4.641884067326894, 3.2149351120941674"
"4.641884067326894, 3.2149351120941674"
"4.637118767996976, 3.2067560946313947"
"4.632349912303725, 3.1985488577148757"
"4.646757268028566, 3.2067560946314337"
"4.661156524779083, 3.2149351120941674"
"4.6707955449337755, 3.2149351120941496"
"4.690079845021446, 3.2287760903691414"
"4.709373386217792, 3.2425555366816"
"4.728677232805841, 3.256273631249268"
"4.747992438310792, 3.269930560031746"
"4.762383167074592, 3.2914694431933817"
"4.776769311569291, 3.2993849903295605"
"4.791151290217749, 3.3072732567216008"
"4.799151523042227, 3.3629014586268013"
"4.807062936405208, 3.4168764679024015"
"4.819767134303986, 3.461991067067334"
"4.827482669408612, 3.5130357521633577"
"4.839689368433927, 3.5694941325506697"
"4.836809119037815, 3.6589902405426997"
"4.829230853613951, 3.7503561554449547"
"4.8264923483640905, 3.831110311615536"
"4.81914120641503, 3.913802988133021"
"4.807539817762026, 3.9870562511510492"
"4.78225247393453, 4.092378435944688"
"4.76199438883184, 4.186671889658683"
"4.74214266210472, 4.284401411328666"
"4.722684112285643, 4.368907227469872"
"4.7036061445893695, 4.449469036097936"
"4.668114155055859, 4.5709330160575945"
"4.6332603540853645, 4.686410219060333"
"4.590723154637885, 4.790066604195152"
"4.557149310119774, 4.896975447178834"
"4.524152894069351, 5.000635334275744"
"4.507808839552525, 5.073099576153993"
"4.491301909266551, 5.13947286145425"
"4.478783496865697, 5.210035566748124"
"4.461968624640446, 5.278130000000002"
"4.440822443619539, 5.350800857296764"
"4.42408731237684, 5.371678871308381"
"4.4032003996199975, 5.403061540161969"
"4.386459057837223, 5.431108234846344"
"4.369710979596097, 5.45927825857507"
"4.357200590641692, 5.483960207136872"
"4.361334161052974, 5.508899162884584"
"4.369608761516489, 5.530485427269348"
"4.3695063962900145, 5.559384158476662"
"4.365259437072011, 5.5919974790216695"
"4.369403883598548, 5.6175582400721344"
"4.360682280416847, 5.677133583484926"
"4.351920715508783, 5.737772646771865"
"4.343118796684851, 5.791909849961083"
"4.342750912972178, 5.847002005475097"
"4.338071737075683, 5.907286138473737"
"4.3465670559278795, 5.946937865572111"
"4.359361427017602, 5.990741836971713"
"4.3722434128273875, 6.042561050503954"
"4.376530183984965, 6.095624017785871"
"4.3809085146831945, 6.14032482354011"
"4.359804269412461, 6.186188147020807"
"4.334405107385464, 6.228685461614598"
"4.313150799171811, 6.267744012100648"
"4.3048208719639165, 6.310320890282167"
"4.292184132292779, 6.367007972955568"
"4.287537933425589, 6.445423110314833"
"4.278703205175858, 6.529812434693268"
"4.269839421791449, 6.616265673972098"
"4.256395154369085, 6.692188606877413"
"4.2386838598272965, 6.774195713742616"
"4.229896941193921, 6.805286634512937"
"4.225286366448115, 6.832326389562743"
"4.220664542594274, 6.859596044230431"
"4.211830340286208, 6.891465431411518"
"4.202978915438025, 6.913358142602187"
"4.203888847591796, 6.917695022997599"
"4.205018731991649, 6.9205372948158"
"4.20152816368651, 6.920481673129583"
"4.21096098752398, 6.924765406477952"
"4.211836576378483, 6.929028446579135"
"4.207475454950105, 6.904501346177696"
"4.203110127892468, 6.880091971801683"
"4.2074754549500994, 6.854407642500906"
"4.194828996253452, 6.828892210728135"
"4.190457547958236, 6.814742772953723"
"4.190691456165566, 6.8133940330435"
"4.190691456165566, 6.8133940330435"
"4.190925023188901, 6.8120476633347655"
"4.190925023188891, 6.812047663334764"
"4.195289871097259, 6.806455491756748"
"4.177073253052728, 6.793454508607921"
"4.158703823949482, 6.780398693562544"
"4.139904615631367, 6.76860171816053"
"4.121205302082928, 6.745571020038321"
"4.102343534238857, 6.732334733628386"
"4.097525195687803, 6.709677717805505"
"4.0926944652268915, 6.687092786251718"
"4.083635951776243, 6.668831772229568"
"4.078775785246614, 6.656080021322881"
"4.073902995895551, 6.633659459158694"
"4.08299555746877, 6.60359568785845"
"4.092068364800014, 6.573795572438451"
"4.101121612129916, 6.544256334786124"
"4.110155491920338, 6.514975166406608"
"4.119170194865255, 6.4859492283623705"
"4.118877725476611, 6.440774268919213"
"4.114072793190736, 6.401070539254267"
"4.113775909249294, 6.356711469483013"
"4.113478579827249, 6.31278723055787"
"4.113180803916594, 6.269291420986906"
"4.1273083054310975, 6.201006429007287"
"4.145829641033624, 6.12967499453948"
"4.15976477900623, 6.064513686382011"
"4.173616276983917, 6.0007624386142355"
"4.1873853490531685, 5.938359661576516"
"4.205916672482821, 5.864349490903199"
"4.228416305099665, 5.788679383422994"
"4.2507116726283565, 5.714944714856769"
"4.272979787440689, 5.6500596591617676"
"4.290756651994708, 5.583179109433496"
"4.29517503313161, 5.493734298344685"
"4.291389330184492, 5.412737016474536"
"4.287616522927569, 5.332990171267702"
"4.283693862576866, 5.2474318640105215"
"4.284018977814548, 5.166053288038867"
"4.266510617261304, 5.063835070211848"
"4.252963126946638, 4.950304146162043"
"4.243609554847735, 4.838424406683577"
"4.229853614371467, 4.72720523810116"
"4.220334425262606, 4.609016440137948"
"4.216408334791058, 4.591348692473138"
"4.208138640500093, 4.577073993038313"
"4.199877127517892, 4.5627632255584825"
"4.195978669505414, 4.544962475232511"
"4.1918558943727495, 4.526529753101462"
"4.189518488247809, 4.467243741993524"
"4.191564804493733, 4.410227212032796"
"4.189191661679927, 4.346833497930261"
"4.186782986582018, 4.28101942255811"
"4.180065747675683, 4.217348832112727"
"4.183101579842927, 4.181672950990485"
"4.1907138677811036, 4.150180270129301"
"4.198380274942341, 4.118059779725225"
"4.210673376198252, 4.081202169185541"
"4.223042328075564, 4.043550368689793"
"4.249425475823466, 4.031825109388713"
"4.271293810085676, 4.014652217503112"
"4.293224659428285, 3.9972966980663998"
"4.310661223489397, 3.9840111375600564"
"4.332726717917693, 3.976097636383116"
"4.372726425066159, 3.9570439600842917"
"4.412899855189495, 3.9377426927217023"
"4.444233077340019, 3.908095267457057"
"4.484770183518388, 3.888176238048146"
"4.516448857590179, 3.856247121910723"
"4.52559040033683, 3.816224393866584"
"4.534818153952033, 3.775184221635616"
"4.557925748420755, 3.739390956145165"
"4.562748459907296, 3.7027818927008624"
"4.576898556338991, 3.665329259734108"
"4.581736050439258, 3.618874690638794"
"4.586600872635842, 3.571336543707144"
"4.586841081790654, 3.5277924287198523"
"4.601217451719944, 3.4760774275163833"
"4.610941233373236, 3.4303766494990953"
"4.630197084887612, 3.4092988828431885"
"4.64018735151335, 3.3728091299106566"
"4.645432073499687, 3.3432682661115862"
"4.645870900107686, 3.3076705420257717"
"4.651173985644426, 3.263422016438632"
"4.661033215246295, 3.244966154958167"
"4.685329672041331, 3.248220256604153"
"4.709700751877603, 3.2377166446802583"
"4.734148942306017, 3.2271509371095206"
"4.753724473805798, 3.224702504168654"
"4.768382602204879, 3.2165226869079078"
"4.778091867838874, 3.2025693118945036"
"4.788034524594006, 3.200077926580242"
"4.797759136063648, 3.186039385065321"
"4.807487544149558, 3.171938175267556"
"4.797997551337177, 3.169394817649618"
"4.788495399476023, 3.1668451907996413"
"4.78373971978728, 3.1584649439244323"
"4.779204147393317, 3.161727042733066"
"4.77942772165444, 3.1733752632918524"
"4.769454051128668, 3.1759205880551313"
"4.754733913848989, 3.184258186169064"
"4.74003342003898, 3.1925669411992814"
"4.730122455233927, 3.1950767624548426"
"4.715461840862862, 3.1893007821615775"
"4.695738811874694, 3.208314526841331"
"4.675955006304698, 3.2295933899311855"
"4.66603951715597, 3.248220256604192"
"4.646534577707118, 3.2666739971331253"
"4.627100833239264, 3.2849564801025224"
"4.598009646001546, 3.3210151269569685"
"4.573911180226257, 3.348735853093025"
"4.540419985199005, 3.378214121751835"
"4.5119100000000065, 3.412522734992052"
"4.4835824401572975, 3.4462085983053683"
"4.479033875524191, 3.5149736516341576"
"4.469842785824037, 3.5745280719705974"
"4.460738927150043, 3.6322565060455148"
"4.451768741261341, 3.701147040102711"
"4.4382648738357195, 3.761327071855895"
"4.425304807733975, 3.859664350249627"
"4.41714695312187, 3.948230839531643"
"4.409150479293012, 4.032148489521283"
"4.40122647882505, 4.101592882889921"
"4.397878871058221, 4.181782269746506"
"4.398561785482195, 4.232808056093766"
"4.394942502165821, 4.295283395812852"
"4.39136837020504, 4.35561419340652"
"4.392077091163666, 4.417581358115941"
"4.392777523706422, 4.462113589786409"
"4.384908605216416, 4.512518169456143"
"4.377020222289083, 4.553651137249881"
"4.373451145623674, 4.59789012084172"
"4.361550206704302, 4.633965794852237"
"4.345649816015657, 4.680317350188584"
"4.341424708067936, 4.740312177431123"
"4.341424708067937, 4.803289655596684"
"4.332963730349549, 4.858412593070655"
"4.324622315286971, 4.9134653592768185"
"4.3244882852686635, 4.967981654824902"
"4.315857799331121, 5.02899640244577"
"4.307199884829881, 5.090045524819745"
"4.302785429774517, 5.154719966928427"
"4.298360719009964, 5.226532649394306"
"4.289800788704916, 5.295393805162969"
"4.2633102196428325, 5.379235040782745"
"4.2365182645678185, 5.464913496500398"
"4.209416315626404, 5.552733314137277"
"4.181751815950972, 5.643275607299048"
"4.158194690017383, 5.732707398686378"
"4.130674251196341, 5.796539591321686"
"4.107139851248331, 5.85810072941208"
"4.083694667125576, 5.928747889251358"
"4.060049028747222, 5.9928645527023825"
"4.036198023031612, 6.066981197580642"
"4.045834199200929, 6.091189185902167"
"4.04689374154239, 6.123358310528005"
"4.043336247737158, 6.143079686849504"
"4.044397250688259, 6.166782144164248"
"4.0493472555967225, 6.187320359172389"
"4.0507376025630295, 6.201644598833607"
"4.056341523653028, 6.211979509941763"
"4.0619139652777, 6.230988382058921"
"4.071657448916854, 6.246031770306324"
"4.0729655834273615, 6.260252663200417"
"4.050319435580825, 6.2930449871876295"
"4.027547359873411, 6.326240218669546"
"4.017662825929806, 6.364812120242513"
"4.003502632276754, 6.408030561096242"
"3.984644811207474, 6.447768376378848"
"3.979208535331198, 6.482886825849384"
"3.9737492277040367, 6.518450403521584"
"3.955081862614425, 6.539605368831518"
"3.9410222668834614, 6.555586613505236"
"3.9264647867945603, 6.582443564223027"
"3.932062502187769, 6.574764806451521"
"3.9333839617433375, 6.561781383276673"
"3.9389420337742376, 6.554211077682478"
"3.9398092667948887, 6.551985289427488"
"3.9504109253921955, 6.5475571279672895"
"3.941105159124694, 6.529754194931296"
"3.9313379235920696, 6.522490553750787"
"3.9215318880543917, 6.515218523191212"
"3.915935583941252, 6.513188844163524"
"3.9060578656754856, 6.496471925206549"
"3.8975470762795315, 6.476652010235793"
"3.8937642256651674, 6.451803333591744"
"3.8899882650116515, 6.4271646231035096"
"3.8862191666948576, 6.393589561970403"
"3.8819788000980733, 6.37944446879117"
"3.8753220125214396, 6.351831968744083"
"3.873374473565068, 6.319275727002779"
"3.866639838202331, 6.2917137198283815"
"3.865150005759002, 6.267377674460101"
"3.8636531957085127, 6.234187797662547"
"3.873245566149045, 6.198027321306524"
"3.882329032104038, 6.162997814809812"
"3.896174067667122, 6.123616349676629"
"3.9052315217308466, 6.080730529198083"
"3.90952565205838, 6.042852389580718"
"3.9038299802140015, 5.998129575012266"
"3.8985827320639395, 5.953200207508627"
"3.893320633759168, 5.908680428914996"
"3.8784274196210955, 5.8650288521069704"
"3.8731148020610746, 5.821247414065469"
"3.8745981984526656, 5.795940167466981"
"3.8664621088598317, 5.771290938201638"
"3.8631526998724324, 5.7427467964100645"
"3.85985449828552, 5.722290275170641"
"3.8517698562362135, 5.698297621470834"
"3.860356718108368, 5.667728915373323"
"3.8651500057589887, 5.633081535646473"
"3.8737371670845295, 5.610482354459525"
"3.891880438407587, 5.58015117859162"
"3.9052315217308546, 5.553868635812395"
"3.9431860523775617, 5.414912173860003"
"3.975593388616753, 5.285202241029267"
"4.007616544525329, 5.1528400345251715"
"4.029942462385657, 5.023678145874749"
"4.0646463752765385, 4.900007408004001"
"4.04876968817216, 4.810495982866868"
"4.04537677820552, 4.7217777206419935"
"4.033270705139115, 4.630043074627119"
"4.025523770222606, 4.538819610868709"
"4.0088600015399924, 4.435852793882422"
"4.0387549717808, 4.398229188675607"
"4.068685281878215, 4.3599770793763035"
"4.098655653718871, 4.321062370523064"
"4.128670873105087, 4.281450119902381"
"4.162997675440356, 4.244940889651463"
"4.184337972645299, 4.221217715989322"
"4.201214306632712, 4.192348832739505"
"4.222666996191576, 4.1679469257468575"
"4.235147862717049, 4.142221767094629"
"4.247886710680687, 4.108048343011713"
"4.23325250476021, 4.0781976421181945"
"4.223042328075564, 4.052955698391401"
"4.203750726548527, 4.017683239275424"
"4.1979302062310335, 3.9870562511510492"
"4.187398603427542, 3.960104339448037"
"4.195978669505409, 3.9476926535172794"
"4.204581059490024, 3.9351815950878724"
"4.21764160793408, 3.9269470737866463"
"4.226297452637876, 3.9142569862850323"
"4.2349763138116225, 3.9014637762946585"
"4.271060546681877, 3.888566071202913"
"4.307199884829881, 3.875562482984602"
"4.343402724534904, 3.862451608166012"
"4.379677500168325, 3.849232027796212"
"4.416032680407357, 3.8359023074256697"
"4.393044744580756, 3.8178860961085306"
"4.369990502670781, 3.799700246284633"
"4.346867556435741, 3.7813422466686113"
"4.323673455600517, 3.7628095703142748"
"4.291182132613587, 3.733108142062733"
"4.2034888689902985, 3.7393952941783333"
"4.115434120287815, 3.745662427828865"
"4.026894848017435, 3.751909637785513"
"3.937745245593047, 3.7581370186534997"
"3.8573854839587174, 3.77518422163563"
"3.690514096984497, 3.767550313928723"
"3.5183432087269697, 3.7598331427997174"
"3.3399029764722155, 3.7520313370286544"
"3.1541950315015406, 3.744143496171535"
"2.9602224431402924, 3.7361681898204218"
"2.7642667432094825, 3.801680168568385"
"2.5501717156432093, 3.873302805048766"
"2.3271098320021615, 3.938588540711798"
"2.089001856892672, 4.003834229668634"
"1.8353151596812118, 4.069061752100769"
"1.6689977381031866, 4.091412039070676"
"1.5010359454680113, 4.108291967536449"
"1.3197190981045352, 4.131489682621741"
"1.1318061093670195, 4.1551430348143725"
"0.9387093169160678, 4.179267834476992"
"0.906221061510621, 4.251194572395352"
"0.8730951536460125, 4.322807325153567"
"0.8393286193765164, 4.394201144749815"
"0.8049207044181514, 4.465487005235904"
"0.76987330407146, 4.536792936817834"
"0.7567738759926925, 4.594602260971458"
"0.7499161261067115, 4.646619570157011"
"0.7367170145611865, 4.7034907498789025"
"0.7297696517136032, 4.754898665618031"
"0.7272213558632288, 4.816216686313872"
"0.6986711885835604, 4.9240325795585385"
"0.6637558216663138, 5.036521063148742"
"0.6350541083307988, 5.144665262998126"
"0.600095692905235, 5.258911581790865"
"0.5500151226141057, 5.370458455651372"
"0.5561312976620201, 5.365617773425892"
"0.5561312976620414, 5.355852264569833"
"0.5622650790061741, 5.35101093674058"
"0.5684163347422881, 5.3461676700732905"
"0.5791246345079344, 5.3315176281906895"
"0.5898547372230993, 5.258795556664118"
"0.5960652385891265, 5.18649721513487"
"0.5898547372230922, 5.104952194460708"
"0.5791246345079628, 5.032874231543236"
"0.5853144488582203, 4.970185246024682"
"0.553193666632616, 4.8970543904595605"
"0.5318995048552253, 4.828231577996185"
"0.516759477995393, 4.76324184712843"
"0.5167594779953646, 4.69311291696283"
"0.5167594779953433, 4.601268805000178"
"0.5061485429001635, 4.566600289947813"
"0.501480428984209, 4.52493784719846"
"0.4858009885294763, 4.486773449776857"
"0.4588492092537422, 4.440940832184296"
"0.4205011593662462, 4.410141854500425"
"0.4834639101049518, 4.444868861171999"
"0.5615339480495365, 4.499111568751989"
"0.6747578897632778, 4.556130672595627"
"0.8659695487655839, 4.6512484269994445"
"1.2192048520256051, 4.793122967855842"
