"2.1337164899457335, 4.047517834890879"
"2.081556122058405, 4.092280101697224"
"2.0655913584237204, 4.056115590851675"
"2.033379734704262, 4.039267259210071"
"1.762568656096395, 3.880757727383447"
"1.582635734487198, 3.7747986985074107"
"1.4257908523811729, 3.6760271883296873"
"1.3116909633015936, 3.620370171667574"
"1.214017792595449, 3.583769563941491"
"1.1426422199024628, 3.658064115920112"
"1.071462445566148, 3.7112892624856606"
"1.0043104323130976, 3.773049184045547"
"0.9468178706435069, 3.8234646376250367"
"0.8886862250941405, 3.8688877490167037"
"0.8811435499299733, 3.883196685129086"
"0.8736320140727187, 3.886171535987611"
"0.8774224771859949, 3.887653869072871"
"0.8699391570695951, 3.89060840925152"
"0.8774992586719179, 3.882374296933367"
"0.875401955568357, 3.8495006273721977"
"0.8579889345667482, 3.8272691463636654"
"0.8499268770826589, 3.7993178034231114"
"0.8417303339802871, 3.7705612512891165"
"0.8138064392990003, 3.751550694615741"
"0.8159432613977557, 3.749769698996065"
"0.8278245137599356, 3.7427228033045665"
"0.8338643762920626, 3.7427173813494754"
"0.8301693004934165, 3.7479521747766"
"0.8419341939909302, 3.7409639506172816"
"0.8363915730955185, 3.7305154559928404"
"0.8366123739056306, 3.725330283362542"
"0.8176868077393635, 3.7061863850359025"
"0.8236403092429043, 3.694048451196373"
"0.8239027162454633, 3.688965329967708"
"1.0232845972867253, 3.7324750389005352"
"1.1951139316072954, 3.767628208342675"
"1.3808051430462633, 3.8143570674346243"
"1.560195025978448, 3.84818517295626"
"1.7241474773064702, 3.8854063109981425"
"2.5094817663884683, 3.918744756187145"
"3.170923552984293, 3.954976949479285"
"3.733031487827681, 3.987259378642385"
"4.2212643045615375, 4.022185090181427"
"4.6766576967101905, 4.046069625635564"
"4.978593988943036, 4.072308530163259"
"5.290774237760962, 4.095227978359333"
"5.612535508872101, 4.118596037888224"
"5.957227914211875, 4.141455369571833"
"6.316704504265758, 4.165779903939384"
"6.2877910680952125, 4.170491011333429"
"6.255134724222215, 4.1789607382560945"
"6.221673298503719, 4.188210469828732"
"6.184654152704669, 4.192632915238093"
"6.153724412858703, 4.200718847915937"
"6.082886659106715, 4.170867302599529"
"6.02202435801105, 4.140649799317956"
"5.961566682172217, 4.110054725804289"
"5.905617366359221, 4.083957853463254"
"5.850041058630882, 4.057593359344576"
"5.6723166015282365, 4.10761885732655"
"5.502459013564524, 4.146400736731973"
"5.3264168290491245, 4.179346509670413"
"5.152109002715541, 4.215702682563787"
"4.983477573771026, 4.250887150654023"
"4.6377465138243785, 4.246736039173047"
"4.279613377099385, 4.251386611251881"
"3.904755204708705, 4.25993895489076"
"3.5014500418368026, 4.2641877613189365"
"3.0503470850867203, 4.268619519255584"
"2.9540218783960306, 4.234504091922812"
"2.8544924788228982, 4.199466937585839"
"2.7580068415590357, 4.1593863645031846"
"2.6484638950671133, 4.119202114425619"
"2.5402905349254326, 4.082122290037354"
"2.8631711760151255, 3.882903777213574"
"3.17556642912929, 3.6689123949650515"
"3.4794108380708977, 3.425659905487894"
"3.7776952840275424, 3.161509419567338"
"4.069605727684065, 2.8538678710658445"
"4.103417308243791, 2.862926352274279"
"4.132487592499521, 2.865900582063283"
"4.151907452847123, 2.8838981165537305"
"4.175898790801132, 2.8928530931162086"
"4.200089739198942, 2.9046835450623902"
"4.194964687302904, 3.0670485641030254"
"4.18997528931707, 3.2178478116765383"
"4.1944989752179, 3.3600711915560026"
"4.189897381734349, 3.4803580898585587"
"4.189737664605427, 3.6084266249287076"
"4.168294398306142, 3.736518048024916"
"4.1474524936444706, 3.855135760807233"
"4.122777040928818, 3.9601114688657937"
"4.10717743600687, 4.066951019879358"
"4.083663617755513, 4.158452584940786"
"4.070944561964221, 4.102836172249145"
"4.045013146387022, 4.0487446030674725"
"4.0226148079960335, 3.987158400095165"
"3.9996788612443535, 3.922643560840541"
"3.9761835674700805, 3.8549655835135788"
"3.981099527762349, 3.6952358351349908"
"4.000392913342643, 3.511522220802256"
"4.020618959555985, 3.317563695979718"
"4.041848499539246, 3.0990924612401543"
"4.0593708710818674, 2.8460035920616704"
"4.041815347681225, 2.636886763186311"
"4.023654612966035, 2.40954526655014"
"3.9998290509442294, 2.1558709685395954"
"3.96494520723798, 1.9075726957949115"
"3.944403515139798, 1.6249974230516315"
"3.8902490174651154, 1.630359141030823"
"3.835873477739476, 1.6357092023153115"
"3.781249350971853, 1.6410476137933898"
"3.736770151477991, 1.6201199482508386"
"3.6815854317043346, 1.625473223720867"
"3.64445838616499, 1.824177198632583"
"3.6082189312751414, 2.0132723758289686"
"3.572829346071588, 2.1923836504303296"
"3.533284693831785, 2.372397062311009"
"3.489724009487327, 2.5347355421377316"
"3.5417057540178156, 3.1204491611526315"
"3.58535225342729, 3.594378496401376"
"3.6310493268124517, 3.9797477116969695"
"3.677856483244046, 4.290590680323181"
"3.725686015125131, 4.557390091270353"
"3.8808083915509624, 4.939697892510772"
"4.028489127022366, 5.284619471832011"
"4.1623309903776695, 5.6173068934321"
"4.288032128536997, 5.954640683071252"
"4.4065672285409985, 6.311642699336375"
"4.446027638026948, 6.416901887995243"
"4.482392299311998, 6.523225057886424"
"4.523066557669586, 6.637938892431541"
"4.564393223165439, 6.757865403453794"
"4.606338502386673, 6.873062973741298"
"4.621453630049788, 6.8730629737412965"
"4.636491244127357, 6.871800104688267"
"4.6516036926809585, 6.871800104688267"
"4.666720499196421, 6.871800104688267"
"4.681732024003789, 6.870539234292616"
"4.66952926258037, 6.846608238586266"
"4.664934119347819, 6.823066625423118"
"4.656627680536157, 6.794992957621057"
"4.64841724755827, 6.767418757147574"
"4.644096950455641, 6.746222377765323"
"4.66290145328984, 6.824062349881023"
"4.678175121359208, 6.908834070154485"
"4.693551356038992, 6.995815872856377"
"4.709031739437553, 7.085067731105809"
"4.720811734048257, 7.171159331483249"
"4.7292635920659825, 7.258560496960986"
"4.741642112319163, 7.354154749916933"
"4.750273721593327, 7.446570600317108"
"4.766777912798121, 7.5434454897112335"
"4.775617312874599, 7.641103404762186"
"4.806696108592222, 7.645182965257531"
"4.833936671521146, 7.642939600366485"
"4.865242473023408, 7.6470323219316185"
"4.88868257529396, 7.649083855998142"
"4.9242285965328065, 7.659569985289866"
"4.97556475627756, 7.5638644730903195"
"5.030985067857316, 7.463402216924975"
"5.083014234525139, 7.370540731788315"
"5.134997554927682, 7.267366952715188"
"5.183544234515894, 7.171792128939749"
"5.172270522638586, 7.1302405866074885"
"5.148823756416575, 7.093037571703981"
"5.132919799380563, 7.045047570772178"
"5.122035741189578, 7.015332076375396"
"5.10654093211072, 6.969456986118955"
"5.039536572316938, 6.900062403084583"
"4.9777591473529, 6.837762519859941"
"4.9135292705495175, 6.783307958258325"
"4.84974903750101, 6.719148231045609"
"4.786979704053548, 6.665258163565207"
"4.763487080584377, 6.6430429897048064"
"4.743990181652137, 6.617420284661652"
"4.724481559258554, 6.591110409265428"
"4.70145981845542, 6.569733743505123"
"4.6823613979856695, 6.545012361760247"
"4.667721396426575, 6.62085686384639"
"4.660389170588302, 6.697246615479431"
"4.641939349812162, 6.780047190873443"
"4.6309010227152, 6.864648302860991"
"4.619843486990276, 6.951086067879335"
"4.612076698727927, 6.935585479129751"
"4.597015961118202, 6.921518247990889"
"4.593082754062853, 6.9025236008669655"
"4.58181249567034, 6.883717533954874"
"4.5706071522369225, 6.865097509508551"
"4.555904331072995, 6.812091057682878"
"4.54487441561868, 6.7550015982260145"
"4.533865571928921, 6.698775820784725"
"4.522877524657184, 6.643400116701084"
"4.5082563819608765, 6.593401214028547"
"4.489994285210658, 6.548545408128414"
"4.468075400397082, 6.508629300716933"
"4.442475252688116, 6.473477918444306"
"4.420536589633785, 6.434290608948684"
"4.398589150769727, 6.395488833447574"
"4.327795386164028, 6.400127785525987"
"4.259687420946986, 6.400503580135182"
"4.190490206822765, 6.400884217011424"
"4.124045685603093, 6.404821639515474"
"4.060459973568446, 6.404395265747748"
"4.122782550861486, 6.361459536892397"
"4.176938644061773, 6.326989093384137"
"4.234499077451346, 6.288780934949138"
"4.283776561834252, 6.244972471891744"
"4.3291147554185745, 6.2052109877818715"
"4.346690120220316, 6.14849232730257"
"4.3720648338398025, 6.084473150797157"
"4.393923211884459, 6.024560336007201"
"4.416149784506967, 5.971470744381572"
"4.4424946084079595, 5.915032922497997"
"4.450004952036625, 5.838609071981144"
"4.461464057967552, 5.773409007094669"
"4.47299055479518, 5.695023969283665"
"4.484585296416386, 5.617541146395688"
"4.492327170607051, 5.544288516190797"
"4.51578987251338, 5.475651055332015"
"4.531142588486188, 5.402701188637786"
"4.550035378022243, 5.34121386885895"
"4.572397582812261, 5.284366724078499"
"4.601889136799458, 5.222616400349826"
"4.625122756995559, 4.96278831915836"
"4.652515402574355, 4.690690065617794"
"4.680300490286613, 4.396739045088385"
"4.7007682135505, 4.057628401043086"
"4.717575397482946, 3.6670589884435003"
"4.711055066923964, 3.437080480562397"
"4.703887172983031, 3.1609357884616855"
"4.691543616797288, 2.8168610410338175"
"4.682506186966823, 2.4049581254965844"
"4.672413304947533, 1.9018628100451735"
"4.736591312927403, 1.7655565526382517"
"4.8031951231984635, 1.6430977484825533"
"4.877575938909951, 1.5283562105430306"
"4.954932127515248, 1.4088625101827148"
"5.0355064993691645, 1.28474404895222"
"5.124605163477204, 1.5296959604988913"
"5.205291524060138, 1.7555635802468927"
"5.283564842393581, 1.9689154455288786"
"5.359570968172998, 2.1692091246750493"
"5.439124759485702, 2.3454705390467083"
"5.482840187541074, 2.336566910324663"
"5.521583841395874, 2.316722617800231"
"5.570806829327925, 2.314897351984122"
"5.614167218790613, 2.3061541080447583"
"5.652607862838478, 2.2865112403159316"
"5.684257730642492, 2.1539937280730967"
"5.721456978313595, 2.028003346742487"
"5.748429020653398, 1.8781639566891073"
"5.777103484025767, 1.7181574194537106"
"5.8051974988332375, 1.5785875037821526"
"5.800954296448706, 1.5126348834418692"
"5.77885362737071, 1.4584163439128517"
"5.762766451528268, 1.4108644815544693"
"5.758019351851467, 1.36236116231089"
"5.753183070062169, 1.3129076388619154"
"5.714550044464524, 1.4158170867967925"
"5.6878705958269915, 1.4966901857406185"
"5.655113924911504, 1.5690288975408393"
"5.616449502224645, 1.6537876413380204"
"5.5782294955801826, 1.7374261033927354"
"5.563612555392195, 1.94838134156592"
"5.555536762790306, 2.151978029406486"
"5.54781677923365, 2.3407717186125296"
"5.540429573622102, 2.5154575693457417"
"5.533354062189142, 2.676925662628193"
"5.510588606833394, 2.7868264218629406"
"5.488418002341878, 2.891191465851584"
"5.472044412335544, 2.9819066306205997"
"5.450913685912639, 3.0764248134613936"
"5.435387495443506, 3.1585249056038442"
"5.4223474596950005, 3.1876370910749827"
"5.40929463496666, 3.216549429486715"
"5.391171937653686, 3.252766872841253"
"5.378098775436746, 3.2812072679353506"
"5.359973164836946, 3.316785855101358"
"5.302447922400398, 3.436667374434297"
"5.246686292369848, 3.5488377985762263"
"5.1925948379101925, 3.653945175671641"
"5.1400863122975995, 3.752597217345741"
"5.093601453316493, 3.8495420238561273"
"5.06411465694975, 3.9085349330000057"
"5.035068175559658, 3.9654638001403377"
"5.010831781245642, 4.015466496972355"
"4.9865859368918315, 4.06494974010775"
"4.954428187086917, 4.112856407247207"
"4.967964949535158, 4.096729407626238"
"4.981579767199098, 4.080420607946721"
"4.990927638259143, 4.068766570549059"
"5.00067000141026, 4.0559748329634715"
"5.014496363848922, 4.039177684979929"
"5.0470295401760366, 3.927235855674862"
"5.072281551410284, 3.8054777993141116"
"5.102519912732895, 3.679886424555285"
"5.143174736771005, 3.531033471039155"
"5.180401185517963, 3.3635814701778664"
"5.190781571647179, 3.112380013062566"
"5.215504661275192, 2.835496567802636"
"5.232335091234541, 2.497935895053942"
"5.239257158203618, 2.1336995298708956"
"5.252288549993255, 1.730297820274565"
"5.2392433941120515, 1.6767478635304585"
"5.221063557030833, 1.6096219926017383"
"5.207817921397892, 1.554671151796299"
"5.194480321176989, 1.499120284033232"
"5.181049579220389, 1.442998366878264"
"5.190529144587667, 1.3962341779275889"
"5.205296496458017, 1.3410977779353033"
"5.220245463083693, 1.2853569333151853"
"5.235379717674125, 1.229050507812488"
"5.245449439723648, 1.1584965434225438"
"5.280584602538532, 1.1466085772815688"
"5.304649374651435, 1.1562702975098063"
"5.322792573429752, 1.1581350063019755"
"5.353214476872753, 1.1540276742995417"
"5.376883220460634, 1.1697444817466334"
"5.435084688991675, 1.2133025930743173"
"5.493035336167755, 1.2564877106463825"
"5.563240645860272, 1.3149780410987262"
"5.6260197659166815, 1.3708699462713696"
"5.689679883522154, 1.4205085211940158"
"5.698062166395486, 1.6915296135585791"
"5.711110794741588, 1.9389384341529166"
"5.712764957147995, 2.1694527182392846"
"5.71435397319569, 2.3830183007265475"
"5.720586932643549, 2.573703150303402"
"5.697975736018989, 2.924820672801033"
"5.672088635130283, 3.2217466489374367"
"5.657146579428618, 3.480358089858573"
"5.633545890280976, 3.706529651208811"
"5.611088489063659, 3.9151573390685037"
"5.493600357874254, 4.132140496727963"
"5.386907900306811, 4.327972890688043"
"5.281086748786528, 4.500677586436645"
"5.184685417750899, 4.661502670505808"
"5.088576389856291, 4.807465980364833"
"5.04191080236487, 4.964564276247895"
"4.992694431532829, 5.118758249996326"
"4.944966278426001, 5.2690152333610225"
"4.898647667933841, 5.417166323258877"
"4.861116923492415, 5.564799694960708"
"4.840014821852174, 5.7099793650718995"
"4.822578595867372, 5.857565793205826"
"4.801356328154704, 6.014633010904087"
"4.78379419160556, 6.175646730358851"
"4.762602813289049, 6.348615681250296"
"4.76338825891976, 6.41379103227268"
"4.760434006627701, 6.483988662244254"
"4.761217266208329, 6.55229893796902"
"4.758239393702439, 6.625832807913301"
"4.758863770022588, 6.6964055495891905"
"4.707160069276173, 6.69640554958919"
"4.659261851075474, 6.692750797457963"
"4.611379729955568, 6.689096935496053"
"4.570867064185624, 6.685443964937155"
"4.526658268313545, 6.686508770683822"
"4.530374510804958, 6.7356076771731495"
"4.53410255114853, 6.78544325287719"
"4.534130767815672, 6.8310703167241815"
"4.53045680969227, 6.882332852100709"
"4.530480458582463, 6.929251227212236"
"4.537908587042183, 6.965105074150763"
"4.545336783829674, 7.00124692961769"
"4.556493564565077, 7.042953239241514"
"4.567622444734709, 7.083626965576032"
"4.575051574241848, 7.12071510203411"
"4.545616149275571, 7.216089117199587"
"4.511909999999994, 7.309265061454335"
"4.481446870746311, 7.411732985166561"
"4.446590180340088, 7.513838992723198"
"4.411157086497521, 7.617783793627099"
"4.446287171430203, 7.558914116139288"
"4.484982253670579, 7.507258929414286"
"4.5272303516772245, 7.4485229015883005"
"4.56532128502642, 7.386773698441184"
"4.610790345705731, 7.327947447403112"
"4.625564648562714, 7.248989117371486"
"4.636410531217242, 7.175886855908546"
"4.643449967753973, 7.1099148279882876"
"4.6542288902294, 7.0414468411545394"
"4.657369304672826, 6.98217140733868"
"4.6541374055114, 7.012470609962584"
"4.654688085814545, 7.039270427894987"
"4.6514227683818135, 7.061049046466474"
"4.648045863346921, 7.091028331840462"
"4.648489362657496, 7.117380044094535"
"4.651694331004613, 7.093525453752683"
"4.654780280934145, 7.059241091541214"
"4.657930532991338, 7.026931168390608"
"4.657369304672826, 7.000344214211864"
"4.664250506659681, 6.974113476334427"
"4.664250506659681, 6.974113476334427"
"4.664347791201233, 6.98448605421693"
"4.6755665917833245, 6.989686253737558"
"4.67934407194004, 6.994895752485059"
"4.67934407194004, 7.003975306406224"
"4.683233840087053, 6.992395537189012"
"4.690807495980221, 6.984679773673019"
"4.683453348924792, 6.986031245709576"
"4.687243727686612, 6.98217140733868"
"4.68735616612799, 6.974454204688184"
"4.694715584939608, 6.973112294166315"
"4.698392277091875, 6.967921505775262"
"4.702066969714265, 6.9537256280741735"
"4.705863892394797, 6.9498843073115655"
"4.717008442759703, 6.94472933250651"
"4.720544240478285, 6.929319682119621"
"4.712950444747008, 6.919092450976918"
"4.716614914838441, 6.9050931455062265"
"4.716484074589882, 6.886091249251087"
"4.712693549239083, 6.86341291146279"
"4.7089058446676875, 6.849624739885153"
"4.716222895747741, 6.830920564855727"
"4.716092556512829, 6.821010519907809"
"4.719613389385754, 6.80621152233517"
"4.715832376817976, 6.792656751456445"
"4.700976884390731, 6.7840348238218215"
"4.6861272253212425, 6.775430253344566"
"4.675045448064804, 6.771708081720509"
"4.660200086991295, 6.763125609747307"
"4.64902539298427, 6.758273065137077"
"4.652779120972976, 6.754560433395332"
"4.649112713736336, 6.7508486898784215"
"4.652779120972975, 6.746012522370442"
"4.652779120972985, 6.737481846109029"
"4.652779120972985, 6.72896837377694"
"4.645104836503542, 6.649999313270344"
"4.644851426168499, 6.572803930899871"
"4.633572957794373, 6.4937899202931835"
"4.6296976500858715, 6.424380988122767"
"4.629474723262823, 6.352157700111041"
"4.644598978695106, 6.27214965332958"
"4.659823361690954, 6.193274276298533"
"4.67514941093569, 6.115499308173149"
"4.690578694900594, 6.038786422440301"
"4.702433132767451, 5.966857108184986"
"4.7504215799133735, 5.81623561807964"
"4.802036928222467, 5.668614569470657"
"4.85349754461507, 5.526357773927954"
"4.901213591332542, 5.385410553244807"
"4.948839641432343, 5.247766051552707"
"5.02210030098202, 5.137360328762471"
"5.093394903947432, 5.027826488733714"
"5.158871823100389, 4.908998884431037"
"5.229978330246816, 4.789229462800527"
"5.3075026797785805, 4.6605021856335025"
"5.442564400932522, 4.548404757681732"
"5.584403314114622, 4.4283800498767985"
"5.742692647525953, 4.306726047546833"
"5.90990935393398, 4.174710664619759"
"6.081517819520482, 4.035470937206586"
"6.155629809040395, 3.928175228224923"
"6.226042614595199, 3.8097690388444008"
"6.2895619132642615, 3.6819051185872063"
"6.365205771630798, 3.5449427172889827"
"6.443030885164037, 3.3979729050159904"
"6.407509087433584, 3.289477151052271"
"6.373329310750071, 3.1864160873079292"
"6.354075906352257, 3.0728623770437693"
"6.322330814518606, 2.97076616028545"
"6.28576999140509, 2.8556149297422095"
"6.212350005579973, 2.8350102416094956"
"6.143667767280121, 2.8081331249999977"
"6.064580454904915, 2.7808927551926885"
"5.991627077046342, 2.7440416680942477"
"5.923402366772402, 2.715953541087451"
"5.879524000707562, 2.7313108748290986"
"5.835698841509242, 2.746671150439248"
"5.791924298800812, 2.7774611494728205"
"5.748197547153801, 2.7927965206241083"
"5.699890490266583, 2.814265530653003"
"5.691646450577062, 2.792734051968182"
"5.683383348995161, 2.771011225615908"
"5.679745715275539, 2.742856093971824"
"5.671450813088927, 2.7207107389886076"
"5.667793093430452, 2.6920542266811367"
"5.675450963597325, 2.6597908126426333"
"5.683146979392804, 2.6271429308205256"
"5.690881446232922, 2.5941080180623075"
"5.698654672697244, 2.560683710789313"
"5.706466970567615, 2.52686786168087"
"5.704323365881418, 2.4639680075674804"
"5.697379707432717, 2.4061445529461594"
"5.68553550276339, 2.335960069340281"
"5.678368213051542, 2.2567306477344644"
"5.666226370136915, 2.182315557393764"
"5.649783735733591, 2.142145403430753"
"5.638144122271584, 2.094129644910744"
"5.631359563861859, 2.057203168336194"
"5.619586144464851, 2.027153645284102"
"5.612700718541616, 1.989358974378959"
"5.591842948729855, 1.965232637269871"
"5.55914252564707, 1.9457150250547954"
"5.526557957970715, 1.9261492954854447"
"5.494086749746915, 1.9065365160739276"
"5.467545417704807, 1.8746199306848865"
"5.4418965830156285, 1.8574831770925897"
"5.422037712439408, 1.8278892240417264"
"5.407937327270121, 1.8056082973799192"
"5.388008420333852, 1.775645603538905"
"5.368048735713418, 1.7656270168492085"
"5.3518788341075965, 1.7098832161233588"
"5.34134838576864, 1.6608445118793966"
"5.3306867438826835, 1.5901852544634067"
"5.319891348468801, 1.539268027062164"
"5.308959568746671, 1.4875290485247916"
"5.264546562313946, 1.4136175615285111"
"5.225602377988081, 1.3464653017103103"
"5.174402397335813, 1.284173552002855"
"5.12864167395462, 1.207267638923497"
"5.082400248817358, 1.1295142625469623"
"5.0351567134026745, 1.0790531768403042"
"4.976180014757539, 1.0281834300963908"
"4.9225510876384, 0.9848142041770416"
"4.862497877785727, 0.9552248908555754"
"4.801862319563162, 0.9033621467002888"
"4.728507356253938, 0.9143090124287312"
"4.654813500346474, 0.9031788768951259"
"4.5864171419317135, 0.9062714097611178"
"4.517663693941153, 0.8807498389229238"
"4.442609311078736, 0.8694515653374566"
"4.437017517025958, 0.8965963769743439"
"4.437239076242892, 0.938092337179512"
"4.43169026657418, 0.9652102746282623"
"4.43192631873652, 1.0066739250096504"
"4.432160985528551, 1.0480891317186405"
"4.438612397879226, 1.1473799907556668"
"4.450545931603083, 1.2371463396499252"
"4.462228913953278, 1.325283792952348"
"4.4791483314819285, 1.4254413148275162"
"4.49570459515297, 1.5232642341205604"
"4.470330707364678, 2.080613105196214"
"4.441764833248862, 2.5669823065364596"
"4.410381826874913, 2.9707367152477104"
"4.381013688816438, 3.307359493664279"
"4.344580955715772, 3.5933356323126873"
"4.4029657507774225, 3.917857073010584"
"4.4614640579675475, 4.183273429261543"
"4.5200349646785645, 4.412242778137346"
"4.570854635237566, 4.608383116823038"
"4.622312931106459, 4.78632280879428"
"4.6702437102177, 4.857416465055017"
"4.713595571719945, 4.929395853164554"
"4.756173825079289, 4.999527605908273"
"4.798009788503529, 5.068075584270295"
"4.842890420567993, 5.132259795669189"
"4.851265518957751, 5.125853297556027"
"4.863489113563958, 5.116371825380055"
"4.875804675325884, 5.1068257778813955"
"4.892048200443868, 5.100164250849856"
"4.9084292945451065, 5.093452163848173"
"4.892532168998393, 5.160184324043627"
"4.8729063657552985, 5.229766849254684"
"4.853194960685343, 5.305332823597854"
"4.826291591925817, 5.374893444311183"
"4.803169062150526, 5.447637991387458"
"4.769730149642467, 5.5865029875689345"
"4.7329154879809066, 5.732121215899728"
"4.696394222663488, 5.875959890061984"
"4.659905893335413, 6.031197145871672"
"4.623648928444702, 6.185717570024148"
"4.602631949937389, 6.325948744085918"
"4.581286665937908, 6.472606704087733"
"4.563366667992036, 6.623232586535709"
"4.548921145183712, 6.778000514126635"
"4.526818676494225, 6.94089284917267"
"4.463121560958125, 6.977500995758831"
"4.4022584229409985, 7.010985100662731"
"4.336563993551716, 7.050620853409717"
"4.265952663254743, 7.085688510610993"
"4.20208652596694, 7.129690003919192"
"4.245511011360652, 7.0714735087234"
"4.284707460429465, 7.0196637342521875"
"4.327717695442048, 6.9619327213488535"
"4.374195423208414, 6.910495466287748"
"4.412740697268463, 6.85090161427753"
"4.4362315954269835, 6.78290238819361"
"4.459350828311524, 6.7084140884140275"
"4.478372945179289, 6.641040328110861"
"4.500816804965922, 6.579315513407421"
"4.522925915400158, 6.520342805209266"
"4.500879816053713, 6.562496385562367"
"4.4824668928827585, 6.608806339869029"
"4.46401637363746, 6.655736196001429"
"4.441815606311898, 6.699631069129508"
"4.4195513013742795, 6.752619045403751"
"4.396709008048971, 6.840866025112677"
"4.369802313408981, 6.928154740121026"
"4.342545838801923, 7.018292044082944"
"4.318789207444168, 7.115373384931774"
"4.298623860562247, 7.210017560509813"
"4.329640480462686, 7.174719550024728"
"4.364303382277732, 7.143860757245261"
"4.3987312374547285, 7.113379262766712"
"4.429143988477384, 7.079324274872262"
"4.459384679750042, 7.045690120721094"
"4.470708334319796, 7.000806638922141"
"4.481994398367805, 6.95650380721141"
"4.4932432964642475, 6.912773910352622"
"4.504455446186613, 6.869609190192229"
"4.515631258236762, 6.82700184607036"
"4.504464972907926, 6.814509409862348"
"4.497010191321788, 6.8069868439038785"
"4.485826232595747, 6.79453398348433"
"4.482090106612047, 6.782109263571103"
"4.470892946205274, 6.769712657935008"
"4.467206403428073, 6.746471179093538"
"4.459820813052583, 6.718586336671793"
"4.459854061944118, 6.700500141373322"
"4.4561526505926485, 6.678834065696538"
"4.452491337799879, 6.656247125258854"
"4.471101915677168, 6.658863306963337"
"4.4896736161531585, 6.661476146384518"
"4.500809759266352, 6.663036402781742"
"4.508217008334362, 6.659898231579104"
"4.522974735054772, 6.666143848453825"
"4.53401832948649, 6.677083322128744"
"4.548710717831904, 6.683319203111196"
"4.567059823821633, 6.685903508700019"
"4.581724304474205, 6.693194711197089"
"4.596372068525941, 6.7004894583297885"
"4.603660929370526, 6.691062259563166"
"4.6073021462648835, 6.686361077131329"
"4.610941233373236, 6.68166814803099"
"4.618213055664558, 6.680613309085201"
"4.6254764706706375, 6.671261049327784"
"4.632883667903953, 6.6806133090852"
"4.640301082953863, 6.68166814803099"
"4.644013648348667, 6.694703406339521"
"4.651446547417349, 6.695771713799393"
"4.655257335837951, 6.701563911288156"
"4.655438546331895, 6.720536395999989"
"4.655620215799454, 6.748126949649583"
"4.655802345987501, 6.767418757147576"
"4.652243047368143, 6.799170210076434"
"4.65607640896364, 6.822541972852155"
"4.659823361690963, 6.836166058867281"
"4.659917363352689, 6.846085762943492"
"4.6637659417132875, 6.852277819941619"
"4.667622175394521, 6.858490534731066"
"4.671486095917618, 6.8647240016489075"
"4.6716897983589565, 6.8671951835772935"
"4.679237124441542, 6.868433664481243"
"4.686795412525748, 6.8696740779268755"
"4.69069302217788, 6.875956241909447"
"4.690807495980222, 6.88606296746234"
"4.702188867439316, 6.883515881973779"
"4.706237512456633, 6.891112842341061"
"4.713984641146466, 6.893649688492955"
"4.721753393458817, 6.896194522936241"
"4.733375952556198, 6.894912488092317"
"4.728983977786807, 6.87585410897492"
"4.7282880831167, 6.851967307675126"
"4.72759664113691, 6.837098176007846"
"4.726909609200618, 6.822373891985467"
"4.722457477359826, 6.811520382027872"
"4.730137868075778, 6.80523926412619"
"4.737839587700402, 6.798951387868925"
"4.741918287911271, 6.788925032366083"
"4.746010522757513, 6.770279659340991"
"4.750116369541173, 6.751656464242008"
"4.747970715120089, 6.614769800452798"
"4.745796071381009, 6.480540295416217"
"4.743591845335276, 6.348943873549906"
"4.7451143385129235, 6.223436686877287"
"4.742875612720526, 6.0968520505940145"
"4.733400589408536, 6.001394212622507"
"4.72780239725359, 5.912971795382324"
"4.72229531017911, 5.8278596040649235"
"4.716877098600192, 5.745803994388931"
"4.7188221099867, 5.666304702261465"
"4.708153843410606, 5.56101199981879"
"4.697559544982008, 5.451244797453309"
"4.686907276078236, 5.342787110151627"
"4.676196379321411, 5.235125380742246"
"4.661726386781268, 5.1306961924909675"
"4.681183341495569, 4.997842265140159"
"4.696969279108049, 4.8661282560496275"
"4.709150518535231, 4.734065734860806"
"4.7214393806194614, 4.597181901851391"
"4.733837571745836, 4.453835718118263"
"4.6935292070977415, 4.405402817289003"
"4.652426241922052, 4.355134638854079"
"4.618312271349438, 4.303624440032937"
"4.583539235207084, 4.250086933711959"
"4.548081070554627, 4.186285690778551"
"4.527969437520498, 4.2077019518744265"
"4.511909999999994, 4.233282309181114"
"4.491882848322487, 4.254227175082789"
"4.467877099146561, 4.2706789241134295"
"4.4479223774631915, 4.298989743514117"
"4.447701963251519, 4.295188337481562"
"4.439423200146193, 4.283554929038644"
"4.431085983851896, 4.271790657305303"
"4.430804622830438, 4.267815897735726"
"4.426419870243645, 4.25144623911525"
"4.413268270250151, 4.203579322673946"
"4.399860378420457, 4.1538845042882535"
"4.38618820652826, 4.10223091038306"
"4.368057652850224, 4.044524584675873"
"4.358017281438495, 3.99247258421239"
"4.343250467190942, 3.9026334929187136"
"4.341349729310233, 3.8131074521534103"
"4.330402992407668, 3.716674757778584"
"4.328308199413868, 3.615761979518812"
"4.312617557414742, 3.515258259442497"
"4.31647354059528, 3.465060637931"
"4.306396526400172, 3.416696088490042"
"4.310104277977887, 3.361808192886258"
"4.304442463615252, 3.3031702882461325"
"4.303617246306714, 3.22637029006005"
"4.307199884829882, 3.1773263043669537"
"4.315586399402369, 3.121329046668091"
"4.324051358427063, 3.0637962092148427"
"4.327941625116445, 3.0132841292745596"
"4.331719448889492, 2.973448965202799"
"4.354507901062878, 2.929833726399181"
"4.372815189917113, 2.8790018533996076"
"4.386549082338277, 2.836173056279634"
"4.405233453786957, 2.782888525904717"
"4.428973829147565, 2.7346475717597087"
"4.453447965218757, 2.731518427480374"
"4.482706739427433, 2.734802487048789"
"4.511909999999994, 2.738078376083699"
"4.541061996174058, 2.741346120882511"
"4.565289503477164, 2.7382255659520283"
"4.599301497915457, 2.712454857991517"
"4.633354601481079, 2.686497569546148"
"4.682126124501057, 2.6504599269337064"
"4.731035558040114, 2.6140503817270115"
"4.775319177095841, 2.5838530359538154"
"4.81731845237935, 2.4759634523411194"
"4.860182521974535, 2.363470311791268"
"4.893497416040399, 2.2504569335473974"
"4.927449733221695, 2.133133537924948"
"4.96702626087347, 2.0041193936158734"
"4.989799703565675, 1.941632397949931"
"5.012807585944044, 1.8780952452430597"
"5.031033696294664, 1.8210901129176023"
"5.043934693394895, 1.75556358024685"
"5.062525174815512, 1.6967177769397424"
"5.064528821887683, 1.6552545299691772"
"5.077263948712044, 1.6133672014592761"
"5.079337566328736, 1.55013478470714"
"5.092767839409635, 1.5228834076562165"
"5.100622034125431, 1.4875290485247916"
"5.09190159449457, 1.4439973044798506"
"5.0773918725222345, 1.4136175615284614"
"5.0742851347377425, 1.3987768099659945"
"5.06538778849216, 1.3328067835513906"
"5.056430127834174, 1.287976236061752"
"5.077989969250541, 1.3154167500428429"
"5.0832445426414825, 1.3507191501825417"
"5.08795436866962, 1.3701573205381692"
"5.097889292255311, 1.403160106730148"
"5.108354032613632, 1.4303554854880574"
"5.093522351648685, 1.5124269485779536"
"5.0840596535731235, 1.5853535936932346"
"5.074731905353458, 1.6778096187867035"
"5.060440828475548, 1.7760786099360928"
"5.045859508760908, 1.8569974591156253"
"5.004464168644875, 2.270962841482131"
"4.97546613428953, 2.635625821865659"
"4.948108158474998, 2.953927544890213"
"4.922252707809063, 3.231071430643212"
"4.897475838304891, 3.474724869842756"
"4.869623065961971, 4.060966827234598"
"4.836176304884895, 4.498281961913529"
"4.805782588440588, 4.851011985230803"
"4.781712692897608, 5.161396316396646"
"4.752610373290555, 5.442449395057546"
"4.733988330738397, 5.517810573709197"
"4.722636588196917, 5.593807070516673"
"4.711351037524201, 5.670574756562401"
"4.696630446828121, 5.745206631570596"
"4.689083174598559, 5.827255286311688"
"4.697195859317868, 5.889463714888296"
"4.70186950568737, 5.950212677957205"
"4.70292819004148, 6.015849659221931"
"4.707690205733777, 6.08011792036291"
"4.71250945666657, 6.146261937539805"
"4.713520289399903, 6.15111425923749"
"4.710913518887742, 6.152674125196838"
"4.715702535721582, 6.154251488741154"
"4.713079139426069, 6.155846646079814"
"4.710427287884599, 6.157459900147588"
"4.691151799362111, 6.15834868143182"
"4.675671220612796, 6.162619294811515"
"4.6566276805361575, 6.163489091591025"
"4.645020259067248, 6.163728032166864"
"4.62984673841635, 6.167947000926757"
"4.618213055664558, 6.166298126804976"
"4.603086409864705, 6.161347433906897"
"4.588113129315968, 6.15645236414565"
"4.569697314222689, 6.15549824435309"
"4.5550358110270865, 6.150686142896712"
"4.51191, 6.209281350377534"
"4.4754050452173635, 6.27653432814663"
"4.434629860488321, 6.342573994911891"
"4.393178737118285, 6.4108328296940655"
"4.351022316925997, 6.481422845824785"
"4.385103828554463, 6.570972274529258"
"4.415210506970014, 6.658342475211727"
"4.448876995517949, 6.75084868987843"
"4.478649526198777, 6.839914269864256"
"4.51191, 6.935339813923843"
"4.511910000000001, 6.96730267349869"
"4.51191, 6.999658380642963"
"4.504483953487298, 7.0415526761614515"
"4.500738806874404, 7.08940376250839"
"4.496971985364677, 7.128646128590097"
"4.470734809129965, 7.1197882064147455"
"4.448146416091228, 7.105480876380539"
"4.42919741271446, 7.087215249255744"
"4.410156576844676, 7.068938646854453"
"4.387280819471626, 7.054596596343155"
"4.348288018560987, 7.127422769589084"
"4.304770720341331, 7.1983868678598295"
"4.2684425518511615, 7.2698339837333"
"4.2275371784461475, 7.349335522269359"
"4.18593875491927, 7.431309321497986"
"4.195127864721589, 7.399426304723602"
"4.204238713976146, 7.3782373596915445"
"4.209271220814148, 7.353104087659249"
"4.218249662213704, 7.322372848452662"
"4.227152892234755, 7.292069396276795"
"4.243327346617087, 7.24577432465532"
"4.2594043449047705, 7.200151893657525"
"4.275385488225538, 7.155191502886428"
"4.291272340374473, 7.110882623389717"
"4.314800844413379, 7.065763620102441"
"4.334199196389396, 7.018841824207946"
"4.357224978231622, 6.968710935662633"
"4.376333169752474, 6.915463118827858"
"4.395445568942034, 6.870666096564111"
"4.4068270606067825, 6.820142410994068"
"4.418244225679589, 6.777826505520009"
"4.422195055754915, 6.743531981252442"
"4.437345693872683, 6.713375103281237"
"4.441233688913594, 6.663065749263738"
"4.448836847304184, 6.633825682558347"
"4.45264247687969, 6.618833198639634"
"4.460118532670676, 6.600323983684557"
"4.4527928489520745, 6.590134995285722"
"4.460249762778302, 6.588172869364536"
"4.463986064806739, 6.574463782725843"
"4.486188191545458, 6.561543227562545"
"4.50824719330137, 6.548744663139238"
"4.537468624562545, 6.528078714321376"
"4.559228225766312, 6.507646704776504"
"4.58081155816257, 6.494418869135352"
"4.580940486368737, 6.50496012273204"
"4.577408929407909, 6.519082282397148"
"4.577531910070922, 6.529771900878713"
"4.577655353472469, 6.548545408128403"
"4.581461061200097, 6.555854108917793"
"4.585099275354348, 6.559410175276804"
"4.592419758994184, 6.559410175276799"
"4.5960537628021685, 6.5629671363234845"
"4.607062385061293, 6.559410175276804"
"4.614384650555108, 6.559410175276804"
"4.6219150283744215, 6.570345410054863"
"4.625834798601606, 6.577769805659633"
"4.629772147087169, 6.593411472944042"
"4.629996204776184, 6.612798899608881"
"4.630221116273286, 6.632352951511672"
"4.615425435395848, 6.624072734911868"
"4.604301323646664, 6.619434399762261"
"4.593185723888262, 6.606564591600485"
"4.5820784113842725, 6.593743309953112"
"4.570979161055505, 6.580970336722276"
"4.571091685043792, 6.575710843005169"
"4.574890940451587, 6.574046656873007"
"4.575011339016557, 6.568764532914081"
"4.575091860815615, 6.570704423051231"
"4.575172588402297, 6.564435512709355"
"4.58248110061241, 6.5370605803886574"
"4.5860777964454424, 6.506400043630185"
"4.5933406694713454, 6.479620107603804"
"4.600632714805807, 6.446063170571385"
"4.6079068703075485, 6.420718103601528"
"4.603834700071605, 6.380320093349562"
"4.599795995417477, 6.340660314427733"
"4.592117400993548, 6.297596463738024"
"4.588160632140716, 6.259422923190569"
"4.580640401273574, 6.225913645877778"
"4.595320299843823, 6.21391088823125"
"4.610075740014415, 6.20188586915298"
"4.628591393842338, 6.193812579320551"
"4.643516033205639, 6.181736409213635"
"4.662141245354835, 6.165676215790242"
"4.677335182771913, 6.117867771814307"
"4.692630604602912, 6.070350526512579"
"4.7080290682345876, 6.023116728291473"
"4.723532160972774, 5.976157487887465"
"4.7353363123569165, 5.925755831520349"
"4.764400384108319, 5.79385859962973"
"4.797117091142109, 5.663692475326507"
"4.829689971992785, 5.537852236013017"
"4.858307513250254, 5.412506333522483"
"4.890603675239896, 5.293252563539124"
"4.907671163790702, 5.1842519845729935"
"4.917450740549511, 5.080628228031035"
"4.930986264667331, 4.972751646922434"
"4.948618491160679, 4.865831995880871"
"4.966474920447085, 4.756109079614584"
"5.079203094406788, 4.639244332297968"
"5.196614070326797, 4.507852391971067"
"5.315325989135303, 4.369715447268591"
"5.4356351953183495, 4.223070463741731"
"5.565843432312482, 4.058336371546833"
"5.593715430909196, 3.912613481238491"
"5.622886899481772, 3.761355148912152"
"5.6577248806885265, 3.58875348581682"
"5.694259975067206, 3.3959607856243643"
"5.7281455240417, 3.1851668014203582"
"5.7207951016256295, 3.066552034065218"
"5.717844085916312, 2.934092395814119"
"5.704452513024561, 2.8081331249999906"
"5.701193806031412, 2.657910445415247"
"5.6978431439944845, 2.497572792343526"
"5.7079422278379, 2.4200919095478355"
"5.712221003346764, 2.3516501850414073"
"5.7284083543306945, 2.2596157676990742"
"5.7387778641842235, 2.1766366704950855"
"5.749240021044708, 2.0918574568809447"
"5.754496785853611, 1.9823554007570365"
"5.770956840781472, 1.8496931627524447"
"5.781516719983981, 1.7254246965903164"
"5.792258340713406, 1.5978079488011403"
"5.803186479516974, 1.4671372107119964"
"5.823216143397708, 1.3722585435060353"
"5.838497266230921, 1.2830669126294367"
"5.854145216, 1.192043701729034"
"5.864832312455565, 1.085609912504708"
"5.875785692125348, 0.9776251480950151"
"5.878645207035953, 0.9055649076700121"
"5.874674017917669, 0.8472003918446092"
"5.877560560744126, 0.7751501089314417"
"5.8860246206551405, 0.7169869525830279"
"5.889022078257564, 0.6663808578232846"
"5.876352342941209, 0.7046164883789032"
"5.870730731132584, 0.7293529069514477"
"5.858270610802992, 0.7676841011536766"
"5.845935959289058, 0.8060442642358083"
"5.83917255933328, 0.8368519727274588"
"5.822957899602788, 0.8765682577602689"
"5.812275811113356, 0.9301109279999906"
"5.80297069570654, 0.9776251480950435"
"5.7924394672521435, 1.0312772365139296"
"5.788614948543355, 1.0926757497517485"
"5.792698645339355, 1.1341998220409266"
"5.7914263169172635, 1.161880715019663"
"5.788889358183168, 1.1955037833331943"
"5.781035196355695, 1.215251317115559"
"5.773210166140275, 1.2349581495632123"
"5.751973302864079, 1.3830252926007205"
"5.731270254094406, 1.5275230781507716"
"5.704815796821675, 1.6601601864538935"
"5.691385802470842, 1.8037240902269431"
"5.6660839077638645, 1.9273385365011677"
"5.630655978886999, 2.011498199962631"
"5.595826701342518, 2.093620249748362"
"5.566479014437203, 2.166517397026958"
"5.5269898101368655, 2.237579090680171"
"5.499594410325842, 2.3207554434425077"
"5.494280938836256, 2.2600350649356784"
"5.483167122982522, 2.190878730926748"
"5.472822603981005, 2.134691787008265"
"5.4673018085671465, 2.0700591072808265"
"5.461726345425729, 2.0041193936158734"
"5.481294932429412, 1.897947365430987"
"5.507217739569551, 1.7961167612345577"
"5.533703008465847, 1.6912989682631903"
"5.5607703348661595, 1.5835862952623074"
"5.582212125165512, 1.4652759524993542"
"5.589472232984248, 1.4462300469248248"
"5.596758156125404, 1.4271222721701307"
"5.604070052022881, 1.4079540292435127"
"5.611408079262321, 1.3887267832279164"
"5.618772397590433, 1.3694420653013992"
"5.6082903276979055, 1.3422349759723318"
"5.597801118827159, 1.3149780410987262"
"5.5873047067544, 1.2876766577930994"
"5.570523019302599, 1.274011047481551"
"5.560018256935378, 1.2466536180382946"
"5.542972315575202, 1.2113594505179606"
"5.525766865075662, 1.1757178674888564"
"5.502091105811585, 1.1318656756857735"
"5.496232691238307, 1.0955522095910482"
"5.478562246764305, 1.058928882785537"
"5.456038743437318, 1.0527958871771261"
"5.427220456992984, 1.0387844876786971"
"5.410133812482897, 1.046654767642778"
"5.381399701357432, 1.0326355800028324"
"5.352719595692959, 1.0186232053560644"
"5.310149461497822, 1.0668125118324525"
"5.279435349965571, 1.1369372817985521"
"5.243591528282835, 1.1930274560775302"
"5.202642919005563, 1.2350503779219366"
"5.167298780698952, 1.2909773276963676"
"5.123395874368754, 1.5200252650356632"
"5.070110348082618, 1.7398837713000148"
"5.023761771977702, 1.9615279543183348"
"4.9735420562861865, 2.163089422649982"
"4.934961135301446, 2.3563313608125185"
"4.888297358874014, 2.8646322061025487"
"4.845336500538912, 3.26646034277314"
"4.805645515733304, 3.5968274433002954"
"4.773128116289994, 3.886833560565819"
"4.730367540271069, 4.133914130492517"
"4.74060580479063, 4.400666332937117"
"4.754355628741475, 4.63577977686888"
"4.763592068732318, 4.843026841966225"
"4.772365149736832, 5.034157737950153"
"4.791883404185489, 5.211592324414906"
"4.7750984155673635, 5.32640752463108"
"4.762290009217476, 5.438000984644689"
"4.745985220375595, 5.5529698537623755"
"4.730062845746675, 5.669053388012458"
"4.710864024648433, 5.7899428020927495"
"4.715105581772481, 5.860042620506753"
"4.71572985693255, 5.93500402464786"
"4.716484074589878, 6.012387911058949"
"4.720788647214624, 6.081133579513171"
"4.721437015563203, 6.147732056290982"
"4.711012089891177, 6.218602464448594"
"4.700544805876624, 6.29112140667642"
"4.693845661776244, 6.370335518128977"
"4.6832898314340525, 6.446521146013357"
"4.676297126847049, 6.528078714321367"
"4.672993667819313, 6.583661870821809"
"4.669675896465987, 6.640265609920625"
"4.666148889804553, 6.687421997107885"
"4.666441310983366, 6.7495720557015195"
"4.663092709642286, 6.809166096163661"
"4.667226552519053, 6.862341191691967"
"4.671384439474031, 6.916481790264505"
"4.6717918448549565, 6.966434368127182"
"4.675985911891978, 7.022469125067767"
"4.680204602409983, 7.079528105045711"
"4.6875814765349535, 7.050334533072855"
"4.691266862092834, 7.026639473168418"
"4.706237512456625, 6.999206279029887"
"4.713595571719942, 6.970596844567538"
"4.7247543843241155, 6.938365370283922"
"4.729123694835362, 6.98506985053214"
"4.737210901931366, 7.027224197096087"
"4.741493492999967, 7.083269365254889"
"4.745947833334799, 7.132288386440219"
"4.7465568584400915, 7.186131784147777"
"4.750273721593327, 7.1901528103105"
"4.753988637374067, 7.19417458573107"
"4.753988637374067, 7.19417458573107"
"4.75770161457279, 7.1981971078519615"
"4.761412661935488, 7.202220374112143"
"4.791758805726293, 7.116364384791984"
"4.814541982775869, 7.0320459385938285"
"4.841043118002076, 6.953139313282748"
"4.8638685486677895, 6.871800104688267"
"4.886719464771042, 6.791943883307092"
"4.877668857464782, 6.750023672179939"
"4.868692168846502, 6.708832948880532"
"4.859788405337918, 6.668355135423452"
"4.85481261677543, 6.633252256131859"
"4.849872803382781, 6.5986889333954535"
"4.8543731326795765, 6.5980430971709705"
"4.866399767374668, 6.597394476092475"
"4.878487465829676, 6.5884610462310995"
"4.886741463678746, 6.5831522206745285"
"4.894783096454583, 6.568577707247131"
"4.8666276771886885, 6.524543058390252"
"4.838779328298, 6.481399732139629"
"4.807613872634394, 6.443492881836699"
"4.780368987180854, 6.401977584641603"
"4.753560092348423, 6.36973153130009"
"4.746071285213612, 6.353631898338182"
"4.738593712467523, 6.337618612867489"
"4.734719147738647, 6.325104162195215"
"4.730852325925381, 6.31265332726376"
"4.730715103051577, 6.304387871132471"
"4.72685854845634, 6.299540541836488"
"4.722877707673799, 6.286512746912448"
"4.715461840862855, 6.278344690352047"
"4.708056782324183, 6.270204026263357"
"4.6969692791080435, 6.2580440786395926"
"4.689923563834676, 6.266839786928099"
"4.682968380410813, 6.283846029044266"
"4.675988247454298, 6.300991739491341"
"4.668884488198551, 6.3099847539815554"
"4.661764006439391, 6.319021337556297"
"4.657968102320694, 6.314128196686544"
"4.6541796146004835, 6.309250398709397"
"4.653912712911917, 6.2995405418364845"
"4.646456509752829, 6.290607092085818"
"4.642694957190815, 6.285800378062527"
"4.650485247548199, 6.3277689365116805"
"4.6546266885123355, 6.373967341532296"
"4.6551669021626045, 6.417556321583522"
"4.663092709642302, 6.469901411135418"
"4.667325269531575, 6.518855587555503"
"4.655620215799452, 6.524941516930148"
"4.647728799661016, 6.527437870588727"
"4.639897948991124, 6.5299169607313825"
"4.632051740269959, 6.539429941030495"
"4.624344822853573, 6.541851427818218"
"4.635424384605929, 6.564136226842131"
"4.646540586688745, 6.586614566752729"
"4.657693822196214, 6.60928869329415"
"4.66898297946844, 6.624987901548287"
"4.68021870614232, 6.64802331177006"
"4.684806064025538, 6.669233991796352"
"4.693204975949874, 6.695527689535627"
"4.709157795379881, 6.722293008115989"
"4.717800060108182, 6.740924906857517"
"4.726544980826433, 6.759857354454603"
"4.742537890054927, 6.758078809791943"
"4.754778269586627, 6.751332779913579"
"4.751834222903399, 6.753320293796703"
"4.7604484221429955, 6.760319180019499"
"4.772898257353595, 6.762358547788333"
"4.784181494337913, 6.765022247148195"
"4.795447365933304, 6.767682364224039"
"4.810638621524018, 6.757660784887909"
"4.825612955435282, 6.7553230768359445"
"4.836824386481043, 6.757978824213336"
"4.88395074765117, 6.753830368240233"
"4.927422848124968, 6.744664428473606"
"4.970898276276669, 6.743152054390359"
"5.018716805935153, 6.728954334710356"
"5.062760759679765, 6.7185863366717875"
"5.08186549158156, 6.694910316204075"
"5.105094987451331, 6.676319585073942"
"5.140381128789413, 6.654042301183162"
"5.163654977806257, 6.644311092926749"
"5.191129632341095, 6.630839262017418"
"5.219603415948402, 6.576763798404135"
"5.244464352413834, 6.519575271813838"
"5.265188990675119, 6.466732870064538"
"5.290270318760559, 6.410819798307319"
"5.311721028343536, 6.351913157294327"
"5.344796914178399, 6.306331054339183"
"5.3783576538868925, 6.268758546670039"
"5.407966398368728, 6.218836581591315"
"5.437986311380632, 6.169023194342321"
"5.472975490205451, 6.131384282494024"
"5.463212419833926, 6.0833818262452315"
"5.4573429727259954, 6.032004454510726"
"5.4521589737540825, 5.9895154748155655"
"5.446988294021799, 5.947571007118143"
"5.437336019806436, 5.894907780911224"
"5.425159408623881, 5.7347071761595325"
"5.413095913363819, 5.581468022434272"
"5.401143849817806, 5.433979808682832"
"5.38930156693905, 5.290957013683543"
"5.381330034199005, 5.1542501740039555"
"5.422622217697743, 5.025334338112071"
"5.464875452019933, 4.89327926117463"
"5.512005243486645, 4.7533931368179605"
"5.556340235569582, 4.610158852120929"
"5.606517157220789, 4.454332532512666"
"5.564685219789339, 4.290146488045648"
"5.5129387866707305, 4.106520330800571"
"5.454841376451137, 3.9034509739481713"
"5.402925078551194, 3.662323528824622"
"5.343685588924595, 3.3909773699844052"
"5.320371425882895, 3.336550323278786"
"5.31088947814402, 3.2750180236780864"
"5.296158316082797, 3.219316953854502"
"5.276755762068094, 3.1675540505831705"
"5.2623264574522794, 3.106031196517389"
"5.275847037318567, 3.004683505139205"
"5.279668928100497, 2.8992316781050107"
"5.293428992084586, 2.789556005939154"
"5.307342428463098, 2.675556747045654"
"5.3160581444957655, 2.5671955093630814"
"5.353643936185579, 2.4099660799902907"
"5.3924905128524445, 2.2427150860983502"
"5.438378370180703, 2.072407596743936"
"5.4751221532039, 1.8724086545974217"
"5.513191732636146, 1.661183007331367"
"5.545122059406328, 1.627342265685641"
"5.588624920040516, 1.5931513084197917"
"5.621389206019609, 1.5377362754170036"
"5.665933458137856, 1.5027360840610413"
"5.7110704628527955, 1.467401164084329"
"5.711653191832964, 1.6398570974175826"
"5.706059929513227, 1.818494410889933"
"5.700616597905883, 1.9893589743789448"
"5.695317241923278, 2.1521563797484404"
"5.690156217991176, 2.306823631665921"
"5.618879320910716, 2.417974096116822"
"5.55526709435059, 2.531063309494165"
"5.487819618565503, 2.6328215381616573"
"5.427607316236129, 2.7364644282066592"
"5.368919468019087, 2.83555169261394"
"5.340276645285882, 2.8019708634286715"
"5.3159554917632335, 2.745655512752009"
"5.2913699675230195, 2.7038164833176452"
"5.26117508355819, 2.654523291097341"
"5.2306852214936805, 2.604016271209858"
"5.256576837165966, 2.521359172661775"
"5.277457690649857, 2.4465302081632316"
"5.299372951660159, 2.3654494502290646"
"5.321692876365523, 2.281714316160283"
"5.344429668516655, 2.1952774379344575"
"5.356530095778478, 2.1489313167427113"
"5.363748815450681, 2.109377383234701"
"5.366052933175312, 2.038220438918792"
"5.373334102129048, 1.958532690982537"
"5.3913950835764, 1.9171884877742897"
"5.406208063750297, 1.8533025454387229"
"5.416152521919961, 1.775787893667804"
"5.436297475006132, 1.7224874791616074"
"5.451579226312184, 1.6761823128448654"
"5.455954502706065, 1.5878136442051698"
"5.453493313060237, 1.5586130939468674"
"5.456139367649985, 1.542377412999997"
"5.458800532671971, 1.5260407017368607"
"5.461476939123452, 1.5096029888979885"
"5.464168719528828, 1.4930643425930512"
"5.447783797221947, 1.500879613640599"
"5.436576617444828, 1.5220293643998843"
"5.4253822592843, 1.5431596445307179"
"5.408192377426185, 1.5775311296476602"
"5.39703512616858, 1.5985909295851783"
"5.400521379486269, 1.6225555557195435"
"5.386935058196982, 1.6385932013400364"
"5.379366284403382, 1.6622849122997394"
"5.377750655079007, 1.6520660349576346"
"5.364347634261404, 1.667883134692019"
"5.354188555010495, 1.836507389459051"
"5.355754654159025, 1.9937328005930866"
"5.351601021982443, 2.1372649457533583"
"5.347538445592795, 2.2929184133061113"
"5.349122186146602, 2.430386356690441"
"5.299372951660157, 2.6800469228661257"
"5.252027472006275, 2.9054601516854817"
"5.211419942720934, 3.1031865195507855"
"5.172686899180433, 3.2819176934644894"
"5.135696533360155, 3.4438090629109404"
"5.066444342792341, 3.7861497558585917"
"4.9978545713192855, 4.074415195677098"
"4.929785154007513, 4.322119251649337"
"4.873614653692798, 4.537412932403148"
"4.817124442124144, 4.731505060358243"
"4.786268519170844, 4.949098959082075"
"4.763596996802322, 5.156749303651383"
"4.74160906915597, 5.359572023090445"
"4.713198789398872, 5.5617989871718985"
"4.685587792823484, 5.7664205289648836"
"4.682610406188844, 5.8554496946098995"
"4.676091078109513, 5.943971424202629"
"4.669524644392464, 6.035210544667567"
"4.662910549755216, 6.129356617743538"
"4.656248229387888, 6.226595675296863"
"4.668003597261568, 6.295930728129736"
"4.679901943266246, 6.367379565867558"
"4.691946148733433, 6.441040706540482"
"4.704139176648986, 6.517014903538188"
"4.723802550190772, 6.594412778439898"
"4.7318153845738316, 6.6483784676158395"
"4.73987129823404, 6.703341271052254"
"4.747970715120089, 6.759323763439081"
"4.756114064955082, 6.8163484832744"
"4.760604478942506, 6.870602808385507"
"4.756429929725403, 6.880845206078807"
"4.752269417543562, 6.891078460299935"
"4.744439031082715, 6.897469947365117"
"4.740311434174904, 6.907685407097457"
"4.732521995155434, 6.914061086649447"
"4.728983977786807, 6.938454769419889"
"4.7217533934588225, 6.968235130310257"
"4.718198167212291, 7.002180737291987"
"4.710939676740383, 7.032536321763015"
"4.711068187919878, 7.061737454026879"
"4.71119686532877, 7.128742874650403"
"4.707493385845442, 7.181684128954465"
"4.711454720127782, 7.23685517724246"
"4.715292461997805, 7.3008835386324336"
"4.711583898166516, 7.365787277311471"
"4.7005683228210025, 7.415075744338859"
"4.697089436227311, 7.475155513353112"
"4.685905630327996, 7.534216406354144"
"4.674809003858407, 7.585612280772026"
"4.671379601923644, 7.650228949019813"
"4.7066838300362175, 7.683629929576635"
"4.750121286082542, 7.728414949570945"
"4.790140134789528, 7.767489876543216"
"4.834662727269706, 7.813920816737543"
"4.8678523829654825, 7.843256118841562"
"4.8676128118832445, 7.829772192704776"
"4.867612811883245, 7.807452046290187"
"4.87166611766503, 7.791886686697016"
"4.87166611766503, 7.76970352123215"
"4.879535562055745, 7.758643788753606"
"4.9056438578763455, 7.632390837801074"
"4.923488460810151, 7.507919425995535"
"4.9449539403449965, 7.391526053000002"
"4.9662484871741945, 7.278752441427635"
"4.987375268256958, 7.169490252394535"
"5.009560702743098, 7.207281421077056"
"5.032029115114831, 7.2458004070443724"
"5.0510115584868505, 7.280888720666727"
"5.070248989068942, 7.316655233669889"
"5.08974735233027, 7.353117799594828"
"5.036602558633987, 7.328266339505001"
"4.984631905929413, 7.303994269143563"
"4.93378166024611, 7.280282146162614"
"4.88400091238973, 7.257111362340915"
"4.835241426073117, 7.234464100543199"
"4.828095895202889, 7.2569980967329295"
"4.820934177315225, 7.279694438895807"
"4.813756168017392, 7.3025543850612875"
"4.806561761695019, 7.325579197388786"
"4.799350851495306, 7.348770142167694"
"4.803622241594281, 7.358056548306491"
"4.8079082683729215, 7.367390253962805"
"4.8159270706492965, 7.380902004219632"
"4.820247969410381, 7.390342588201971"
"4.824583789466748, 7.399831508726294"
"4.848019506850297, 7.373159234589115"
"4.871542457687179, 7.346556451584371"
"4.891421857519777, 7.315893387091064"
"4.9151239379753155, 7.289438921928174"
"4.9389195883412, 7.2630555798045995"
"4.938071654015918, 7.248230804167461"
"4.937227094032626, 7.233508722215567"
"4.932668929818262, 7.2245698543747405"
"4.9278530584574884, 7.21407444945833"
"4.9233303977103855, 7.205237526468841"
"4.942679371587942, 7.172248471387386"
"4.958066009756889, 7.13392778349459"
"4.973163414155051, 7.09443262465677"
"4.99258067127616, 7.052795455006214"
"5.012034898001107, 7.011503553796428"
"5.032557862842219, 6.993172035683234"
"5.053563419175347, 6.976205126087407"
"5.0825479666399636, 6.959201987215287"
"5.1117672321289085, 6.932917902450514"
"5.132904052440617, 6.914522127954845"
"5.1320706143448795, 6.89350854336804"
"5.134968852231923, 6.8765617421841245"
"5.134135029209036, 6.855839393823651"
"5.133303451561966, 6.853311835295763"
"5.140318971776531, 6.8417787041562255"
"5.144032196240077, 6.83665664330708"
"5.140318971776531, 6.8327837099954944"
"5.140318971776531, 6.823807355288711"
"5.136187594414157, 6.809768125826709"
"5.132060275248591, 6.804695959547284"
"5.116395822987991, 6.795783696881557"
"5.112282701927843, 6.79073424098306"
"5.100358520878409, 6.78569403459473"
"5.088452896642838, 6.780663056937287"
"5.08027428646237, 6.770628704794474"
"5.068035620714508, 6.773275499924539"
"5.04806956699505, 6.767097966320867"
"5.02817053807499, 6.760941455747188"
"5.008337342066678, 6.754805869245577"
"4.98086423138448, 6.748691108363033"
"4.937018985001124, 6.720670364505617"
"4.897275073341886, 6.696771344676417"
"4.865486236672302, 6.673191374627053"
"4.8339910314487815, 6.649924514720613"
"4.802968081414027, 6.627988403854346"
"4.790214121903995, 6.574046656873007"
"4.777603557794034, 6.521381500165299"
"4.761531956291256, 6.474338015284635"
"4.7456303072512425, 6.428308138736088"
"4.737178072074521, 6.375620556396726"
"4.722745916580764, 6.345968633505231"
"4.70830193104987, 6.316504427222104"
"4.693845661776244, 6.287226136737255"
"4.6793766483389545, 6.258131874362967"
"4.661201689019241, 6.2325722608024705"
"4.657876560946996, 6.172556957705291"
"4.661858138341217, 6.11320818847848"
"4.658519772196739, 6.0545074975769655"
"4.655257335837948, 5.996926449688256"
"4.655620215799456, 5.936182561557271"
"4.648072152984291, 5.806243472905004"
"4.6331890519101355, 5.680579316541463"
"4.625691196334188, 5.558640567799452"
"4.618146189641589, 5.439729033098652"
"4.607002633006426, 5.326498680678063"
"4.618548652725354, 5.232741301752867"
"4.6302211162732885, 5.138606683876594"
"4.64202236181097, 5.04365833104087"
"4.653954788652339, 4.947402448626054"
"4.669834662888767, 4.846016760077243"
"4.682395160077721, 4.750646782843596"
"4.691266862092842, 4.655496560995092"
"4.704183141800955, 4.553005246615841"
"4.713486105197852, 4.441910591148764"
"4.718956052483727, 4.3288336110551615"
"4.733754203966225, 4.2486846761643875"
"4.7530894974456315, 4.159181136507669"
"4.768823703471002, 4.0685277282371395"
"4.789078854551208, 3.976848893473658"
"4.809933376461731, 3.878965009569594"
"4.8729360028091655, 3.8305829862268084"
"4.9375338176108015, 3.780176455116763"
"5.008038947672503, 3.7231547799658316"
"5.0714799676281785, 3.6743384080324084"
"5.145706584935583, 3.6124170306246413"
"5.178845270072447, 3.5801804550283585"
"5.212202289300858, 3.54743223411441"
"5.2506816307605675, 3.530570822839344"
"5.294419045207283, 3.4951201245821046"
"5.324234151688147, 3.465909726034777"
"5.328748954508398, 3.4162835147439097"
"5.342762501202593, 3.35280606553286"
"5.342349629572335, 3.2690748033506374"
"5.34637059089788, 3.189918338689388"
"5.355572861380912, 3.113526553434994"
"5.364570572507656, 2.967159635643874"
"5.363945696087212, 2.826331372242251"
"5.36862644769376, 2.6832199602020808"
"5.373413305707762, 2.5316238053528863"
"5.378309927547525, 2.3712393668397738"
"5.37304610237969, 2.2916981454097396"
"5.3628478707210885, 2.1978583968985674"
"5.351669494611075, 2.104619318224259"
"5.335324483507631, 2.015225167260226"
"5.330064810713328, 1.9177532203121714"
"5.314259010196898, 2.009621750831542"
"5.298668924553088, 2.099251196765529"
"5.283289876609741, 2.205271304222812"
"5.278525919592378, 2.289973115837178"
"5.257985049296562, 2.365449450229086"
"5.225951876229306, 2.2940872332390114"
"5.198540275441381, 2.2323496387580235"
"5.171491510979932, 2.146071145514874"
"5.138662504160774, 2.069407510540735"
"5.121560084852627, 1.9788503771091683"
"5.142692526960375, 1.9038105530864655"
"5.1591561837985775, 1.8141461109683021"
"5.175939831710842, 1.7220089289499754"
"5.198209246313684, 1.6406285887223078"
"5.204001059565519, 1.5707378895631905"
"5.221577070083843, 1.5305325097903761"
"5.238543967284585, 1.5170889546026345"
"5.261466146563427, 1.4901421674034765"
"5.279260508851888, 1.4495806005352776"
"5.296389595469519, 1.4360245406261853"
"5.293387745131279, 1.4269049004601868"
"5.3023793260886585, 1.3903594739414444"
"5.299372951660159, 1.381015706930171"
"5.302400431364804, 1.357804110534417"
"5.3115392761525655, 1.3205341635980403"
"5.285657173182041, 1.3328169431525794"
"5.25359121648736, 1.3591440857384356"
"5.221435281386606, 1.3635306583169466"
"5.183150461000612, 1.3819652500113477"
"5.150818863550489, 1.408637085667145"
"5.124553824672258, 1.638048626127059"
"5.099533908666021, 1.8331877227388063"
"5.086266237225898, 2.0356677111405332"
"5.073588156784468, 2.224095807400957"
"5.0561622916963795, 2.392081923661742"
"5.084820362395732, 2.5843335913708927"
"5.107281924903473, 2.7864333311258775"
"5.12435755341917, 2.96253583173457"
"5.145263469857471, 3.1185162460314473"
"5.165412031138493, 3.261876564168432"
"5.1041151219318905, 3.60984754385586"
"5.051349911646337, 3.894926352294128"
"5.001879960265141, 4.1370859573339835"
"4.947332228559446, 4.353980536335561"
"4.895987276576066, 4.544704679254673"
"4.867811143386612, 4.739927103952539"
"4.840401436555097, 4.923004173976265"
"4.813724723743519, 5.098238799944765"
"4.791529069474636, 5.266020759613441"
"4.766167363762619, 5.4350997466869835"
"4.7545585414383265, 5.5483291937530455"
"4.742875612720525, 5.6695203453123355"
"4.731276328381831, 5.793183361436795"
"4.723415511534728, 5.916626213184378"
"4.7120860483662, 6.040061190392359"
"4.717116870909696, 6.11252528745338"
"4.722351530500633, 6.1735851873455125"
"4.7240712921426455, 6.240660799598844"
"4.729446441409982, 6.313497634666111"
"4.742212001946989, 6.388110570448291"
"4.750880866844745, 6.347647969265213"
"4.7557990163758115, 6.31068859504688"
"4.764465358475952, 6.269508073476736"
"4.769498361857831, 6.2325722608024705"
"4.770847617197819, 6.192151531989349"
"4.765616357671557, 6.182732941760351"
"4.760443471171132, 6.173440400383741"
"4.7553279669486646, 6.1642713722385984"
"4.7464599759574915, 6.1512209604022"
"4.741479120702697, 6.142325284856955"
"4.740750895130682, 6.190684569224923"
"4.743788883310058, 6.243425536628276"
"4.750414527768762, 6.3000080618234024"
"4.753408086724487, 6.353631898338182"
"4.756385093150279, 6.407696089355436"
"4.761060218971296, 6.448131653014302"
"4.765774453590761, 6.489321747141609"
"4.766903601851263, 6.527717277614944"
"4.771683487975677, 6.570438122622857"
"4.776503912160785, 6.613974527529981"
"4.772849054574604, 6.626964945106612"
"4.772849054574603, 6.643670609753469"
"4.769192351628497, 6.656769023628448"
"4.7655337950882455, 6.669917469121222"
"4.76187337667811, 6.683116163680136"
"4.761553120709075, 6.714880568489942"
"4.7575806223211785, 6.7430871793991844"
"4.753461851431967, 6.770279659340991"
"4.753153614369119, 6.80247112397929"
"4.752846164090325, 6.834822883119463"
"4.753153614369112, 6.85472143148751"
"4.74966001781842, 6.878547151569891"
"4.749964057497597, 6.9076254941163775"
"4.746459975957497, 6.931845059007847"
"4.7429495837102404, 6.956243800356751"
"4.731815384573832, 6.988537245769926"
"4.724481559258548, 7.017207446417171"
"4.717139955537234, 7.046095725190609"
"4.713595571719947, 7.071292990816193"
"4.7100447259458305, 7.096676585141347"
"4.710427287884602, 7.0731277413893325"
"4.710811331468061, 7.049607377801495"
"4.71119686532877, 7.026115985918381"
"4.707746512837069, 7.006562307020493"
"4.704285325934888, 6.987029360545179"
"4.696132529371189, 6.952892254764283"
"4.688033839272346, 6.919230103027919"
"4.679988641001225, 6.886034558991914"
"4.671996329647976, 6.853297398892986"
"4.664056309840131, 6.821010519907809"
"4.667622175394527, 6.797559570288719"
"4.6749416176219905, 6.779153307400037"
"4.678598299630266, 6.76570098741052"
"4.682144675089624, 6.742646942250791"
"4.685795044252251, 6.729338167431116"
"4.689443419460094, 6.716079712314154"
"4.689330685545639, 6.698120266960737"
"4.692859915496522, 6.675546496765367"
"4.69649976436588, 6.662499150878332"
"4.700018367900988, 6.640179596072926"
"4.699780256775106, 6.638134129915778"
"4.699542748233949, 6.6360948393689885"
"4.6993058399910295, 6.634061696751759"
"4.699069529771395, 6.632034674545978"
"4.698833815311599, 6.630013745395016"
"4.702685100213192, 6.652128085821433"
"4.7065440602576185, 6.666099203354248"
"4.706666950608871, 6.683782620188973"
"4.703167339685099, 6.706294502584278"
"4.707036555427809, 6.7205363959999875"
"4.703409375675364, 6.716870491281071"
"4.6998992368715955, 6.731176510715208"
"4.703773581525262, 6.737071943698294"
"4.707655693820824, 6.742986850319632"
"4.70037666946656, 6.752619045403764"
"4.719481089018057, 6.7791533074000325"
"4.734765783095955, 6.791255192815159"
"4.750268876887633, 6.813318473006232"
"4.765696543446088, 6.825637869217429"
"4.7888764704001945, 6.848067219470088"
"4.796206687149463, 6.838040056793414"
"4.807378424814026, 6.833039957423335"
"4.81469525650273, 6.823066625423118"
"4.825858996649209, 6.818093353966656"
"4.833162807080117, 6.808173503206126"
"4.825254428618429, 6.797112243803687"
"4.817368967119613, 6.7861075617341085"
"4.809506257605011, 6.775159071950778"
"4.8016661363774045, 6.764266391839653"
"4.790036619017437, 6.7571387824005855"
"4.786227785948592, 6.760849309503367"
"4.782421930682741, 6.764560721040267"
"4.778619042116004, 6.768273015529038"
"4.774819109162775, 6.771986191477624"
"4.774819109162775, 6.771986191477624"
"4.774819109162775, 6.771986191477624"
"4.774819109162775, 6.771986191477624"
"4.774819109162775, 6.771986191477624"
"4.774819109162775, 6.771986191477624"
"4.774819109162775, 6.771986191477624"
"4.771683487975677, 6.78030787934067"
"4.768534234637055, 6.788683064717626"
"4.769192351628502, 6.793360167164705"
"4.769853858297795, 6.79806639706751"
"4.770518780941529, 6.802802023542084"
"4.762677628590971, 6.783018045890566"
"4.754858736227354, 6.763375606699287"
"4.7469111606599474, 6.742744987760061"
"4.735193406014995, 6.71748320562361"
"4.723667269171284, 6.702017643929001"
"4.731113291420209, 6.685124039212695"
"4.738561022644893, 6.659911509978738"
"4.742359140812898, 6.639533129344425"
"4.753616265953122, 6.627552245855183"
"4.764723179190812, 6.606307533756297"
"4.760597265171384, 6.558658891311135"
"4.756485050501763, 6.519778001632041"
"4.75238645730622, 6.481392115575677"
"4.74467245294149, 6.4399739239293865"
"4.744524723393476, 6.407718103165591"
"4.752080960840686, 6.392921336353084"
"4.759648712413917, 6.370398451904238"
"4.767228065846032, 6.347976446691883"
"4.774819109162775, 6.33333879074107"
"4.771187146129411, 6.306881778765666"
"4.764239295962762, 6.270997957783066"
"4.761074274824261, 6.246969118362339"
"4.757895450627282, 6.222982831833482"
"4.750880866844737, 6.194964638352046"
"4.755014945040871, 6.1704480594065165"
"4.751034356370918, 6.143540321549155"
"4.7432459427164755, 6.112911814138849"
"4.73547940196969, 6.082603107877399"
"4.727734575372568, 6.045425197413808"
"4.720144283498081, 6.00920277195061"
"4.72027743181344, 5.94624108566973"
"4.720410750697409, 5.891091985598863"
"4.720544240478282, 5.8298184164235956"
"4.724481559258546, 5.772896824359607"
"4.724617884209276, 5.719800260417949"
"4.735622675206511, 5.566163628574765"
"4.742801689144064, 5.40791559767032"
"4.749964057497597, 5.259762732728987"
"4.7683702319704535, 5.110717975225025"
"4.779300362626301, 4.962129324428133"
"4.839337523541836, 4.886942457634312"
"4.909021784013378, 4.808818363374131"
"4.976804403588715, 4.724428040274113"
"5.030779918858985, 4.636195595370962"
"5.094131559462522, 4.544005965095556"
"5.174563426174499, 4.44128521172118"
"5.256809735288915, 4.341022345950503"
"5.33744607284935, 4.238464424158039"
"5.429211516749066, 4.129437382609087"
"5.523910884325755, 4.013040240180025"
"5.563501318457782, 3.952690564239063"
"5.604377531194306, 3.8891732947681774"
"5.650797459773322, 3.82769214621813"
"5.69193104461402, 3.7611996980830718"
"5.731274489233183, 3.6834366618521663"
"5.75275633153967, 3.58574276634873"
"5.769560668531146, 3.476841901438142"
"5.79118491068235, 3.3554924140870703"
"5.814484155130822, 3.2362475838427542"
"5.8362816507978, 3.1137238176196114"
"5.815690875085892, 2.997826188181101"
"5.793463278618574, 2.8623803957238962"
"5.771767674221085, 2.730362801664505"
"5.755288935988286, 2.5797222305090557"
"5.738331044555942, 2.418829869539671"
"5.735072005520782, 2.447501860551739"
"5.738764237198354, 2.4788501213267082"
"5.74027711553339, 2.483256389241731"
"5.735957073657245, 2.4979358950539066"
"5.721150613681706, 2.5292557829440625"
"5.736195783030186, 2.6074530934046436"
"5.751009121908547, 2.6988233261699364"
"5.760983738228987, 2.7928275652774914"
"5.770809762271174, 2.8831465435712005"
"5.790650840319455, 2.969913591846101"
"5.813353710599287, 3.012401265582966"
"5.830382736967826, 3.048516354663512"
"5.85753727658931, 3.0840801719237234"
"5.880134703238726, 3.124669888645112"
"5.907214566262592, 3.1456266440033396"
"5.9459983519925395, 3.119100790133931"
"5.985118737489387, 3.0922511792494873"
"6.020026114181137, 3.070735726534217"
"6.05982163255349, 3.043273438958053"
"6.0953833571500144, 3.0212265563184886"
"6.139069300580804, 2.990061834155213"
"6.183061088089389, 2.958564496612169"
"6.2273630231350605, 2.9267325845424637"
"6.271979326034694, 2.894564299325644"
"6.316914134414196, 2.8620580127573447"
"6.343344121947498, 2.856085417294139"
"6.369839248782819, 2.8501080136084127"
"6.396399841753974, 2.8441258201057735"
"6.416684162874268, 2.847078900362618"
"6.443347691364309, 2.84110023348574"
"6.457307695254283, 2.8677895264878828"
"6.4712582947973, 2.8942249992994036"
"6.478812041241517, 2.9145420830208977"
"6.499131329143489, 2.9318842582966553"
"6.513053785237367, 2.9576897273954827"
"6.494488428544635, 2.937724362629986"
"6.482298049642672, 2.9088680027826257"
"6.476477464086138, 2.8855935691859784"
"6.464224777351094, 2.8560854172941603"
"6.451941610284782, 2.8262225290075307"
"6.461146822233533, 2.7467957882776304"
"6.455733259968056, 2.68699054436852"
"6.445509104069877, 2.632013295962622"
"6.448268391633486, 2.5557751123410597"
"6.437884491376939, 2.4976292119390493"
"6.436596071521336, 2.480134260076092"
"6.4436899608512475, 2.4484507935964714"
"6.455695996894639, 2.4096347697754155"
"6.4544311073011045, 2.391484970813295"
"6.471428590585116, 2.345057150002326"
"6.458584701792815, 2.344039343758652"
"6.457316934113236, 2.3253941020166877"
"6.449320468470879, 2.3174620823858874"
"6.44130499116889, 2.3094915768892363"
"6.42342495150672, 2.315282628009655"
"6.410426259818317, 2.296324921196522"
"6.385751961494383, 2.295181588439114"
"6.374427918057469, 2.271941522168163"
"6.363052284929596, 2.2484647730452423"
"6.361573777735574, 2.228937313535525"
"6.294940962520503, 2.303904337719821"
"6.2294077342974825, 2.377228139236081"
"6.152178171002977, 2.4699471969392306"
"6.0764401107279085, 2.5599907228588066"
"5.997349876104535, 2.6374614687506295"
"5.712221003346761, 3.444542841299878"
"5.464763406745579, 4.016755747809217"
"5.24280585385356, 4.439087283922895"
"5.0496289894042565, 4.7801400319994904"
"4.880386500389751, 5.075345484084288"
"4.846888975871341, 5.198778570408602"
"4.8102818426561225, 5.32371206341907"
"4.781924318409972, 5.448067140281797"
"4.750555935319093, 5.569640942623047"
"4.716106268592407, 5.688742907774381"
"4.698337141503478, 5.756152258171464"
"4.684295415826456, 5.815496260181538"
"4.6701086764899475, 5.8821894731784115"
"4.6558913020288495, 5.950183510296455"
"4.645290368407044, 6.0163468963176525"
"4.627505731247411, 6.056353786108117"
"4.609587932546757, 6.103478532626022"
"4.595268398711664, 6.148045867755686"
"4.577286408886078, 6.189984209938688"
"4.55919867808801, 6.239279940143126"
"4.551923244190716, 6.283846029044266"
"4.544647995404657, 6.328932299938026"
"4.533742149800067, 6.371117870377597"
"4.52646482016491, 6.417246773002333"
"4.519192006199139, 6.464784083196319"
"4.5302120849145275, 6.56391733064029"
"4.537662311135103, 6.67028208920395"
"4.54889764560054, 6.776849495468136"
"4.560255295440733, 6.887347963908226"
"4.567979950067115, 6.996697403287523"
"4.579260154772854, 7.012470609962584"
"4.594335880946717, 7.024428133441981"
"4.609389981063053, 7.035039984358221"
"4.624466327221604, 7.0456901207210985"
"4.635848457129986, 7.061737454026879"
"4.636169019022399, 7.104957253349835"
"4.632674607316338, 7.152801390016136"
"4.632988469971727, 7.206966718063121"
"4.629546542853744, 7.2579599784573885"
"4.637386045584945, 7.302301826585175"
"4.644735902467013, 7.267753480144348"
"4.655895986974238, 7.229527783489923"
"4.659448546722657, 7.1917221185441775"
"4.666720499196424, 7.158331363781272"
"4.666519954305735, 7.126802385243562"
"4.681402388175598, 7.07683146051294"
"4.6925423795831325, 7.023602916369772"
"4.703663936033944, 6.971087363634123"
"4.714767305408093, 6.919276401906359"
"4.7258527319175805, 6.859280575463458"
"4.725439524227283, 6.811550896809978"
"4.728705082843659, 6.768273015529029"
"4.732097484275434, 6.718191193345707"
"4.739141500646885, 6.672537557008072"
"4.742359140812906, 6.639533129344416"
"4.742212001946987, 6.6888035983613605"
"4.738271895788649, 6.733779637742336"
"4.734339796986, 6.79638934839714"
"4.726772728304013, 6.847299790303489"
"4.73041567246276, 6.8949636143237125"
"4.726772728304014, 6.88236928415541"
"4.723127869994241, 6.878591980925288"
"4.719348957266646, 6.856040798181841"
"4.719348957266646, 6.847299790303494"
"4.711926790840852, 6.838576314085978"
"4.704506169018076, 6.812510797882329"
"4.704506169018076, 6.778000514126646"
"4.700856535481586, 6.757138782400592"
"4.697087031554489, 6.72675358074972"
"4.693320288979728, 6.696605215707913"
"4.6969692791080515, 6.675063365069101"
"4.696969279108053, 6.658337148948766"
"4.693204975949878, 6.637011495577063"
"4.693204975949876, 6.620443747164662"
"4.693204975949875, 6.603942684326968"
"4.6818206228703465, 6.58097033672227"
"4.6704753303233755, 6.558199227816456"
"4.666539031417091, 6.535627010111213"
"4.655257335837948, 6.513251347258802"
"4.644013648348667, 6.491069914062137"
"4.62903139246273, 6.471717015546235"
"4.621432318929287, 6.45255428503792"
"4.606586461152309, 6.433579037949727"
"4.5954763918179165, 6.411340736374584"
"4.584415994441216, 6.389323665835599"
"4.580768689062595, 6.385104747751003"
"4.569877018127188, 6.380892994062136"
"4.566236882610866, 6.369077574663363"
"4.562567600190032, 6.364117267946119"
"4.55530351677481, 6.363345021183122"
"4.5590221641106465, 6.369855729445203"
"4.559139693305515, 6.372979615112913"
"4.566542591045432, 6.383789148646901"
"4.566713920511578, 6.395488833447574"
"4.570533312102939, 6.403006910231165"
"4.585329906906821, 6.405457068385191"
"4.603834700071605, 6.411406425426321"
"4.611379729955568, 6.413886334408629"
"4.6261953956754605, 6.414715411823064"
"4.633727201811244, 6.416377244491976"
"4.637540456791545, 6.421554802980367"
"4.641361219781693, 6.426749061103803"
"4.648851084662225, 6.435484499889651"
"4.652779120972975, 6.441575163231709"
"4.664056309840131, 6.44683170276295"
"4.6791303135773905, 6.44855895352781"
"4.694248105546201, 6.458269775861222"
"4.705739671731079, 6.464463601203631"
"4.717271637258043, 6.478732288000001"
"4.728844440572029, 6.485011073151039"
"4.748122861577141, 6.500349546200168"
"4.7713547784638255, 6.512194384633733"
"4.794726666866759, 6.532363518023274"
"4.82214118953981, 6.54078988429933"
"4.845824192604303, 6.561290695690918"
"4.817248164977958, 6.523193853316828"
"4.785032770639262, 6.4886002336748305"
"4.75330763436364, 6.446831702762955"
"4.714541371576533, 6.405250633420648"
"4.68382827834503, 6.365502966800106"
"4.687656708758599, 6.362840325231941"
"4.6916058629293325, 6.35328333806309"
"4.691832576906835, 6.339511605209544"
"4.6994242192176765, 6.333389729629918"
"4.699780256775106, 6.328017773940261"
"4.689330685545632, 6.282579003088728"
"4.678810698175816, 6.237356075301729"
"4.675671220612796, 6.19981419484933"
"4.668821237621206, 6.1589764511608305"
"4.665524978093814, 6.113681489295477"
"4.668921994105364, 6.078728622550193"
"4.672304040110464, 6.051446296728024"
"4.67934407194004, 6.020648674686626"
"4.6901228454254875, 5.986966404238028"
"4.693435748915719, 5.953721271653215"
"4.701580938055813, 5.887018574584867"
"4.7097905035564605, 5.814115063371313"
"4.714375216121019, 5.745443755668831"
"4.711454720127782, 5.677296063643975"
"4.719806127950005, 5.612775965952128"
"4.765451286307871, 5.394179711987341"
"4.811230277562501, 5.181821757879962"
"4.857156973857748, 4.971187446254014"
"4.910899437479502, 4.7570468466464"
"4.961176094097212, 4.529824641008743"
"5.041619140320353, 4.310726352949025"
"5.128649512771979, 4.054095284403129"
"5.219071390426014, 3.7496398627400147"
"5.312853017704506, 3.381842145746049"
"5.4200502024037736, 2.9169442849380687"
"5.445207911757279, 2.7276504900468836"
"5.476539559282971, 2.51119884949194"
"5.515471512194173, 2.260035064935643"
"5.555883202816609, 1.9862919961511238"
"5.60089523930283, 1.69586163291536"
"5.633042315743951, 1.6459752787390727"
"5.6603138360976555, 1.6034338598284563"
"5.680390957492543, 1.5792766387810957"
"5.701757629752178, 1.5281823371922911"
"5.715718013739735, 1.4743549495392472"
"5.696024356766676, 1.513322313631079"
"5.676624528397632, 1.5517323920410249"
"5.674019788385769, 1.581836358678565"
"5.666347325539855, 1.6191812298348225"
"5.663847784363234, 1.6688233322894206"
"5.663524700037112, 1.7479730693754476"
"5.652102673696843, 1.825802881177843"
"5.641846694678082, 1.8974509682845522"
"5.636659563627066, 1.9800321818813345"
"5.626566423201844, 2.0491499210438064"
"5.600790819204569, 1.978077846699307"
"5.590789056981709, 1.9177532203121928"
"5.558578251605944, 1.8562818310318434"
"5.532116268922723, 1.7809955710028618"
"5.505398150298279, 1.7042028626695185"
"5.491941535248005, 1.6548917849803146"
"5.473295087630572, 1.61285047462529"
"5.471772201397896, 1.5781812677525267"
"5.469331592784371, 1.5486287371358003"
"5.461696828916079, 1.5054801962946271"
"5.498845351457023, 1.5509842381579446"
"5.5308061423333506, 1.5829566170279392"
"5.561764337284533, 1.6201199482507604"
"5.592658258781677, 1.6569930238172788"
"5.618355336403583, 1.7013116634183945"
"5.607044718029741, 1.7426697599485834"
"5.6008798777867135, 1.776152599611052"
"5.589596208143796, 1.7967012025866609"
"5.5670707842031995, 1.8580901683690314"
"5.56607680180705, 1.9037296481866193"
"5.568502657541793, 2.082347375600577"
"5.57086731273675, 2.2519723035935186"
"5.5672854219840415, 2.405587095023897"
"5.57542206006697, 2.529894547699868"
"5.572806535382647, 2.664700973630339"
"5.597801118827152, 2.830041151292484"
"5.626535288030463, 2.991249378235402"
"5.659762689080342, 3.1451468295228935"
"5.686445985252177, 3.281415466963246"
"5.717584379069633, 3.4121637730371184"
"5.749560947551129, 3.3909390664264834"
"5.777584712111871, 3.3620432283196564"
"5.810532905616222, 3.327235769516374"
"5.8394909751421595, 3.296933933511305"
"5.863229652821177, 3.2605202072754125"
"5.899847878288697, 3.2090816013138586"
"5.9473274058177115, 3.170005794417804"
"5.986230794831516, 3.127600076637446"
"6.034989804907785, 3.086819787940314"
"6.084438832045366, 3.0451941751834255"
"6.169514465474775, 3.0642934018146235"
"6.237812203717773, 3.0774128905365927"
"6.304555141120961, 3.0929506267783466"
"6.372845776378936, 3.091861642519703"
"6.441166546592938, 3.10459928299219"
"6.485796647525488, 3.060853073048584"
"6.532728135180494, 3.0135897384554156"
"6.586846986249899, 2.9711815579761947"
"6.635096093319847, 2.936682471360278"
"6.683982541333745, 2.8866766109614375"
"6.716384764529577, 2.826515717790322"
"6.749313237826012, 2.7489741535753254"
"6.787647652875791, 2.678602403807595"
"6.8217031389196485, 2.596222186740256"
"6.861262853318406, 2.5214442443391576"
"6.880154200235846, 2.4936008632237048"
"6.90415085800929, 2.4758625137639143"
"6.923333838750441, 2.4475018605517747"
"6.9476552628366255, 2.4294112114828152"
"6.9671360274733125, 2.4005266513006447"
"6.925347311678665, 2.6027176895458055"
"6.878105568065228, 2.7988973174645864"
"6.83269920841982, 2.9794639626862605"
"6.789024003851076, 3.145626644003304"
"6.746983361503556, 3.2986285788669534"
"6.495428741610883, 3.672570309227904"
"6.284918753791291, 3.974449396569387"
"6.074616580579782, 4.236752506456355"
"5.883239421287844, 4.461440338849862"
"5.704866374771617, 4.661493438030153"
"5.512183743528414, 4.865130030301469"
"5.318490846953413, 5.058862145563257"
"5.1474259779047795, 5.241093900923985"
"4.981443098054925, 5.421893780529602"
"4.8233529558312425, 5.60734072367707"
"4.790548997526677, 5.750627003134885"
"4.75410616630938, 5.895237401614744"
"4.721437015563193, 6.0488457863619045"
"4.685150466840552, 6.204760692545436"
"4.648855666042531, 6.3587347826255805"
"4.627721243937676, 6.4484724684351615"
"4.610075740014415, 6.553542517805221"
"4.58496159070924, 6.645980167451741"
"4.563301815986642, 6.7462223777653385"
"4.545103989640928, 6.853698181074083"
"4.541462521479026, 6.878636611746746"
"4.5415000486119625, 6.889926435116629"
"4.545230564781986, 6.913924601206534"
"4.548968234048136, 6.938099571977425"
"4.549015442890896, 6.958623875883704"
"4.575051574241848, 6.983139903651245"
"4.597450705862178, 7.013073010150531"
"4.619912508022307, 7.043281038792825"
"4.646214209923322, 7.06985930989917"
"4.6688212376212, 7.100604126461919"
"4.684004591690923, 7.057081522721101"
"4.702923551417583, 7.008581799468977"
"4.718198167212287, 6.965707197010716"
"4.729684368346333, 6.926981105003307"
"4.748886549317722, 6.880845206078807"
"4.751496011934334, 6.831679386298619"
"4.7467605727519135, 6.784692773258573"
"4.749356754858253, 6.737481846109029"
"4.751928503908257, 6.691233991906349"
"4.75071579095221, 6.649540236450524"
"4.746661854418916, 6.610039804329209"
"4.7424760517557125, 6.578165206035434"
"4.742041742835565, 6.543139246733672"
"4.741609069155966, 6.500631601173482"
"4.744753322039208, 6.462205167712058"
"4.744607798151122, 6.430247449967318"
"4.748179088386962, 6.3951495457226155"
"4.744462456293325, 6.360384809596538"
"4.740748590669656, 6.333489705685489"
"4.733467338416812, 6.303413445092487"
"4.726054077980481, 6.295211864179382"
"4.711384329873321, 6.294494027985186"
"4.70042730912301, 6.290407094514098"
"4.689480261592951, 6.286327015063529"
"4.6784393554015535, 6.281547483061842"
"4.667325269531579, 6.276081935320915"
"4.66356609580188, 6.271336366472197"
"4.648855666042531, 6.269253227930127"
"4.634279317285819, 6.260516917936988"
"4.62337297748723, 6.248501004012658"
"4.6163075118981345, 6.257187146519799"
"4.605532849509674, 6.261202494165975"
"4.609285507768788, 6.266605424430347"
"4.612987287449239, 6.278732363788328"
"4.613112743311594, 6.294996405507163"
"4.6058231592965635, 6.286850784806978"
"4.598543246403068, 6.278732363788328"
"4.5876413366847935, 6.266605424430347"
"4.576760741311795, 6.254538895396469"
"4.565901194742365, 6.2425323051934996"
"4.558701954563925, 6.2352257524957935"
"4.551502951972834, 6.2279330508443"
"4.544304127125618, 6.220654154163293"
"4.533512765363466, 6.210084289373857"
"4.529906770259688, 6.198899828629829"
"4.508303875893121, 6.200813786716184"
"4.486603218538324, 6.196114356771201"
"4.464820463176704, 6.198030055986413"
"4.446602146782958, 6.203278711836582"
"4.417324525131989, 6.205866266671904"
"4.4136534915453165, 6.202531692051494"
"4.406369742875639, 6.195224033757308"
"4.399014344188133, 6.181279746042785"
"4.3880392972467215, 6.170687834230106"
"4.3879617491050835, 6.164050167977324"
"4.380662449543266, 6.1568040536856365"
"4.384272306265259, 6.153490409164581"
"4.384272306265252, 6.153490409164581"
"4.384272306265252, 6.153490409164581"
"4.373361816856341, 6.149571601193539"
"4.340005962169861, 6.163197374461651"
"4.302811799367929, 6.180293656701636"
"4.265376382520695, 6.197553235854193"
"4.231308316532719, 6.2115978052902445"
"4.2008125946531045, 6.229172943375191"
"4.156947971337963, 6.271850863635682"
"4.112250895949138, 6.315704792291724"
"4.066681312302895, 6.360784599171454"
"4.020196405184196, 6.407142406271163"
"3.9727503978497287, 6.4548326948348205"
"4.021979300650473, 6.457666179692161"
"4.070613880037445, 6.460479409631543"
"4.118684398976437, 6.4632726007394865"
"4.1662196890583045, 6.466045966038122"
"4.213247196465448, 6.468799715539491"
"4.27935123084966, 6.439416247294904"
"4.3443871781153796, 6.410639453012453"
"4.412157581084449, 6.385940207141204"
"4.475221117514897, 6.3582835349332925"
"4.537420657305105, 6.331181281174974"
"4.559555704287956, 6.247456360040006"
"4.581945201082335, 6.164589416921428"
"4.6008585381240605, 6.078663828309969"
"4.627438692381524, 5.993711383022646"
"4.650525134848304, 5.912951370532321"
"4.646300312626312, 5.872461871325336"
"4.634660945222555, 5.839463914031654"
"4.62692348404807, 5.804124330671513"
"4.619158099322594, 5.768934245151847"
"4.611505729024657, 5.734558146508107"
"4.622893329919934, 5.706283253062596"
"4.638020583255025, 5.668098876337779"
"4.653228989180124, 5.636533442146879"
"4.6610547796950526, 5.605020225617565"
"4.676407387769952, 5.57355137201422"
"4.706487393975727, 5.465225342141143"
"4.7404585245727775, 5.361833074945903"
"4.770685548456061, 5.256532370289664"
"4.808523509012525, 5.1520099383322915"
"4.838913890317837, 5.047683616664953"
"4.913264722579907, 4.893871910543462"
"4.99030673793839, 4.7322070497629944"
"5.070246297356299, 4.55947807579234"
"5.153757932643277, 4.370989078839234"
"5.240263827064535, 4.162981642458888"
"5.231132793710787, 4.072580417504042"
"5.226369219682775, 3.980803007233984"
"5.216898747192297, 3.8793040548520565"
"5.207229194177568, 3.781279347390228"
"5.197354133646057, 3.666566883892692"
"5.175110884171488, 3.5895718430801082"
"5.147548289964429, 3.5033625809351676"
"5.1241446322486395, 3.41707265317007"
"5.095288494264648, 3.320436165584997"
"5.07062878218701, 3.223276493664624"
"5.037401552656296, 3.159294121300647"
"5.013601887061171, 3.104317855812482"
"4.9798660554418985, 3.0474030334826665"
"4.945598932956276, 2.9737780361656547"
"4.915457761443177, 2.9062493506777756"
"4.898665900415024, 2.851661367401725"
"4.871574478552562, 2.7828885259047382"
"4.854028615403372, 2.7120496548292863"
"4.831487657644933, 2.662199357524287"
"4.803841515675197, 2.6009111036406836"
"4.808683252301315, 2.611102458278964"
"4.808683252301315, 2.611102458278964"
"4.808683252301315, 2.611102458278964"
"4.813521861902157, 2.6044593098113324"
"4.818357362820939, 2.5978116139716008"
"4.842769852918404, 2.5947177903477723"
"4.867147903887477, 2.5916296209345333"
"4.89629358182158, 2.5987209678227217"
"4.9253859459595075, 2.605776970376141"
"4.954428187086917, 2.6127978487282135"
"4.9962250874299485, 2.5783409461172724"
"5.048095850017015, 2.5469597316084247"
"5.095697600274521, 2.5046627485761093"
"5.143838030021458, 2.461647767167541"
"5.197384467094222, 2.428698856520576"
"5.234406571345522, 2.414008362948344"
"5.271645315007429, 2.399236266582406"
"5.303541809986474, 2.3952985604127406"
"5.3363181013208685, 2.3873935361396406"
"5.3636708523836205, 2.3544279353714117"
"5.393697566776248, 2.3624510787480304"
"5.4188436850194925, 2.3774100714528714"
"5.444818343329989, 2.370434290084468"
"5.469986446342575, 2.3674414003284383"
"5.496032149759923, 2.378377798215631"
"5.529714871455359, 2.3344361455177207"
"5.558749255931053, 2.278776233897041"
"5.592902035385322, 2.2336659013584708"
"5.627302567638625, 2.18804235188594"
"5.657029879010498, 2.1491276684623415"
"5.683115470768851, 2.112621907197827"
"5.709461465150664, 2.0756531680748935"
"5.741060429650499, 2.0501574953321153"
"5.767962734575048, 2.0123822293561417"
"5.805197498833241, 1.9788503771091968"
"5.8051974988332375, 1.9788503771091683"
"5.821496278323548, 1.9909802321813572"
"5.8265231050393655, 2.0030798067322593"
"5.8365724735256235, 2.027187442033828"
"5.847865027686709, 2.027187442033842"
"5.844085922236813, 2.0105013524809223"
"5.822722102591247, 2.0058426248206587"
"5.813873825903671, 1.9768819323883733"
"5.805003567894528, 1.9477077840958188"
"5.7836096171531235, 1.9429339487425494"
"5.742020414076313, 1.9086590516971995"
"5.7116582366411235, 1.8740593052985375"
"5.676164936757719, 1.846739858018914"
"5.640593413438092, 1.8191674409348622"
"5.610039558375325, 1.783673124908013"
"5.580429358130521, 1.7837741481563256"
"5.539475101827861, 1.7632925913662518"
"5.49747710337032, 1.7478080749617604"
"5.465726949784681, 1.7374261033927354"
"5.4305445553792335, 1.7243252349724543"
"5.379914573034599, 1.737360005138818"
"5.329581892650601, 1.7503679721658898"
"5.2795346439625375, 1.7633488076460324"
"5.219465995071596, 1.771135471190263"
"5.159053795373105, 1.7840816221031304"
"5.094687042676453, 1.878462958377888"
"5.032074910641331, 1.985589990385904"
"4.964689582584911, 2.0674071335193034"
"4.898644426784441, 2.1469793955809067"
"4.838857709186614, 2.2170830685121743"
"4.780731039958464, 2.513849536253396"
"4.730304465775536, 2.773364713609247"
"4.687322723410818, 3.02312125655952"
"4.650879809733314, 3.2404181672120664"
"4.616075160450325, 3.4347319311009095"
"4.620412078185462, 3.87533198089627"
"4.624401907590561, 4.223682241087044"
"4.62808472103688, 4.5094843213745985"
"4.627673282787251, 4.756741857491697"
"4.623602841740957, 4.979252709239727"
"4.615097925627881, 5.133019869032264"
"4.606764373524093, 5.28414796587344"
"4.5985969705083445, 5.43441116576591"
"4.590590714068315, 5.58522121979177"
"4.586260376502487, 5.734371971632743"
"4.583000141385119, 5.790601436734698"
"4.583261385794949, 5.851148862209402"
"4.587082841209534, 5.909526699209903"
"4.587361055296774, 5.9728147417883735"
"4.5876413366848015, 6.037628488539558"
"4.59521656214099, 6.062249851549369"
"4.599246897100567, 6.08397639975537"
"4.596000944995971, 6.113208188478474"
"4.596425353804809, 6.132349450462209"
"4.59680024199283, 6.158496725104183"
"4.593031366946138, 6.175930349977129"
"4.589269783270746, 6.193410248975427"
"4.592928787686143, 6.2115978052902445"
"4.596532126354736, 6.229184745089112"
"4.600184491428226, 6.240032954842395"
"4.629846738416343, 6.332983654739563"
"4.659635716325121, 6.428579130216122"
"4.685795044252251, 6.52242771913083"
"4.712054176555279, 6.627118629279492"
"4.7422120019469896, 6.731189979246267"
"4.7648848869217595, 6.7676993141712565"
"4.7876340693663275, 6.80461905061415"
"4.806809198677608, 6.838175015210758"
"4.829716124486472, 6.87590528960695"
"4.852705225093172, 6.923018587758822"
"4.845606241521877, 6.943618685310314"
"4.838491354632609, 6.964367479070395"
"4.838702485550243, 6.993034773350766"
"4.831567205699971, 7.014117257132782"
"4.82421346511411, 7.033943200738809"
"4.83239686484949, 7.0474499481078965"
"4.840615051478281, 7.061049046466468"
"4.845171194020115, 7.070782843139184"
"4.853453883045048, 7.084554196577134"
"4.858061355743297, 7.09443262465677"
"4.842550193698179, 7.064698876680172"
"4.826864478073731, 7.043096096040634"
"4.815134040048598, 7.017714507611226"
"4.799537973832132, 6.996440115536356"
"4.783992088017438, 6.975319657836183"
"4.767665968170997, 6.947691299684589"
"4.755484780823736, 6.917934792818404"
"4.739578816666783, 6.883515881973775"
"4.723802550190783, 6.849624739885154"
"4.715702535721582, 6.8174379587389975"
"4.712054176555279, 6.81369494134058"
"4.7046288116933415, 6.8050334363711755"
"4.697204934077399, 6.805033436371167"
"4.693551356038981, 6.801296065597445"
"4.678598299630266, 6.8001228216073955"
"4.682144675089632, 6.8026827175626625"
"4.685684598765127, 6.80523926412619"
"4.689218094826877, 6.807792467255795"
"4.68910564703096, 6.806617424638738"
"4.69638275801732, 6.805444189775887"
"4.692859915496522, 6.8115203820278705"
"4.689330685545639, 6.80896932174865"
"4.685795044252251, 6.815065445206628"
"4.689669317971124, 6.8211818458855875"
"4.682469966648682, 6.823567784385469"
"4.682361397985667, 6.81369494134058"
"4.682252967553985, 6.812510797882329"
"4.674734353009053, 6.802682717562664"
"4.670878095119425, 6.796613934647474"
"4.670676457119581, 6.794283673057253"
"4.670676457119579, 6.7856912229889215"
"4.670676457119581, 6.777116003997703"
"4.681712879648496, 6.763717510543975"
"4.685354103157526, 6.750369558045826"
"4.689105647030963, 6.738183531390133"
"4.692745187294138, 6.724923835216552"
"4.69638275801732, 6.7117141463012135"
"4.696382758017317, 6.70329546052251"
"4.69638275801732, 6.69489367922423"
"4.70001836790098, 6.681791887003852"
"4.71116587222465, 6.686508770683828"
"4.718559689698969, 6.686508770683824"
"4.725955093300039, 6.686508770683824"
"4.733352142147888, 6.686508770683824"
"4.744524723393476, 6.691233991906349"
"4.7517762406818775, 6.681791887003852"
"4.766579962787597, 6.681791887003852"
"4.7739847415251235, 6.681791887003852"
"4.781220574806198, 6.680731603099172"
"4.788449242640012, 6.6713317765229885"
"4.788800422168137, 6.673435935244472"
"4.788976347239678, 6.67449041384805"
"4.796573007131808, 6.675546496765367"
"4.8005594370557185, 6.68132251259828"
"4.804554103525188, 6.687117578905401"
"4.81982759979208, 6.697684390034734"
"4.831723642588109, 6.697246615479436"
"4.839827514569695, 6.700500141373327"
"4.8593409043714235, 6.7000665554076475"
"4.867542263159073, 6.703341271052254"
"4.915911025325854, 6.725210547821177"
"4.965168287279057, 6.756287128457913"
"5.015353563649519, 6.7880877089684954"
"5.062760759679762, 6.816740917138111"
"5.114900865397967, 6.850013451571219"
"5.046679697782867, 6.824533432836016"
"4.983657423673215, 6.80348341224699"
"4.925946710537108, 6.779097441111162"
"4.869154222107053, 6.762775165544236"
"4.813724723743506, 6.7393700167240915"
"4.798394761048539, 6.720082474161185"
"4.779300362626301, 6.696165429089746"
"4.767716315507176, 6.680851103390808"
"4.74511677109654, 6.6536462042779085"
"4.729860770017902, 6.633944286034208"
"4.743788883310051, 6.586881825690522"
"4.757618171324145, 6.540706616729597"
"4.7604340066276984, 6.483988662244249"
"4.774273850660758, 6.43274431592994"
"4.7807434802810675, 6.382470375081523"
"4.766644624757103, 6.354323240239681"
"4.748771092290614, 6.329680878906375"
"4.730852325925372, 6.312653327263755"
"4.709164803219749, 6.299046768115437"
"4.694760120294675, 6.2779521924215445"
"4.691041571813516, 6.2440324484669"
"4.691041571813518, 6.207078206330129"
"4.698247120860317, 6.1698528326447555"
"4.701847012382634, 6.129725356911321"
"4.701847012382634, 6.093883899823796"
"4.709288690629344, 6.023697371707427"
"4.716741240990459, 5.954675933471412"
"4.716870067058177, 5.886765599347058"
"4.727940636292592, 5.816395279273224"
"4.735420736499239, 5.750602581728827"
"4.742621186387857, 5.653007282962846"
"4.749814279170336, 5.557559476503387"
"4.7607467182269545, 5.460943519147037"
"4.764337325089683, 5.372000114510989"
"4.771513165958495, 5.281141382046779"
"4.785704127622888, 5.132653024483467"
"4.800240029334181, 4.98107132465981"
"4.815134040048585, 4.824253159761151"
"4.830400023808473, 4.659548497067698"
"4.854094048645683, 4.483157596924409"
"4.900256755730012, 4.3946304867089605"
"4.9482617775801305, 4.299895297868387"
"4.993898882778324, 4.1943285486201525"
"5.045863311583464, 4.083957853463264"
"5.090933497676828, 3.9651572694367587"
"5.112374764443803, 3.9164577598485906"
"5.134137940757054, 3.866143372428702"
"5.156720975496725, 3.822828532365751"
"5.174922472153729, 3.7736640363129084"
"5.19341371996138, 3.722823460301271"
"5.211113335172431, 3.651587759323167"
"5.2290435883459105, 3.5775459137142533"
"5.2422762837970645, 3.4956105368799264"
"5.260639192279856, 3.4153501841277283"
"5.274231685452273, 3.3265845269030407"
"5.271932528189582, 3.198251082978256"
"5.274103253854202, 3.068549655385503"
"5.281594396128415, 2.9204378627895764"
"5.283988355823636, 2.754560382256983"
"5.291891647351608, 2.5823989199174946"
"5.3262225502438225, 2.494149760567339"
"5.356539221898313, 2.391350993195836"
"5.392558267000876, 2.2953218611434423"
"5.429502423696673, 2.195409119655409"
"5.467411329104026, 2.091523419891267"
"5.505378409210062, 2.0645573506831028"
"5.543465063318765, 2.0375087262608105"
"5.581674986732908, 2.0103802630379306"
"5.620011743125993, 1.9831747738202097"
"5.663524700037119, 1.9681685830756663"
"5.705473198286172, 1.94632243041562"
"5.7478124928654015, 1.944253818018332"
"5.790551081708594, 1.922190257100219"
"5.833697483204169, 1.899968158970374"
"5.86185351809957, 1.8397345465188977"
"5.848994098586701, 1.7914708673287052"
"5.841238500683616, 1.7349356396635187"
"5.828269898757328, 1.6855756381449112"
"5.810044906079639, 1.6435082992409775"
"5.8073519054487415, 1.640628588722329"
"5.786514799189872, 1.6299000220510322"
"5.760432999114574, 1.6058647495169112"
"5.733127939498317, 1.6083019508936331"
"5.712221003346765, 1.5762164665048104"
"5.691287582310912, 1.5439555060317787"
"5.652378396923753, 1.5249866834617976"
"5.614597465101569, 1.5003623503258794"
"5.588345070933618, 1.4756005601792666"
"5.555771589353823, 1.4427649563033071"
"5.517924198298164, 1.4177242032752133"
"5.5040264406778325, 1.4084820264766122"
"5.477575606629522, 1.3832055055589052"
"5.4510744549795405, 1.3578041105344028"
"5.429836431413312, 1.3679733167442265"
"5.408564675578902, 1.3562988637538496"
"5.390028950592908, 1.354133191643001"
"5.383026452497811, 1.3737938426893663"
"5.3707494457872365, 1.3796032090042303"
"5.358510115704347, 1.38540139722204"
"5.346308157309133, 1.391188389646011"
"5.064869125397825, 1.4676743852638836"
"4.789515664084224, 1.5290202733140106"
"4.522463597296739, 1.5889798689233103"
"4.260808563256044, 1.6734288904606984"
"3.990607338157808, 1.750497085357253"
"3.5476600780153547, 1.8042428070492207"
"3.0541521008261867, 1.8770629591872705"
"2.4951643210512096, 1.9511419560940197"
"1.8592750763464814, 2.0086665981372605"
"1.1627411333636744, 2.064371919340701"
"1.0181186607630082, 2.0949896271755577"
"0.8812078852904364, 2.1332495388405235"
"0.7525645339334588, 2.1585695503444455"
"0.6310318476578018, 2.1680499032509886"
"0.509201601562502, 2.193124157734765"
"0.5345911083300763, 2.2258362558696874"
"0.565909341294109, 2.245997738569507"
"0.5816797547098176, 2.28610688673092"
"0.5975204914779013, 2.325925971608811"
"0.623531306508788, 2.3577913344391064"
"0.648025578269376, 2.425110751483089"
"0.6725647972116136, 2.4912747001323083"
"0.7013593162231118, 2.560273684852568"
"0.7259469140169088, 2.6239834998718052"
"0.7505490904768521, 2.6865278431614428"
"0.7765623660200518, 2.7006723390942113"
"0.8028470621816055, 2.714860356542289"
"0.8459763865316887, 2.7290917525168794"
"0.8728918232818259, 2.743366380771903"
"0.9000586419753134, 2.757684091831848"
"0.9084748009825034, 2.7684742077968636"
"0.9063852028780488, 2.768379433031477"
"0.9042860185939645, 2.768284204219654"
"0.9021771858742156, 2.768188518090817"
"0.9000586419753134, 2.768092371342938"
"0.9672490490127146, 2.688351060062743"
"1.054964395271348, 2.623708466076323"
"1.134999637923265, 2.5432484398768977"
"1.2295963179025193, 2.4709601746989165"
"1.327691274887016, 2.3946788821992016"
"1.4634607568125944, 2.5181314798853194"
"1.6314408290687972, 2.636186592664579"
"1.8697108531820348, 2.801483091891356"
"2.224231813187508, 3.080879656910419"
